name	taxID	taxRank	genomeSize	numReads	numUniqueReads	abundance
Azorhizobium caulinodans	7	species	5369772	1	1	0.0
Buchnera aphidicola	9	species	619958	148	117	0.0
Cellulomonas gilvus	11	species	3526441	1	1	0.0
Dictyoglomus thermophilum	14	species	1959987	110	78	0.0
Pelobacter carbinolicus	19	species	3665893	2	0	0.0
Shewanella	22	genus	0	2839	0	0.0
Shewanella putrefaciens	24	species	4749735	2128	548	3.55616e-132
Myxococcus fulvus	33	species	10026214	2	2	0.0
Myxococcus xanthus	34	species	9139763	2	0	0.0
Stigmatella aurantiaca	41	species	10260756	3	2	0.0
Archangium gephyra	48	species	12489432	31	17	0.0
Chondromyces crocatus	52	species	11388132	2	2	0.0
Sorangium cellulosum	56	species	13907952	7	3	0.0
Hyphomicrobium	81	genus	0	1	0	0.0
Cyclobacterium marinum	104	species	6221273	10	6	0.0
Planctomyces	118	genus	0	1	0	0.0
Rubinisphaera brasiliensis	119	species	6006602	6	3	0.0
Planctopirus limnophila	120	species	5460085	1	1	0.0
Pirellula	123	genus	0	1	0	0.0
Pirellula staleyi	125	species	6196199	1	0	0.0
Isosphaera pallida	128	species	5529304	4	1	0.0
Borreliella burgdorferi	139	species	1329613	49	32	0.0
Borrelia hermsii	140	species	1156143	24	19	0.0
Borrelia parkeri	141	species	1030684	18	11	0.0
Borrelia turicatae	142	species	917330	26	3	0.0
Spirochaeta thermophila	154	species	2516433	3	0	0.0
Treponema	157	genus	0	3	0	0.0
Treponema denticola	158	species	2843201	49	41	0.0
Brachyspira hyodysenteriae	159	species	3055339	190	135	0.0
Treponema succinifaciens	167	species	2897425	25	20	0.0
Leptospira	171	genus	0	1	0	0.0
Leptospira biflexa	172	species	3953768	13	10	0.0
Leptospira interrogans	173	species	5395453	41	33	0.0
Leptospira borgpetersenii	174	species	3948532	24	19	0.0
Leptospirillum ferrooxidans	180	species	2559538	9	7	0.0
Azospirillum	191	genus	0	1	0	0.0
Azospirillum brasilense	192	species	13978806	2	1	0.0
Azospirillum lipoferum	193	species	7223069	9	2	0.0
Campylobacter	194	genus	0	114	0	0.0
Campylobacter coli	195	species	5104439	638	80	1.02942e-13
Campylobacter fetus	196	species	1876301	50	36	0.0
Campylobacter jejuni	197	species	6156435	1199	80	8.6788e-07
Campylobacter hyointestinalis	198	species	1753331	37	23	0.0
Campylobacter concisus	199	species	1969727	44	30	0.0
Campylobacter curvus	200	species	1971270	1	0	0.0
Campylobacter lari	201	species	1576113	187	113	0.0
Helicobacter	209	genus	0	1	0	0.0
Helicobacter pylori	210	species	2044699	123	121	0.0
Helicobacter acinonychis	212	species	1557588	4	4	0.0
Helicobacter cinaedi	213	species	2170766	30	27	0.0
Helicobacter mustelae	217	species	1578097	11	1	0.0
Achromobacter	222	genus	0	1	0	0.0
Alteromonas	226	genus	0	3	0	0.0
Pseudoalteromonas haloplanktis	228	species	3850272	14	1	0.0
Francisella	262	genus	0	6	0	0.0
Francisella tularensis	263	species	2777166	242	155	0.0
Paracoccus denitrificans	266	species	5236194	9	8	0.0
Meiothermus ruber	277	species	3097457	1	1	0.0
Xanthobacter autotrophicus	280	species	5625098	2	2	0.0
Comamonas testosteroni	285	species	5695231	12	9	1.85438e-110
Pseudomonas	286	genus	0	6416	2	0.0
Pseudomonas aeruginosa	287	species	22457305	2867	701	5.59891e-05
Pseudoalteromonas atlantica	288	species	5187005	4	2	0.0
Burkholderia cepacia	292	species	13365495	3	1	0.0
Pseudomonas fluorescens	294	species	14826544	266	60	0.0
Pseudomonas fragi	296	species	5101809	3	2	0.0
Pseudomonas mendocina	300	species	5293211	9	4	0.0
Pseudomonas putida	303	species	6888188	294	92	2.46455e-06
Ralstonia solanacearum	305	species	11186335	30	9	0.0
Pseudomonas stutzeri	316	species	7755802	527	58	2.71024e-05
Pseudomonas syringae	317	species	6129101	15	5	0.0
Ralstonia pickettii	329	species	6378979	66	2	3.77125e-88
Pseudomonas pseudoalcaligenes	330	species	4691662	581	138	4.52369e-05
Burkholderia glumae	337	species	7333967	4	1	0.0
Xanthomonas	338	genus	0	2	2	0.0
Xanthomonas campestris	339	species	7063896	3	1	0.0
Xanthomonas translucens	343	species	4638247	9	9	0.0
Xanthomonas citri	346	species	17318955	15	11	0.0
Xanthomonas oryzae	347	species	17545599	34	31	0.0
Azotobacter chroococcum	353	species	5192286	3	2	0.0
Azotobacter vinelandii	354	species	5351632	4	2	0.0
Rhizobiales	356	order	0	5	0	0.0
Agrobacterium tumefaciens	358	species	9211775	1	0	0.0
Agrobacterium vitis	373	species	6320946	6	4	0.0
Bradyrhizobium	374	genus	0	1	0	0.0
Bradyrhizobium japonicum	375	species	9215796	5	5	0.0
Bradyrhizobium sp.	376	species	7547693	1	0	0.0
Rhizobium	379	genus	0	6	6	0.0
Mesorhizobium loti	381	species	7539018	3	1	0.0
Rhizobium leguminosarum	384	species	7369497	7	6	0.0
Rhizobium phaseoli	396	species	87841097	2	0	0.0
Neorhizobium galegae	399	species	6434105	1	1	0.0
Methylobacillus	404	genus	0	15	0	0.0
Methylobacillus flagellatus	405	species	2971517	28	7	0.0
Methylobacterium	407	genus	0	1	0	0.0
Methylobacterium extorquens	408	species	6163878	11	2	0.0
Methylococcus capsulatus	414	species	3304561	2	1	0.0
Methylomonas	416	genus	0	1	0	0.0
Methylomonas methanica	421	species	5051681	4	2	0.0
Acetobacter pasteurianus	438	species	3216979	5	4	0.0
Gluconobacter oxydans	442	species	3306867	1	0	0.0
Legionella pneumophila	446	species	15688009	85	69	0.0
Legionella hackeliae	449	species	3570857	43	40	0.0
Legionella longbeachae	450	species	4149158	36	24	0.0
Tatlockia micdadei	451	species	3310028	6	5	0.0
Moraxellaceae	468	family	0	22	0	0.0
Acinetobacter	469	genus	0	178	1	0.0
Acinetobacter baumannii	470	species	11595472	209	94	4.01273e-07
Moraxella catarrhalis	480	species	2846413	2	2	0.0
Neisseria	482	genus	0	4	0	0.0
Neisseria gonorrhoeae	485	species	4967431	1	0	0.0
Neisseria lactamica	486	species	2220606	4	3	0.0
Neisseria meningitidis	487	species	8508873	22	17	0.0
Neisseria elongata	495	species	2256647	2	1	0.0
Psychrobacter	497	genus	0	10	0	0.0
Kingella kingae	504	species	2140065	5	2	0.0
Alcaligenaceae	506	family	0	4	0	0.0
Alcaligenes faecalis	511	species	4248684	16	12	0.0
Bordetella	517	genus	0	1	0	0.0
Bordetella bronchiseptica	518	species	6491145	9	1	0.0
Bordetella parapertussis	519	species	4815611	8	0	0.0
Acidiphilium cryptum	524	species	3963080	4	0	0.0
Ochrobactrum anthropi	529	species	5053471	2	0	0.0
Beijerinckia indica	533	species	4418616	84	82	0.0
Chromobacterium violaceum	536	species	4751080	2	2	0.0
Zymomonas	541	genus	0	1018	0	0.0
Zymomonas mobilis	542	species	2426073	855	5	5.75523e-109
Enterobacteriaceae	543	family	0	36346	3955	0.0
Citrobacter	544	genus	0	1238	0	0.0
Citrobacter koseri	545	species	4735357	4768	4123	3.20698e-05
Citrobacter freundii	546	species	16193243	142681	91262	0.00461822
Enterobacter	547	genus	0	82689	28568	0.0
[Enterobacter] aerogenes	548	species	10750562	5994	3789	1.80635e-05
Pantoea agglomerans	549	species	9924054	714	519	0.0
Enterobacter cloacae	550	species	10083180	407148	123627	0.0157531
Erwinia	551	genus	0	28	0	0.0
Erwinia amylovora	552	species	3869718	50	13	0
Pantoea ananatis	553	species	4842757	591	428	6.44452e-90
Pectobacterium carotovorum	554	species	4852842	315	65	0.0
Escherichia	561	genus	0	182	0	0.0
Escherichia coli	562	species	12319210	70088	29971	0.000577421
Shimwellia blattae	563	species	4158725	1051	687	1.62558e-97
Escherichia fergusonii	564	species	4643861	1404	20	3.64155e-86
Hafnia	568	genus	0	13	0	0.0
Hafnia alvei	569	species	6928293	1300	771	9.2025e-219
Klebsiella	570	genus	0	29052	19	0.0
Klebsiella oxytoca	571	species	16779606	55278	14166	0.00107739
Klebsiella pneumoniae	573	species	15713353	227955	107281	0.0137064
Morganella	581	genus	0	2	0	0.0
Morganella morganii	582	species	3853791	46	20	0
Proteus	583	genus	0	18	0	0.0
Proteus mirabilis	584	species	5337360	2191	149	9.54233e-159
Proteus vulgaris	585	species	3794983	22	1	0.0
Providencia	586	genus	0	1	0	0.0
Providencia stuartii	588	species	6521015	69	36	0.0
Salmonella	590	genus	0	30	0	0.0
Serratia	613	genus	0	13276	1	0.0
Serratia liquefaciens	614	species	7946985	234	137	1.96139e-198
Serratia marcescens	615	species	8465231	15050	11042	0.000155393
Shigella	620	genus	0	320	0	0.0
Shigella boydii	621	species	4698475	1737	606	3.00978e-05
Shigella dysenteriae	622	species	4560911	1397	185	4.86688e-05
Shigella flexneri	623	species	4763519	561	47	6.40613e-25
Shigella sonnei	624	species	6798914	976	53	7.02296e-07
Xenorhabdus	626	genus	0	4	0	0.0
Xenorhabdus nematophila	628	species	4586662	69	60	0.0
Yersinia	629	genus	0	8717	0	0.0
Yersinia enterocolitica	630	species	14308813	9651	807	4.49586e-05
Yersinia intermedia	631	species	4859749	129	14	0.0
Yersinia pestis	632	species	7124135	121	47	5.29083e-182
Yersinia pseudotuberculosis	633	species	9565781	46	24	0.0
Edwardsiella	635	genus	0	1012	1	0.0
Edwardsiella tarda	636	species	3717889	506	246	2.68616e-227
Vibrionaceae	641	family	0	3	0	0.0
Aeromonas	642	genus	0	12	0	0.0
Aeromonas hydrophila	644	species	7739252	366	269	6.12724e-07
Aeromonas salmonicida	645	species	5040536	9	5	0.0
Aeromonas media	651	species	4788430	25	9	0.0
Aeromonas schubertii	652	species	4400034	42	24	0.0
Aeromonas veronii	654	species	7214925	62	11	0
Vibrio	662	genus	0	16	1	0.0
Vibrio alginolyticus	663	species	8138835	20	5	0.0
Vibrio cholerae	666	species	6170861	43	11	0.0
Aliivibrio fischeri	668	species	4273718	51	32	0.0
Vibrio harveyi	669	species	11920371	7	4	0.0
Vibrio parahaemolyticus	670	species	10344823	50	40	0.0
Vibrio vulnificus	672	species	10215744	59	4	0.0
Grimontia hollisae	673	species	3998273	12	2	0.0
Vibrio mimicus	674	species	8922704	121	34	0.0
Vibrio fluvialis	676	species	4827724	90	82	0.0
Vibrio campbellii	680	species	12090206	660	648	6.92736e-06
Vibrio natriegens	691	species	10692018	46	25	0.0
Plesiomonas	702	genus	0	3	0	0.0
Plesiomonas shigelloides	703	species	3405979	34	12	0
Actinobacillus	713	genus	0	3	0	0.0
Aggregatibacter actinomycetemcomitans	714	species	4378647	31	28	0.0
Actinobacillus pleuropneumoniae	715	species	2299903	21	19	0.0
Actinobacillus suis	716	species	2501598	4	2	0.0
Actinobacillus equuli	718	species	2431533	2	0	0.0
Haemophilus	724	genus	0	1	0	0.0
Haemophilus influenzae	727	species	2672708	231	41	0.0
Haemophilus parainfluenzae	729	species	2086875	5	4	0.0
[Haemophilus] ducreyi	730	species	10121291	25	14	1.23642e-22
Histophilus somni	731	species	2138367	41	35	0.0
Aggregatibacter aphrophilus	732	species	3520359	3	0	0.0
[Haemophilus] parasuis	738	species	4546750	41	32	0.0
Pasteurella multocida	747	species	2546987	45	44	0.0
Gallibacterium anatis	750	species	2694139	4	3	0.0
Anaplasma	768	genus	0	1	0	0.0
Anaplasma centrale	769	species	1206806	13	7	0.0
Anaplasma marginale	770	species	1200061	12	3	0.0
Bartonella	773	genus	0	3	2	0.0
Bartonella bacilliformis	774	species	1444212	15	11	0.0
Coxiella burnetii	777	species	2076694	13	9	0.0
Ehrlichia ruminantium	779	species	2264626	40	26	0.0
Rickettsia	780	genus	0	19	16	0.0
Rickettsia conorii	781	species	1268755	6	6	0.0
Rickettsia prowazekii	782	species	1111249	10	8	0.0
Rickettsia rickettsii	783	species	1265141	2	2	0.0
Orientia tsutsugamushi	784	species	2068019	35	32	0.0
Rickettsia typhi	785	species	1112275	3	2	0.0
Rickettsia akari	786	species	1231060	5	1	0.0
Rickettsia australis	787	species	1323280	8	2	0.0
Rickettsia canadensis	788	species	1155000	1	1	0.0
Bartonella quintana	803	species	1584515	5	0	0.0
Bacteroides fragilis	817	species	7824806	13	12	0.0
Bacteroides thetaiotaomicron	818	species	6390542	7	7	0.0
Bacteroides vulgatus	821	species	5163189	27	25	0.0
Parabacteroides distasonis	823	species	4811379	1	1	0.0
Campylobacter gracilis	824	species	2281652	2	0	0.0
Sebaldella termitidis	826	species	4486650	214	198	0.0
Campylobacter ureolyticus	827	species	1641887	82	70	2.92152e-06
Fibrobacter succinogenes	833	species	7685639	2	0	0.0
Porphyromonas gingivalis	837	species	2343668	7	6	0.0
Prevotella ruminicola	839	species	3619559	7	6	0.0
Fusobacterium	848	genus	0	5	0	0.0
Fusobacterium nucleatum	851	species	2948417	1595	1225	0.0
Syntrophomonas wolfei	863	species	2936195	31	23	0.0
Dichelobacter nodosus	870	species	1389350	3	2	0.0
Desulfovibrio	872	genus	0	5	0	0.0
Desulfovibrio africanus	873	species	4200534	1	1	0.0
Desulfovibrio desulfuricans	876	species	3366008	5	5	0.0
Desulfovibrio salexigens	880	species	4289847	20	17	0.0
Desulfovibrio vulgaris	881	species	3802302	2	1	0.0
Desulfococcus multivorans	897	species	4455399	1	0	0.0
Desulfomicrobium baculatum	899	species	3942657	5	4	0.0
Acidaminococcus fermentans	905	species	2329769	4	1	0.0
Megasphaera elsdenii	907	species	2504349	486	2	3.91272e-19
Nitrobacter hamburgensis	912	species	5011522	17	15	0.0
Nitrosomonas	914	genus	0	13	0	0.0
Nitrosomonas europaea	915	species	2812094	21	3	0.0
Nitrosomonas eutropha	916	species	2781824	23	4	0.0
Acidithiobacillus ferrooxidans	920	species	2933717	8	3	0.0
Thiomonas intermedia	926	species	3462095	4	3	0.0
Halothiobacillus neapolitanus	927	species	2582886	6	3	0.0
Hydrogenobacter thermophilus	940	species	3486067	1	0	0.0
Anaplasmataceae	942	family	0	1	0	0.0
Ehrlichia	943	genus	0	7	0	0.0
Ehrlichia canis	944	species	1315030	2	1	0.0
Ehrlichia chaffeensis	945	species	1174554	3	3	0.0
Anaplasma phagocytophilum	948	species	1493914	6	0	0.0
Neorickettsia sennetsu	951	species	859006	1	0	0.0
Wolbachia	953	genus	0	2	0	0.0
Francisella persica	954	species	3057444	85	30	0.0
Bdellovibrio bacteriovorus	959	species	3652240	6	3	0.0
Herbaspirillum seropedicae	964	species	8221139	2	0	0.0
Selenomonas ruminantium	971	species	3631933	34	31	0.0
Cellulophaga lytica	979	species	3795066	126	111	0.0
Pedobacter heparinus	984	species	5167383	12	10	0.0
Cytophaga hutchinsonii	985	species	4433218	21	20	0.0
Flavobacterium johnsoniae	986	species	5603295	136	122	0.0
Solitalea canadensis	995	species	5202069	27	16	0.0
Flavobacterium columnare	996	species	6492116	177	133	0.0
Flexibacter litoralis	999	species	4919337	30	25	0.0
Marivirga tractuosa	1006	species	4516490	35	33	0.0
Saprospira grandis	1008	species	4400185	7	6	0.0
Weeksella virosa	1014	species	2272954	23	18	0.0
Capnocytophaga ochracea	1018	species	2612925	6	5	0.0
Allochromatium vinosum	1049	species	3669074	1	1	0.0
Halorhodospira halophila	1053	species	2678452	7	2	0.0
Rhodobacter	1060	genus	0	2	0	0.0
Rhodobacter sphaeroides	1063	species	5768316	2	1	0.0
Rhodopseudomonas palustris	1076	species	5408501	34	23	8.60305e-07
Blastochloris viridis	1079	species	11174693	10	0	0.0
Pararhodospirillum photometricum	1084	species	3876289	2	1	0.0
Rhodospirillum rubrum	1085	species	4379691	2	2	0.0
Chlorobium	1091	genus	0	1	0	0.0
Chlorobium phaeovibrioides	1094	species	1966858	28	19	0.0
Chlorobium phaeobacteroides	1096	species	2935152	5	5	0.0
Pelodictyon luteolum	1100	species	2364842	8	5	0.0
Prosthecochloris	1101	genus	0	1	0	0.0
Prosthecochloris aestuarii	1102	species	2579695	1	1	0.0
Chloroflexus	1107	genus	0	1	0	0.0
Chloroflexus aurantiacus	1108	species	5258541	7	0	0.0
Porphyrobacter neustonensis	1112	species	3090363	3	3	0.0
Chroococcales	1118	order	0	1	0	0.0
Microcystis aeruginosa	1126	species	4810004	88	29	0.0
Synechococcus	1129	genus	0	2	0	0.0
Synechocystis sp. PCC 6803	1148	species	6436711	19	14	0.0
Oscillatoriales	1150	order	0	1	0	0.0
Nostocales	1161	order	0	1	0	0.0
Trichormus azollae	1164	species	5486145	60	50	0.0
Anabaena cylindrica	1165	species	7063285	85	70	0.0
Trichodesmium erythraeum	1206	species	7750108	57	47	0.0
Prochlorococcus marinus	1219	species	1879471	348	275	0.0
Nitrosococcus	1227	genus	0	1	0	0.0
Nitrosococcus oceani	1229	species	3522111	5	0	0.0
Nitrosospira multiformis	1231	species	3234309	1	1	0.0
Gammaproteobacteria	1236	class	0	19	0	0.0
Piscirickettsia salmonis	1238	species	10317144	45	29	0.0
Firmicutes	1239	phylum	0	1	0	0.0
Leuconostoc	1243	genus	0	7	0	0.0
Leuconostoc gelidum	1244	species	1966103	37	22	0.0
Leuconostoc mesenteroides	1245	species	1966146	64	19	3.07767e-312
Leuconostoc lactis	1246	species	1788069	21	2	0
Oenococcus oeni	1247	species	1780517	37	35	0.0
Leuconostoc carnosum	1252	species	1773468	30	16	0.0
Pediococcus acidilactici	1254	species	2131361	15	11	0.0
Pediococcus pentosaceus	1255	species	1817384	54	21	0
Finegoldia magna	1260	species	1986740	291	230	2.342e-06
Ruminococcus albus	1264	species	4482087	22	14	0.0
Kytococcus sedentarius	1276	species	2785024	24	19	0.0
Staphylococcus	1279	genus	0	11	8	0.0
Staphylococcus aureus	1280	species	7252422	389	263	2.31896e-05
Staphylococcus carnosus	1281	species	2605765	60	31	0.0
Staphylococcus epidermidis	1282	species	3296362	4356	4266	0.00295543
Staphylococcus haemolyticus	1283	species	2629003	209	144	1.40248e-16
Staphylococcus hyicus	1284	species	2472129	86	59	0.0
Staphylococcus simulans	1286	species	2647552	45	16	6.49432e-192
Staphylococcus xylosus	1288	species	8411206	110	78	0.0
Staphylococcus warneri	1292	species	2560716	140	93	1.96755e-06
Staphylococcus schleiferi	1295	species	12494798	98	60	2.33275e-47
Deinococcus	1298	genus	0	2	0	0.0
Deinococcus radiodurans	1299	species	6628921	1	0	0.0
Streptococcaceae	1300	family	0	1	0	0.0
Streptococcus	1301	genus	0	391	11	0.0
Streptococcus gordonii	1302	species	3335036	102	65	2.72076e-55
Streptococcus oralis	1303	species	1958690	334	282	6.59982e-06
Streptococcus salivarius	1304	species	3636237	12145	11570	0.000921986
Streptococcus sanguinis	1305	species	2388435	46	26	0.0
Streptococcus suis	1307	species	2683756	5576	4416	0.00577403
Streptococcus thermophilus	1308	species	3463400	3999	3470	0.000509768
Streptococcus mutans	1309	species	2017559	85	76	0.0
Streptococcus agalactiae	1311	species	5721038	119	87	0
Streptococcus pneumoniae	1313	species	2272871	1446	1195	2.52291e-05
Streptococcus pyogenes	1314	species	4096430	246	105	1.83391e-20
Streptococcus parasanguinis	1318	species	2162630	256	201	5.06661e-48
Streptococcus anginosus	1328	species	2557124	153	97	1.93406e-06
Streptococcus dysgalactiae	1334	species	2149105	78	50	0.0
Streptococcus equi	1336	species	2140495	172	119	0.0
Streptococcus intermedius	1338	species	1963517	80	55	0.0
Streptococcus iniae	1346	species	2086959	172	142	0.0
Streptococcus parauberis	1348	species	2143887	108	68	0.0
Streptococcus uberis	1349	species	1852352	80	56	0.0
Enterococcus	1350	genus	0	6	0	0.0
Enterococcus faecalis	1351	species	3401628	136740	135409	0.0744548
Enterococcus faecium	1352	species	5898717	3185	2460	0.000299569
Enterococcus gallinarum	1353	species	3821349	129	58	0
Enterococcus hirae	1354	species	2908247	97	57	6.40008e-06
Lactococcus lactis	1358	species	2704731	520	220	3.84902e-05
Lactococcus garvieae	1363	species	1957049	26	15	0.0
Lactococcus piscium	1364	species	2503066	181	168	0.0
Planococcus	1372	genus	0	1	0	0.0
Planococcus kocurii	1374	species	3485580	43	28	0.0
Aerococcus urinae	1376	species	2027618	115	113	0
Aerococcus viridans	1377	species	2199877	54	17	0
Atopobium parvulum	1382	species	1543805	13	11	0.0
Bacillales	1385	order	0	4	0	0.0
Bacillus	1386	genus	0	41	7	0.0
Bacillus amyloliquefaciens	1390	species	5608910	29	18	0.0
Bacillus anthracis	1392	species	17446789	258	18	0.0
Brevibacillus brevis	1393	species	6296436	6	1	0.0
Bacillus cereus	1396	species	9676532	988	309	0.0
Bacillus coagulans	1398	species	4327944	17	15	0.0
Bacillus licheniformis	1402	species	8559910	18	3	0.0
Bacillus megaterium	1404	species	5334474	126	74	0.0
Bacillus mycoides	1405	species	11312355	328	140	0.0
Paenibacillus polymyxa	1406	species	6883167	85	69	0.0
Bacillus pumilus	1408	species	20721195	291	147	0.0
Bacillus sp.	1409	species	4233615	21	0	0.0
Bacillus cellulosilyticus	1413	species	4681672	70	46	0.0
Lysinibacillus sphaericus	1421	species	14371778	106	74	0.0
Geobacillus stearothermophilus	1422	species	3676494	1	0	0.0
Bacillus subtilis	1423	species	7550081	271	83	0
Parageobacillus thermoglucosidans	1426	species	5935916	26	8	0.0
Bacillus thuringiensis	1428	species	10269592	1132	289	0.0
Amphibacillus xylanus	1449	species	2569486	147	117	0.0
Bacillus atrophaeus	1452	species	4171548	107	21	0.0
Geobacillus kaustophilus	1462	species	3592666	1	0	0.0
Paenibacillus larvae	1464	species	4056006	13	11	0.0
Brevibacillus laterosporus	1465	species	5153859	150	121	0.0
Bacillus methanolicus	1471	species	3425208	92	80	0.0
Sporosarcina psychrophila	1476	species	4674191	33	30	0.0
Bacillus simplex	1478	species	5521719	33	23	0.0
Bacillus smithii	1479	species	3381292	31	27	0.0
Clostridium	1485	genus	0	144	77	0.0
Clostridium acetobutylicum	1488	species	4136895	1442	1211	0.0
Clostridium botulinum	1491	species	4637504	31924	20034	1.42991e-05
Clostridium butyricum	1492	species	13843423	221558	217845	0.0221628
Clostridium cellulovorans	1493	species	5262222	4706	2650	2.37612e-06
Clostridioides difficile	1496	species	6297836	4855	4496	1.02631e-05
Clostridium formicaceticum	1497	species	4586755	347	207	0.0
Clostridium pasteurianum	1501	species	7159922	11611	7821	3.30424e-06
Clostridium perfringens	1502	species	6907798	81949	79823	0.0129977
Clostridium sporogenes	1509	species	8284974	3183	1007	7.76149e-28
[Clostridium] stercorarium	1510	species	4042789	14	8	0.0
Acetoanaerobium sticklandii	1511	species	2715461	424	342	0.0
Clostridium tetani	1513	species	2869591	2200	1622	0.0
Ruminiclostridium thermocellum	1515	species	3634338	431	51	0.0
Thermoanaerobacterium thermosaccharolyticum	1517	species	2840014	291	223	0.0
Clostridium tyrobutyricum	1519	species	3134437	1120	809	0.0
Clostridium beijerinckii	1520	species	6161692	9536	5589	9.2027e-07
[Clostridium] cellulolyticum	1521	species	4068724	196	73	0.0
Moorella thermoacetica	1525	species	5377887	6	0	0.0
Clostridium kluyveri	1534	species	3989551	697	482	3.69807e-94
Clostridium ljungdahlii	1538	species	4630065	1360	74	0.0
Clostridium novyi	1542	species	2547720	3222	1952	0.0
Clostridium scatologenes	1548	species	5749410	3294	2003	7.97837e-07
Gottschalkia acidurici	1556	species	3108248	1127	909	0.0
Clostridium baratii	1561	species	3338630	24668	21540	5.9318e-05
Desulfotomaculum	1562	genus	0	2	0	0.0
Desulfosporosinus orientis	1563	species	5863081	69	47	0.0
Desulfotomaculum ruminis	1564	species	3969014	11	9	0.0
Desulfotomaculum nigrificans	1565	species	2892255	21	16	0.0
Sporosarcina	1569	genus	0	1	0	0.0
Halobacillus halophilus	1570	species	4170008	37	30	0.0
Lactobacillus	1578	genus	0	9	0	0.0
Lactobacillus acidophilus	1579	species	2018718	109	75	0.0
Lactobacillus brevis	1580	species	2493592	21	4	0.0
Lactobacillus buchneri	1581	species	2575738	30	19	0
Lactobacillus casei	1582	species	3039836	126	54	0
Lactobacillus delbrueckii	1584	species	1920382	1	1	0.0
Lactobacillus helveticus	1587	species	3148198	67	39	4.30691e-201
Lactobacillus plantarum	1590	species	8684028	121	50	0
Lactobacillus gasseri	1596	species	1894360	133	83	0.0
Lactobacillus paracasei	1597	species	4200086	70	12	0
Lactobacillus reuteri	1598	species	2811237	103	89	0.0
Lactobacillus sakei	1599	species	1884661	32	22	0.0
Lactobacillus acetotolerans	1600	species	1704859	105	89	0.0
Lactobacillus amylovorus	1604	species	1977087	58	43	0.0
Lactobacillus fermentum	1613	species	2108824	40	0	1.56094e-316
Lactobacillus ruminis	1623	species	2066652	24	10	0.0
Lactobacillus salivarius	1624	species	2663133	209	182	0.0
Lactobacillus sanfranciscensis	1625	species	1375770	56	15	0.0
Listeria	1637	genus	0	7	0	0.0
Listeria ivanovii	1638	species	3701623	232	120	0.0
Listeria monocytogenes	1639	species	5926303	1138	910	6.29678e-06
Listeria seeligeri	1640	species	2797636	235	106	0.0
Listeria innocua	1642	species	3093113	231	111	0.0
Listeria welshimeri	1643	species	2814130	127	57	0.0
Renibacterium salmoninarum	1646	species	3155250	16	16	0.0
Erysipelothrix rhusiopathiae	1648	species	2398466	147	118	0.0
Trueperella pyogenes	1661	species	3453353	1	1	1.34737e-06
Bifidobacterium angulatum	1683	species	2043306	1	1	0.0
Bifidobacterium breve	1685	species	2328021	172	139	1.99867e-06
Bifidobacterium pseudolongum	1694	species	2032698	25	24	0.0
Brevibacterium linens	1703	species	8072179	1	0	0.0
Corynebacterium stationis	1705	species	2853666	1	1	0.0
Cellulomonas fimi	1708	species	4266344	2	0	0.0
Cellulomonas flavigena	1711	species	4123179	1	1	0.0
Corynebacterium diphtheriae	1717	species	2468991	5	4	0.0
Corynebacterium pseudotuberculosis	1719	species	6595197	66	38	0
Peptoclostridium acidaminophilum	1731	species	3055036	100	97	0.0
Eubacterium limosum	1736	species	4233519	56	45	0.0
Thermodesulfobacterium	1740	genus	0	4	0	0.0
Thermodesulfobacterium commune	1741	species	1764045	12	8	0.0
Propionibacterium	1743	genus	0	2	0	0.0
Propionibacterium freudenreichii	1744	species	2646865	1	0	0.0
Propionibacterium acnes	1747	species	3361368	28	26	1.66109e-05
Acidipropionibacterium acidipropionici	1748	species	7323316	3	1	0.0
Pseudopropionibacterium propionicum	1750	species	3449360	1	0	0.0
Thermoanaerobacter	1754	genus	0	33	7	0.0
Mycobacterium avium	1764	species	6028446	1	1	0.0
Mycobacterium bovis	1765	species	6302864	14	0	0.0
Mycobacterium kansasii	1768	species	6489764	10	10	0.0
Mycobacterium leprae	1769	species	3268137	3	0	0.0
Mycobacterium phlei	1771	species	5349645	1	0	0.0
Mycobacterium tuberculosis	1773	species	7403540	15	0	0.0
Mycobacterium marinum	1781	species	6555333	2	1	0.0
Mycobacterium neoaurum	1795	species	5421267	5	0	0.0
Mycobacterium gilvum	1804	species	5883060	2	2	0.0
Rhodococcus fascians	1828	species	5502110	3	0	0.0
Rhodococcus erythropolis	1833	species	6734667	4	4	0.0
Geodermatophilus obscurus	1861	species	5322497	2	2	0.0
Actinoplanes missouriensis	1866	species	8773466	1	1	0.0
Streptomyces	1883	genus	0	3	2	0.0
Streptomyces albus	1888	species	15352626	1	1	0.0
Streptomyces clavuligerus	1901	species	7590758	1	0	0.0
Streptomyces coelicolor	1902	species	9054847	39	0	0.0
Streptomyces glaucescens	1907	species	7623774	14	14	0.0
Streptomyces griseus	1911	species	8545929	1	0	0.0
Streptomyces hygroscopicus	1912	species	10333189	51	0	0.0
Streptomyces lividans	1916	species	8345283	1	0	0.0
Thermobispora bispora	2006	species	4189976	2	2	0.0
Nocardiopsis dassonvillei	2014	species	6543312	3	0	0.0
Thermomonospora curvata	2020	species	5639016	1	0	0.0
Thermobifida fusca	2021	species	3642249	1	0	0.0
Microbacterium testaceum	2033	species	3982034	1	0	0.0
Tropheryma	2038	genus	0	1	0	0.0
Tropheryma whipplei	2039	species	926620	5	4	0.0
Pimelobacter simplex	2045	species	5637360	1	1	0.0
Rothia dentocariosa	2047	species	2506025	8	7	0.0
Mobiluncus curtisii	2051	species	2146480	1732	42	0.000488907
Mycoplasma	2093	genus	0	7	0	0.0
Mycoplasma arginini	2094	species	678592	26	20	0.0
Mycoplasma capricolum	2095	species	1692864	82	9	0.0
Mycoplasma gallisepticum	2096	species	968554	23	13	0.0
Mycoplasma genitalium	2097	species	579782	51	46	0.0
Mycoplasma hominis	2098	species	925558	84	45	0.0
Mycoplasma hyopneumoniae	2099	species	909234	11	7	0.0
Mycoplasma hyorhinis	2100	species	836420	28	14	0.0
Mycoplasma mycoides	2102	species	2100167	177	97	0.0
Mycoplasma pneumoniae	2104	species	954052	6	5	0.0
Mycoplasma leachii	2105	species	1008951	41	5	0.0
Mycoplasma pulmonis	2107	species	963879	213	207	0.0
Mycoplasma synoviae	2109	species	822985	14	12	0.0
Mycoplasma agalactiae	2110	species	942070	91	81	0.0
Mycoplasma arthritidis	2111	species	820453	7	6	0.0
Mycoplasma californicum	2113	species	796464	6	5	0.0
Mycoplasma fermentans	2115	species	1048137	22	16	0.0
Mycoplasma mobile	2118	species	777079	14	12	0.0
Mycoplasma putrefaciens	2123	species	846299	40	30	0.0
Mycoplasma flocculare	2128	species	778866	3	3	0.0
Ureaplasma urealyticum	2130	species	874478	28	28	0.0
Spiroplasma apis	2137	species	1160554	75	36	0.0
Spiroplasma mirum	2144	species	2265199	24	0	0.0
Spiroplasma taiwanense	2145	species	1086278	47	36	0.0
Acholeplasma	2147	genus	0	1	0	0.0
Acholeplasma laidlawii	2148	species	1496992	101	56	0.0
Mesoplasma florum	2151	species	809524	69	58	0.0
Methanobacterium formicicum	2162	species	7422571	1	0	0.0
Methanobrevibacter smithii	2173	species	1853160	52	46	0.0
Methanohalophilus mahii	2176	species	2012424	41	37	0.0
Methanothermus fervidus	2180	species	1243342	13	8	0.0
Methanococcus vannielii	2187	species	1720048	7	6	0.0
Methanococcus voltae	2188	species	1936387	57	43	0.0
Methanotorris igneus	2189	species	1854197	61	56	0.0
Methanocaldococcus jannaschii	2190	species	1739927	19	7	0.0
Methanospirillum hungatei	2203	species	3544738	17	15	0.0
Methanosarcina barkeri	2208	species	4650840	49	44	0.0
Methanosarcina mazei	2209	species	4120463	54	43	0.0
Methanosarcina thermophila	2210	species	3127379	3	3	0.0
Methanosarcina acetivorans	2214	species	5751492	12	4	0.0
Methanosarcina vacuolata	2215	species	4563885	3	0	0.0
Methanococcoides methylutens	2226	species	2394636	4	4	0.0
Halobacterium salinarum	2242	species	2619893	1	1	0.0
Haloferax volcanii	2246	species	4012900	2	2	0.0
Pyrococcus furiosus	2261	species	1909041	45	37	0.0
Thermococcus litoralis	2265	species	2215172	6	3	0.0
Thermoproteus tenax	2271	species	1841542	2	2	0.0
Staphylothermus marinus	2280	species	1570485	27	10	0.0
Sulfolobus acidocaldarius	2285	species	2172056	6	6	0.0
Sulfolobus solfataricus	2287	species	5625717	44	40	0.0
Desulfobacterium autotrophicum	2296	species	5657782	23	18	0.0
Thermoplasma acidophilum	2303	species	1564906	1	1	0.0
Methanosphaera stadtmanae	2317	species	1767403	48	41	0.0
Methanohalobium evestigatum	2322	species	2406232	33	24	0.0
Thermoanaerobacter kivui	2325	species	2397824	180	124	0.0
Halanaerobium praevalens	2331	species	2309262	271	198	0.0
Thermotoga	2335	genus	0	7	0	0.0
Thermotoga maritima	2336	species	5599391	5	3	0.0
Thermotoga neapolitana	2337	species	1884562	8	0	0.0
Haliscomenobacter hydrossis	2350	species	8771651	1	0	0.0
Flexistipes sinusarabici	2352	species	2526590	29	24	0.0
Desulfomonile tiedjei	2358	species	6527027	11	10	0.0
Xylella fastidiosa	2371	species	2609554	2	1	0.0
Thermosipho africanus	2421	species	2016657	74	56	0.0
Fervidobacterium	2422	genus	0	2	0	0.0
Fervidobacterium islandicum	2423	species	2237377	43	36	0.0
Fervidobacterium nodosum	2424	species	1948941	73	59	0.0
Teredinibacter turnerae	2426	species	5193164	3	2	0.0
Gardnerella vaginalis	2702	species	1669705	21	11	4.24518e-77
Hirschia baltica	2724	species	3540114	54	54	0.0
Symbiobacterium thermophilum	2734	species	3566135	2	0	0.0
Marinobacter	2742	genus	0	1	0	0.0
Marinobacter hydrocarbonoclasticus	2743	species	4384621	58	46	1.08131e-06
Halomonas elongata	2746	species	4061296	4	1	0.0
Carnobacterium maltaromaticum	2751	species	3650416	186	115	0.0
Homo sapiens	9606	species	3238442024	44827	34294	3.27157e-06
Pigeonpox virus	10264	species	282356	3	0	0.0
Choristoneura biennis entomopoxvirus	10288	species	307691	3	3	0.0
Myoviridae	10662	family	153908	104	0	0.0
Escherichia virus P1	10678	species	94800	32	3	0.0
Enterobacteria phage P4	10680	species	11624	6	1	0.0
Siphoviridae	10699	family	47340	22	0	0.0
Enterobacteria phage phi80	10713	species	46150	300	2	0.0
Escherichia virus HK022	10742	species	40751	717	149	0.0
Punta Toro virus	11587	species	12650	7	5	0.0
Clostridium phage c-st	12336	species	185683	7	7	0.0
Salmonella virus PsP3	12407	species	30636	550	110	4.11675e-19
African green monkey polyomavirus	12480	species	5270	3	0	0.0
Acidovorax	12916	genus	0	42	0	0.0
Burkholderia mallei	13373	species	18282343	2	0	0.0
Sphingomonas	13687	genus	0	5056	0	0.0
Bifidobacterium animalis	28025	species	2054141	4	4	0.0
Lysinibacillus fusiformis	28031	species	4843789	112	69	0
Staphylococcus lugdunensis	28035	species	3479969	51	20	1.34006e-06
Streptococcus mitis	28037	species	3110438	3404	3179	8.97777e-05
Lactobacillus curvatus	28038	species	5775917	26	11	0.0
Acidothermus cellulolyticus	28049	species	2443540	1	1	0.0
Rhodoferax	28065	genus	0	2	0	0.0
Rubrivivax gelatinosus	28068	species	5043253	4	2	0.0
Nostoc sp. PCC 7524	28072	species	6718869	43	42	0.0
Neisseria weaveri	28091	species	2188497	1	0	0.0
Burkholderia gladioli	28095	species	8975879	7	6	0.0
Alteromonas macleodii	28108	species	5557691	130	93	0.0
Francisella philomiragia	28110	species	4757195	74	34	0.0
Tannerella forsythia	28112	species	3383154	8	5	0.0
Bacteroides ovatus	28116	species	6473892	25	12	0.0
Odoribacter splanchnicus	28118	species	4392288	22	12	0.0
Porphyromonas asaccharolytica	28123	species	2186370	9	5	0.0
Prevotella denticola	28129	species	2937589	1	1	0.0
Prevotella intermedia	28131	species	2718355	24	24	0.0
Prevotella melaninogenica	28132	species	3168282	62	16	0.0
Cronobacter sakazakii	28141	species	5648091	50686	5497	0.000860585
Serratia proteamaculans	28151	species	5495657	31	9	4.79643e-177
Yersinia kristensenii	28152	species	4496569	66	27	0.0
Vibrio nigripulchritudo	28173	species	6322155	65	54	0.0
Leptospira santarosai	28183	species	3983611	3	3	0.0
Acetohalobium arabaticum	28187	species	2469596	80	71	0.0
Capnocytophaga canimorsus	28188	species	2571406	9	9	0.0
Arcobacter	28196	genus	0	2	0	0.0
Arcobacter butzleri	28197	species	2283719	291	221	0.0
Arcobacter nitrofigilis	28199	species	3192235	117	82	0.0
Alphaproteobacteria	28211	class	0	2	0	0.0
Betaproteobacteria	28216	class	0	5	0	0.0
Desulfobacula toluolica	28223	species	5197905	56	31	0.0
Mycoplasma penetrans	28227	species	1358633	180	174	0.0
Colwellia psychrerythraea	28229	species	5373180	31	24	0.0
Geobacter	28231	genus	0	3	1	0.0
Geobacter metallireducens	28232	species	4011182	2	0	0.0
Ornithobacterium rhinotracheale	28251	species	2398521	4	4	0.0
Marinomonas	28253	genus	0	1	0	0.0
Thermodesulfovibrio yellowstonii	28262	species	2003803	47	40	0.0
Amsacta moorei entomopoxvirus	28321	species	232392	22	22	0.0
[Clostridium] propionicum	28446	species	3120417	107	75	0.0
Clavibacter michiganensis	28447	species	3302478	4	2	0.0
Burkholderia pseudomallei	28450	species	11222453	7	4	0.0
Leptospira alstonii	28452	species	4591888	2	2	0.0
Volepox virus	28874	species	217124	1	0	0.0
Salmonella enterica	28901	species	6689149	88853	50088	0.00124433
Mycoplasma bovis	28903	species	1562794	80	78	0.0
Escherichia virus 186	29252	species	30624	2233	1781	0.000960515
Natronococcus occultus	29288	species	4314118	1	1	0.0
Methanococcoides burtonii	29291	species	2575032	15	15	0.0
Streptomyces cattleya	29303	species	16188068	1	1	0.0
Thermoanaerobacter brockii	29323	species	2344824	102	0	0.0
Thermoanaerobacterium xylanolyticum	29329	species	2534358	242	207	0.0
Alicyclobacillus	29330	genus	0	1	0	0.0
[Clostridium] cellulosi	29343	species	2229578	63	49	0.0
Cellulosilyticum lentocellum	29360	species	4714237	992	850	0.0
Staphylococcus saprophyticus	29385	species	3903594	65	45	1.25367e-42
Staphylococcus capitis	29388	species	2503265	127	68	6.82529e-171
Microlunatus phosphovorus	29405	species	5683123	1	0	0.0
Legionella oakridgensis	29423	species	2773209	25	13	0.0
Moraxella ovis	29433	species	2306095	1	1	0.0
Pseudomonas savastanoi	29438	species	6112448	29	28	0.0
Rhizobium etli	29449	species	6784960	1	0	0.0
Brucella suis	29461	species	8101909	1	0	0.0
Veillonella parvula	29466	species	2132142	117	99	6.54687e-06
Pectobacterium atrosepticum	29471	species	7546597	332	252	1.85678e-06
Yersinia aldovae	29483	species	4471090	113	38	0.0
Yersinia frederiksenii	29484	species	4550894	89	53	0.0
Yersinia rohdei	29485	species	4372253	37	8	0.0
Yersinia ruckeri	29486	species	7304941	60	19	0.0
Photorhabdus	29487	genus	0	4	0	0.0
Photorhabdus luminescens	29488	species	5688987	189	163	0.0
Vibrio furnissii	29494	species	4916408	10	1	0.0
Vibrio tubiashii	29498	species	5540337	11	1	0.0
Mycoplasma haemofelis	29501	species	1151598	19	19	0.0
Turneriella parva	29510	species	4409302	2	0	0.0
Borreliella afzelii	29518	species	1151622	54	45	0.0
Borreliella garinii	29519	species	933029	41	2	0.0
Brachyspira	29521	genus	0	2	0	0.0
Syntrophobacter	29526	genus	0	1	0	0.0
Pelobacter propionicus	29543	species	4241119	1	0	0.0
Lawsonia intracellularis	29546	species	1719103	35	13	0.0
Rhodothermus marinus	29549	species	3360429	7	2	0.0
Mycoplasma canadense	29554	species	693241	29	20	0.0
Mycoplasma canis	29555	species	933117	16	8	0.0
Taylorella equigenitalis	29575	species	1713991	4	4	0.0
Janthinobacterium	29580	genus	0	1	0	0.0
Caldicellulosiruptor bescii	31899	species	2931662	139	73	0.0
Halothermothrix orenii	31909	species	2578146	38	34	0.0
Amycolatopsis orientalis	31958	species	9236541	1	1	0.0
Mollicutes	31969	class	0	2	0	0.0
Clostridiaceae	31979	family	0	6	0	0.0
Rhodobacteraceae	31989	family	0	2	0	0.0
Methylobacterium radiotolerans	31998	species	6899110	3	0	0.0
Achromobacter denitrificans	32002	species	6226215	1	1	0.0
Nitrosomonadales	32003	order	0	1	0	0.0
Burkholderia	32008	genus	0	414	1	0.0
Methylophilaceae	32011	family	0	23	0	0.0
Helicobacter hepaticus	32025	species	1799146	15	15	0.0
Xanthomonadaceae	32033	family	0	6	0	0.0
Synechococcus elongatus	32046	species	2719262	3	2	0.0
Synechococcus sp. PCC 7002	32049	species	3409935	1	0	0.0
Synechococcus sp. WH 7803	32051	species	2366980	1	1	0.0
Calothrix parietina	32054	species	6960392	57	44	0.0
synthetic construct	32630	species	26537524	629	131	7.95917e-06
Desulfurella	33001	genus	0	1	0	0.0
Desulfurella acetivorans	33002	species	1819992	63	51	0.0
Cutibacterium avidum	33010	species	2627993	13	11	1.76256e-18
Parvimonas micra	33033	species	1627009	240	174	0.0
Anaerococcus prevotii	33034	species	1998633	189	165	0.0
Bartonella grahamii	33045	species	2369520	11	10	0.0
Bartonella vinsonii	33047	species	1802699	13	3	0.0
Sphingopyxis macrogoltabida	33050	species	16800329	58	44	5.33097e-18
Sphingopyxis terrae	33052	species	3983415	1	0	0.0
Candidatus Kinetoplastibacterium crithidii	33056	species	821871	40	36	0.0
Thauera	33057	genus	0	4899	0	0.0
Acidithiobacillus caldus	33059	species	3112322	11	8	0.0
Acidobacterium capsulatum	33075	species	4127356	3	1	0.0
Coriobacterium glomerans	33871	species	2115681	2	0	0.0
Microbacterium	33882	genus	0	1	0	0.0
Mycobacterium africanum	33894	species	4389314	14	0	0.0
Streptomyces avermitilis	33903	species	9119895	16	16	0.0
Amycolatopsis mediterranei	33910	species	13655759	3	2	0.0
Anoxybacillus flavithermus	33934	species	2846746	21	16	0.0
Geobacillus thermodenitrificans	33940	species	3608012	7	7	0.0
Geobacillus thermoleovorans	33941	species	5320134	1	0	0.0
Acetobacterium woodii	33952	species	4044777	36	29	0.0
Lactobacillus johnsonii	33959	species	1958140	138	68	0.0
Leuconostoc citreum	33964	species	1896614	34	7	0
Melissococcus plutonius	33970	species	2059558	71	38	0
Rickettsia amblyommatis	33989	species	1468548	16	7	0.0
Rickettsia bellii	33990	species	1525528	3	3	0.0
Rickettsia montanensis	33991	species	1279798	9	0	0.0
Rickettsia rhipicephali	33992	species	1377049	10	0	0.0
Neorickettsia helminthoeca	33994	species	884232	11	11	0.0
Rhodospirillum centenum	34018	species	4355543	5	5	0.0
Candidatus Liberibacter africanus	34020	species	1192232	8	6	0.0
Candidatus Liberibacter asiaticus	34021	species	1229983	3	0	0.0
Leptothrix cholodnii	34029	species	4909403	3	1	0.0
Rahnella	34037	genus	0	35	0	0.0
Rahnella aquatilis	34038	species	5656799	238	55	0.0
Moraxella osloensis	34062	species	2649137	615	606	1.56604e-05
Variovorax paradoxus	34073	species	6817856	4	1	0.0
Riemerella anatipestifer	34085	species	2813253	37	22	0.0
Pelodictyon phaeoclathratiforme	34090	species	3018238	4	2	0.0
Blattabacterium	34098	genus	0	9	0	0.0
Streptobacillus moniliformis	34105	species	1673280	314	255	0.0
Lactococcus phage TP901-1	35345	species	37667	1	0	8.50385e-05
Geobacter sulfurreducens	35554	species	3764200	6	4	0.0
Acholeplasma oculi	35623	species	1587120	72	52	0.0
Heliobacterium modesticaldum	35701	species	3075407	10	6	0.0
Citrobacter amalonaticus	35703	species	7931914	9708	5260	2.49634e-06
Corynebacterium kutscheri	35755	species	2354065	15	13	0.0
Coprothermobacter proteolyticus	35786	species	1424912	2	0	0.0
Rickettsia japonica	35790	species	1283087	20	0	0.0
Rickettsia massiliae	35791	species	1376184	20	11	0.0
Rickettsia parkeri	35792	species	1300386	9	0	0.0
Ehrlichia muris	35795	species	1196717	7	4	0.0
Nitrosospira briensis	35799	species	3210113	1	0	0.0
Rhodovulum sulfidophilum	35806	species	6638597	14	9	0.0
Bordetella holmesii	35814	species	3697767	19	18	0.0
Lymphocystis disease virus 1	36363	species	102653	2	0	0.0
Clostridium saccharoperbutylacetonicum	36745	species	6666445	8611	5999	6.99369e-07
Pseudomonas cichorii	36746	species	5986012	2	1	0.0
Mycobacterium abscessus	36809	species	18231971	1	0	0.0
Mycobacterium rhodesiae	36814	species	6415739	2	2	0.0
Desulfitobacterium dehalogenans	36854	species	4321753	95	28	0.0
Brucella canis	36855	species	6599418	1	0	0.0
Thiobacillus denitrificans	36861	species	2909809	3	0	0.0
Paraburkholderia xenovorans	36873	species	19434089	7	0	0.0
Nocardia brasiliensis	37326	species	9436348	1	1	0.0
Nocardia seriolae	37332	species	8304518	21	20	0.0
Marichromatium purpuratum	37487	species	3779112	3	3	0.0
Escherichia virus HK97	37554	species	39732	6	0	0.0
Candidatus Phytoplasma mali	37692	species	601943	20	11	0.0
Enterococcus casseliflavus	37734	species	3427276	63	6	0
Rhodococcus opacus	37919	species	8880502	6	5	0.0
Methanosarcina siciliae	38027	species	5222724	29	19	0.0
Corynebacterium jeikeium	38289	species	2476822	1	0	0.0
Corynebacterium vitaeruminis	38305	species	2931780	1	1	0.0
Pseudothermotoga elfii	38322	species	2169860	4	0	0.0
Bartonella henselae	38323	species	3858658	7	2	0.0
Acholeplasma palmae	38986	species	1554229	67	36	0.0
Methanococcus maripaludis	39152	species	1742753	120	113	0.0
[Eubacterium] eligens	39485	species	2831389	340	288	0.0
[Eubacterium] rectale	39491	species	3449685	36	18	0.0
Mesorhizobium ciceri	39645	species	6838036	2	0	0.0
Methanosalsum zhilinae	39669	species	2138444	95	91	0.0
Thiomicrospira crunogena	39765	species	2427734	19	9	0.0
Sulfurimonas denitrificans	39766	species	2201561	40	35	0.0
Blattabacterium sp. (Mastotermes darwiniensis)	39768	species	590336	8	2	0.0
Methylomicrobium	39773	genus	0	1	0	0.0
Dialister pneumosintes	39950	species	1274073	56	39	0.0
Acinetobacter johnsonii	40214	species	4081329	261	31	4.28924e-06
Aliivibrio salmonicida	40269	species	4655660	39	34	0.0
Stenotrophomonas	40323	genus	0	1	0	0.0
Stenotrophomonas maltophilia	40324	species	6512435	697	673	4.96161e-05
Leptotrichia buccalis	40542	species	2465610	229	173	0.0
Actinosynnema mirum	40567	species	8248144	2	2	0.0
Xenorhabdus bovienii	40576	species	4523083	32	25	0.0
Xenorhabdus poinarii	40577	species	3659523	55	17	0.0
Escherichia virus N15	40631	species	46375	14	12	0.0
Thioploca ingrica	40754	species	4810005	33	26	0.0
Borrelia duttonii	40834	species	1574881	43	3	0.0
Bradyrhizobiaceae	41294	family	0	1	0	0.0
Rhodospirillaceae	41295	family	0	4	0	0.0
Sphingomonadaceae	41297	family	0	717	0	0.0
Cyanothece sp. PCC 8801	41431	species	4787694	17	0	0.0
Burkholderia plantarii	41899	species	8081051	3	0	0.0
Streptomyces sampsonii	42239	species	7070328	1	1	0.0
Nitrospira moscoviensis	42253	species	4589485	4	1	0.0
Rubrobacter radiotolerans	42256	species	3267233	1	0	0.0
Halobacteroides halobius	42422	species	2649255	245	181	0.0
Ammonifex degensii	42838	species	2157067	2	1	0.0
Rickettsia felis	42862	species	1587240	13	7	0.0
Methanococcus aeolicus	42879	species	1569500	25	21	0.0
Sulfolobus islandicus	43080	species	2647110	110	104	0.0
Pseudomonas alcaligenes	43263	species	4406305	36	33	0.0
Butyrivibrio proteoclasticus	43305	species	4404886	54	47	0.0
Pseudomonas denitrificans	43306	species	5696307	6	0	0.0
Kutzneria albida	43357	species	9874926	4	4	0.0
Pseudoalteromonas luteoviolacea	43657	species	18666577	51	37	0.0
Pseudoalteromonas rubra	43658	species	5913780	4	1	0.0
Paenarthrobacter aurescens	43663	species	5226648	3	1	0.0
Jonesia denitrificans	43674	species	2749646	3	2	0.0
Metallosphaera sedula	43687	species	6574588	5	4	0.0
Corynebacterium urealyticum	43771	species	2342642	20	16	0.0
Tolumonas	43947	genus	0	1	0	0.0
Tolumonas auensis	43948	species	3471292	12	6	0
Cyanothece	43988	genus	0	2	0	0.0
Cyanothece sp. ATCC 51142	43989	species	5460377	59	34	0.0
Caldicellulosiruptor saccharolyticus	44001	species	2970275	210	162	0.0
Ferrimonas balearica	44012	species	4279159	147	92	0.0
Canarypox virus	44088	species	359853	9	6	0.0
Paenibacillus	44249	genus	0	1	0	0.0
Paenibacillus durus	44251	species	5814491	19	16	0.0
Bradyrhizobium oligotrophicum	44255	species	8264165	65	65	0.0
Moorella	44260	genus	0	3	0	0.0
Borrelia recurrentis	44449	species	1242163	45	1	0.0
Nitrosomonas communis	44574	species	4067838	1	0	0.0
Nitrosomonas ureae	44577	species	3307820	9	0	0.0
Sulfurospirillum barnesii	44674	species	2510109	17	15	0.0
Capnocytophaga haemolytica	45243	species	2688484	5	5	0.0
Mycoplasma bovoculi	45362	species	760240	21	15	0.0
Hyphomicrobiaceae	45401	family	0	1	0	0.0
Beijerinckiaceae	45404	family	0	1	0	0.0
Psychrobacter urativorans	45610	species	2931580	13	9	0.0
Streptococcus cristatus	45634	species	2142100	61	44	0
Vibrio scophthalmi	45658	species	9728927	282	266	0.0
Desulfohalobium retbaense	45663	species	2909567	3	1	0.0
Staphylococcus pasteuri	45972	species	2559946	144	124	0.0
Anabaena sp. 90	46234	species	5305675	45	24	0.0
Thermoanaerobacter wiegelii	46354	species	2785056	190	122	0.0
Spirochaeta africana	46355	species	3285855	99	91	0.0
Sphingobium chlorophenolicum	46429	species	4573221	6	5	0.0
Thermosipho melanesiensis	46541	species	1915238	94	73	0.0
Leptolyngbya	47251	genus	0	2	0	0.0
Borrelia miyamotoi	47466	species	922629	2	2	0.0
Lactobacillus rhamnosus	47715	species	3484485	16	11	0.0
Bibersteinia trehalosi	47735	species	2411529	9	6	0.0
Spiroplasma kunkelii	47834	species	1514561	9	9	0.0
Micromonospora aurantiaca	47850	species	7025559	3	2	0.0
Pseudomonas azotoformans	47878	species	6859618	1	0	0.0
Pseudomonas corrugata	47879	species	6124363	73	72	0.0
Pseudomonas fulva	47880	species	4920769	4	3	0.0
Pseudomonas oryzihabitans	47885	species	4834356	242	236	0.0
Serratia fonticola	47917	species	12326310	533	404	3.12174e-222
Microbulbifer	48073	genus	0	1	0	0.0
Acinetobacter pittii	48296	species	6018266	104	60	7.73139e-07
Verrucomicrobiales	48461	order	0	1	0	0.0
Xanthomonas fragariae	48664	species	8565300	1	0	0.0
Ralstonia	48736	genus	0	121	0	0.0
Novosphingobium aromaticivorans	48935	species	4233314	1	1	0.0
Candidatus Arthromitus	49082	genus	0	2	0	0.0
Candidatus Arthromitus sp. SFB-mouse	49118	species	1603201	462	6	0.0
Rubrobacter xylanophilus	49319	species	3225748	1	0	0.0
Desulfitobacterium hafniense	49338	species	5503334	41	28	0.0
Flavobacteriaceae	49546	family	0	1	0	0.0
Mycoplasma crocodyli	50052	species	934379	18	17	0.0
Thermoplasma volcanium	50339	species	1584804	1	1	0.0
Syntrophobotulus glycolicus	51197	species	3406739	65	54	0.0
Wigglesworthia glossinidia	51229	species	711269	123	98	0.0
Mycoplasma yeatsii	51365	species	895051	80	51	0.0
Pediococcus damnosus	51663	species	11570178	51	40	0
Aerococcus urinaeequi	51665	species	4067667	78	53	0.0
Tetragenococcus halophilus	51669	species	2476095	229	60	1.5896e-229
Meiothermus silvanus	52022	species	3721669	3	2	0.0
Prevotella dentalis	52227	species	3350206	4	4	0.0
Lactobacillus gallinarum	52242	species	2374782	23	3	0.0
Brachyspira pilosicoli	52584	species	2635825	289	230	0.0
Caldicellulosiruptor kristjanssonii	52765	species	2802443	73	17	0.0
Caldicellulosiruptor lactoaceticus	52766	species	2674809	69	30	0.0
Actinomyces meyeri	52773	species	2049088	1	1	0.0
Pseudoalteromonas	53246	genus	0	2	0	0.0
Pantoea	53335	genus	0	17102	0	0.0
Enterococcus durans	53345	species	6143683	1138	513	1.44477e-05
Enterococcus mundtii	53346	species	3351060	81	30	0
Hyphomicrobium denitrificans	53399	species	3723828	11	4	0.0
Pseudomonas citronellolis	53408	species	14631203	3	2	0.0
Pseudomonas resinovorans	53412	species	6484828	3	3	0.0
Xanthomonas axonopodis	53413	species	5343358	1	0	0.0
Nocardiopsis alba	53437	species	5848211	3	0	0.0
Lactobacillus lindneri	53444	species	2842174	50	40	0.0
Acidimicrobium ferrooxidans	53635	species	2158157	1	0	0.0
Octadecabacter arcticus	53946	species	5478249	1	0	0.0
Pyrococcus horikoshii	53953	species	1738505	20	19	0.0
Methanolacinia petrolearia	54120	species	2843290	3	3	0.0
Thermococcus chitonophagus	54262	species	1969648	15	14	0.0
Raoultella ornithinolytica	54291	species	13911666	16622	3369	4.63954e-05
Chroococcidiopsis thermalis	54299	species	6689401	2	1	0.0
Pleurocapsa minor	54308	species	4986817	10	4	0.0
Salmonella bongori	54736	species	4542714	3425	2077	3.07274e-05
Aneurinibacillus	55079	genus	0	2	0	0.0
Deinococcus proteolyticus	55148	species	2886836	9	0	0.0
Flavobacterium branchiophilum	55197	species	3563292	19	14	0.0
Caldicellulosiruptor owensensis	55205	species	2428903	62	35	0.0
Sediminispirochaeta smaragdinae	55206	species	4653970	11	1	0.0
Pectobacterium wasabiae	55208	species	5043228	407	329	0.0
Janthinobacterium agaricidamnosum	55508	species	5949001	1	0	0.0
Staphylococcus phage Twort	55510	species	130706	3	3	0.0
Magnetospirillum gryphiswaldense	55518	species	4365796	4	4	0.0
Dehalobacter restrictus	55583	species	2943336	37	34	0.0
Vibrio anguillarum	55601	species	5628663	216	1	0.0
Thermococcus barophilus	55802	species	2226382	119	111	0.0
Bartonella clarridgeiae	56426	species	1522743	13	11	0.0
Xanthomonas sacchari	56458	species	5006106	4	1	0.0
Shewanella frigidimarina	56812	species	4845257	26	18	3.41811e-156
Psychroflexus torquis	57029	species	4321832	46	30	0.0
Mycoplasma suis	57372	species	725850	7	7	0.0
Sulfurospirillum	57665	genus	0	1	0	0.0
Burkholderia thailandensis	57975	species	9210179	2	1	0.0
Colwellia sp. MT41	58049	species	4337945	9	7	0.0
Desulfotomaculum kuznetsovii	58135	species	3601386	8	4	0.0
Desulfotomaculum acetoxidans	58138	species	4545624	38	36	0.0
Desulfovibrio alaskensis	58180	species	3730232	18	12	0.0
Archaeoglobus veneficus	58290	species	1901943	1	0	0.0
Streptococcus macedonicus	59310	species	2142762	148	46	1.93644e-49
Cellulophaga algicola	59600	species	4888353	34	21	0.0
Desulfotomaculum reducens	59610	species	3608104	69	62	0.0
Candidatus Phytoplasma australiense	59748	species	919869	15	12	0.0
Alcanivorax borkumensis	59754	species	3120143	3	0	0.0
Paenibacillus peoriae	59893	species	6219815	10	1	0.0
Cyanobium gracile	59930	species	3342364	1	0	0.0
Shewanella violacea	60217	species	4962103	3	3	0.0
Shewanella amazonensis	60478	species	4306142	4	2	0.0
Shewanella sp. MR-4	60480	species	4706287	3	0	0.0
Shewanella sp. MR-7	60481	species	4799109	2	0	0.0
Lactobacillus paraplantarum	60520	species	3139729	28	14	0.0
Burkholderia pyrrocinia	60550	species	7961346	1	0	0.0
Burkholderia vietnamiensis	60552	species	14209387	85	62	0.0
Desulfobacca	60892	genus	0	1	0	0.0
Desulfobacca acetoxidans	60893	species	3282536	2	1	0.0
Sanguibacter keddieii	60920	species	4253413	2	1	0.0
Shewanella woodyi	60961	species	5935403	29	19	0.0
Dehalococcoides mccartyi	61435	species	1417114	1	1	0.0
Paenibacillus mucilaginosus	61624	species	8740689	6	3	0.0
Acholeplasma brassicae	61635	species	1877792	41	34	0.0
Enterobacter asburiae	61645	species	6470569	252134	149885	0.0119313
Lelliottia amnigena	61646	species	4616371	4135	2345	1.18079e-05
Pluralibacter gergoviae	61647	species	5489680	679	311	8.67433e-07
Kluyvera intermedia	61648	species	6166452	29454	6240	0.000157792
Serratia rubidaea	61652	species	4922834	65	15	0.0
Borreliella valaisiana	62088	species	992695	41	7	0.0
Acidiphilium multivorum	62140	species	4214744	4	0	0.0
Shewanella baltica	62322	species	5379488	47	10	0.0
Azoarcus sp. BH72	62928	species	4376040	2	0	0.0
Acinetobacter sp. ADP1	62977	species	3598621	20	18	0.0
Zobellia galactanivorans	63186	species	5521712	23	7	0.0
Aquifex aeolicus	63363	species	1590791	18	9	0.0
Sodalis glossinidius	63612	species	4292502	1550	1411	0.0
Sideroxydans lithotrophicus	63745	species	3003656	11	9	0.0
Desulfurobacterium thermolithotrophum	64160	species	1541968	65	44	0.0
Synechococcus sp. CC9311	64471	species	2606748	1	1	0.0
Borreliella	64895	genus	0	16	4	0.0
Borreliella bissettii	64897	species	1403443	13	3	0.0
Corynebacterium ulcerans	65058	species	4175194	17	0	0.0
Halothece sp. PCC 7418	65093	species	4179170	23	5	0.0
Mycoplasma wenyonii	65123	species	650228	2	0	0.0
Cyanothece sp. PCC 7424	65393	species	6554169	32	21	0.0
Sulfurospirillum deleyianum	65553	species	2306351	4	1	0.0
Desulfocapsa sulfexigens	65555	species	4023512	4	3	0.0
Pseudomonas knackmussii	65741	species	6162905	5	5	0.0
Wolbachia sp. wRi	66084	species	1445873	9	6	0.0
Lachnoclostridium phytofermentans	66219	species	4847594	286	233	0.0
Sulfurospirillum multivorans	66821	species	3175729	58	13	0.0
Methanocaldococcus infernus	67760	species	1328194	37	33	0.0
Edwardsiella ictaluri	67780	species	3812301	40	8	0.0
Thermodesulfobacteria	67799	class	0	1	0	0.0
Citrobacter rodentium	67825	species	5444283	1799	1056	9.76445e-109
Actinobacillus succinogenes	67854	species	2319663	14	11	0.0
Streptomyces cyaneogriseus	68192	species	7762396	1	0	0.0
Streptomyces fulvissimus	68202	species	7905758	2	1	0.0
Streptomyces pactum	68249	species	8180260	39	38	0.0
Mesorhizobium	68287	genus	0	1	0	0.0
Coprothermobacter	68335	genus	0	1	0	0.0
Streptomyces albulus	68570	species	9578489	1	1	0.0
Cupriavidus basilensis	68895	species	8421483	11	8	0.0
Deinococcus geothermalis	68909	species	3247018	1	0	0.0
Pseudomonas sp. VLB120	69328	species	5966222	480	308	8.51494e-05
Caulobacter henricii	69395	species	3957288	5	3	0.0
Petrotoga mobilis	69499	species	2169548	47	36	0.0
Natrinema pellirubrum	69525	species	4354100	3	3	0.0
Selenomonas sputigena	69823	species	2568361	2	1	0.0
Macrococcus caseolyticus	69966	species	2219737	67	40	0
Staphylococcus condimenti	70255	species	2659676	39	11	0.0
Pseudomonas plecoglossicida	70775	species	6233254	12	5	0.0
Shewanella oneidensis	70863	species	5131424	12	10	0.0
Shewanella pealeana	70864	species	5174581	68	61	0.0
Mesorhizobium amorphae	71433	species	7343952	1	1	0.0
Waddlia chondrophila	71667	species	2131905	2	1	0.0
Kocuria palustris	71999	species	2854447	1	0	0.0
Armadillidium vulgare iridescent virus	72201	leaf	220222	4	2	0.0
Pseudomonadales	72274	order	0	2	0	0.0
Alteromonadaceae	72275	family	0	1	0	0.0
Ectothiorhodospiraceae	72276	family	0	1	0	0.0
Thiocystis violascens	73141	species	5017071	1	1	0.0
Streptococcus phage TP-J34	73422	species	45606	2	1	0.0
Citrus psorosis virus	73561	species	11278	1	1	0.0
Methanocaldococcus vulcanius	73913	species	1761737	22	15	0.0
Thermaerobacter marianensis	73919	species	2844696	10	1	0.0
Photobacterium profundum	74109	species	6403280	50	43	0.0
Brevundimonas subvibrioides	74313	species	3445263	16	12	0.0
Maricaulis maris	74318	species	3368780	3	0	0.0
Pseudomonas balearica	74829	species	4383480	229	40	1.46637e-29
Paraburkholderia caribensis	75105	species	13917408	3	1	0.0
Vibrio phage KVP40	75320	species	244834	2	2	0.0
Pseudomonas mandelii	75612	species	7188564	11	1	1.52163e-28
Oxalobacteraceae	75682	family	0	3	0	0.0
Castellaniella defragrans	75697	species	3952818	3	3	0.0
Rhodocyclaceae	75787	family	0	736	0	0.0
Thermocrinis ruber	75906	species	1521037	1	0	0.0
Mannheimia	75984	genus	0	2	0	0.0
Mannheimia haemolytica	75985	species	2934797	17	9	0.0
Prevotella enoeca	76123	species	2861432	2	1	0.0
Campylobacter hominis	76517	species	1714951	12	8	0.0
Cellulophaga baltica	76594	species	4597822	69	55	0.0
Roseateles depolymerans	76731	species	5681722	1	0	0.0
Pseudomonas monteilii	76759	species	5553188	9	3	0.0
Myroides	76831	genus	0	1	0	0.0
Myroides odoratimimus	76832	species	4457748	38	25	0.0
Solibacillus silvestris	76853	species	3987727	99	82	0.0
Streptococcus constellatus	76860	species	1954077	42	26	0.0
Caldivirga maquilingensis	76887	species	2077567	2	2	0.0
Helicobacter typhlonius	76936	species	1920832	14	9	0.0
Wolbachia endosymbiont of Drosophila simulans	77038	species	1298813	24	17	0.0
Wolbachia endosymbiont of Onchocerca volvulus	77551	species	960618	19	0	0.0
Mamestra brassicae multiple nucleopolyhedrovirus	78219	species	152710	1	0	0.0
Scardovia inopinata	78259	species	1797862	5	0	0.0
Pseudomonas mosselii	78327	species	6247860	27	1	1.34141e-19
Streptococcus phage Sfi11	78541	species	39807	1	1	0.0
Asticcacaulis excentricus	78587	species	4308776	1	1	0.0
Desulfosporosinus meridiei	79209	species	4873567	94	81	0.0
Chitinophaga pinensis	79329	species	9127347	5	5	0.0
Denitrobacterium detoxificans	79604	species	2446250	1	0	0.0
Bacillus clausii	79880	species	4300106	26	25	0.0
Bacillus gibsonii	79881	species	4100094	16	0	0.0
Bacillus pseudofirmus	79885	species	4249248	112	50	0.0
Erwinia pyrifoliae	79967	species	4072846	2084	1273	0.0
Thioflavicoccus mobilis	80679	species	4137521	8	2	0.0
Haliangium ochraceum	80816	species	9446314	3	2	0.0
Burkholderiales	80840	order	0	37	0	0.0
Herbaspirillum rubrisubalbicans	80842	species	5611261	27	27	0.0
Wolbachia endosymbiont of Brugia malayi	80849	species	1080084	4	3	0.0
Aliivibrio wodanis	80852	species	4635126	14	10	0.0
Moritella viscosa	80854	species	5093989	82	75	0.0
Comamonadaceae	80864	family	0	117	0	0.0
Delftia	80865	genus	0	12	0	0.0
Delftia acidovorans	80866	species	6767514	4	1	0.0
Acidovorax avenae	80867	species	5482170	3	0	0.0
Acidovorax citrulli	80869	species	5352772	1	0	0.0
Treponema brennaborense	81028	species	3055580	2	2	0.0
Hyphomonas neptunium	81032	species	3705021	1	1	0.0
Thermanaerovibrio acidaminovorans	81462	species	1848474	1	0	0.0
Frateuria aurantia	81475	species	3603458	1	0	0.0
Leuconostocaceae	81850	family	0	1	0	0.0
Enterococcaceae	81852	family	0	1	0	0.0
Picrophilus torridus	82076	species	1545895	3	3	0.0
Rhizobiaceae	82115	family	0	1	0	0.0
Cupriavidus gilardii	82541	species	5578743	8	5	0.0
Pseudanabaena sp. PCC 7367	82654	species	4885680	4	3	0.0
Obesumbacterium	82982	genus	0	4131	0	0.0
Obesumbacterium proteus	82983	species	5011796	16397	4183	0.00431513
Pragia	82984	genus	0	1	0	0.0
Pragia fontium	82985	species	4094629	23	12	0.0
Serratia plymuthica	82996	species	6554843	1291	991	7.12624e-07
Methanocaldococcus fervens	83171	species	1507251	23	20	0.0
Melanoplus sanguinipes entomopoxvirus	83191	species	236120	1	1	0.0
Aminobacter aminovorans	83263	species	6890726	94	93	0.0
gamma proteobacterium HdN1	83406	species	4587455	11	11	0.0
Parachlamydia acanthamoebae	83552	species	3072383	29	28	0.0
Chlamydia psittaci	83554	species	1253830	14	14	0.0
Chlamydia abortus	83555	species	2288889	2	2	0.0
Chlamydia felis	83556	species	1173791	3	3	0.0
Chlamydia caviae	83557	species	1181356	7	4	0.0
Chlamydia pneumoniae	83558	species	2460618	6	6	0.0
Simkania negevensis	83561	species	2628375	47	8	0.0
Stenotrophomonas nitritireducens	83617	species	4541729	3	0	0.0
Pseudoxanthomonas	83618	genus	0	1	0	0.0
Leclercia adecarboxylata	83655	species	4803917	6359	3589	2.6602e-05
Methanobrevibacter ruminantium	83816	species	2937203	14	13	0.0
Clostridium aceticum	84022	species	4207037	372	275	0.0
Clostridium autoethanogenum	84023	species	8704651	1371	114	0.0
[Clostridium] saccharolyticum	84030	species	4662871	55	51	0.0
Eggerthella lenta	84112	species	3632260	12	8	1.28101e-06
Archaeoglobus profundus	84156	species	1563423	1	0	0.0
Magnetospirillum magneticum	84159	species	4967148	12	10	0.0
Microbacterium chocolatum	84292	species	3168630	1	0	0.0
Brachyspira intermedia	84377	species	3308048	157	106	0.0
Brachyspira murdochii	84378	species	3241804	236	176	0.0
Hippea maritima	84405	species	1694430	42	33	0.0
Lysobacter antibioticus	84531	species	11681564	5	1	0.0
Sodalis	84565	genus	0	5	0	0.0
Synechococcus sp. WH 8102	84588	species	2434428	4	0	0.0
Taylorella asinigenitalis	84590	species	1638559	8	3	0.0
Gordonia polyisoprenivorans	84595	species	5844299	1	0	0.0
Staphylothermus hellenicus	84599	species	1580347	9	8	0.0
Aeromonadaceae	84642	family	0	4	0	0.0
Desulfotalea psychrophila	84980	species	3659634	20	14	0.0
Corynebacteriales	85007	order	0	2	0	0.0
Streptomycetales	85011	order	0	1	0	0.0
Microbacteriaceae	85023	family	0	1	0	0.0
Streptococcus phage O1205	85154	species	43075	1	1	0.0
Mannheimia varigena	85404	species	2201818	17	10	0.0
Bosea	85413	genus	0	1	0	0.0
Thauera sp. MZ1T	85643	species	4574586	2	2	0.0
[Bacillus] selenitireducens	85683	species	3592487	7	2	0.0
Achromobacter xylosoxidans	85698	species	9063264	4	1	0.0
Bartonella tribocorum	85701	species	2636792	10	8	0.0
Thermacetogenium phaeum	85874	species	2939057	17	13	0.0
Chlamydia pecorum	85991	species	1105923	4	3	0.0
endosymbiont of Acanthamoeba sp. UWC8	86106	species	1615277	6	4	0.0
Syntrophothermus lipocalidus	86170	species	2405559	2	1	0.0
Saccharophagus degradans	86304	species	5057531	25	14	0.0
Mycoplasma dispar	86660	species	1084449	26	0	0.0
Bacillus weihenstephanensis	86662	species	5740546	230	78	0.0
Bacillus halodurans	86665	species	4202352	85	69	0.0
Aerococcus christensenii	87541	species	1634920	52	33	0
Burkholderia multivorans	87883	species	13696114	499	50	4.25975e-31
Treponema primitia	88058	species	4059867	13	10	0.0
Caulobacter segnis	88688	species	4655622	4	3	0.0
Cytophagaceae	89373	family	0	1	0	0.0
Hymenobacter	89966	genus	0	1	0	0.0
Streptococcus phage DT1	90410	species	34815	6	5	0.0
Bacilli	91061	class	0	1	0	0.0
Enterobacterales	91347	order	0	852	0	0.0
Candidatus Paracaedibacter acanthamoebae	91604	species	2485110	4	3	0.0
Candidatus Portiera aleyrodidarum	91844	species	591920	20	19	0.0
Asaia bogorensis	91915	species	3198265	5	4	0.0
Thioalkalimicrobium aerophilum	92245	species	2158359	3	0	0.0
Simkaniaceae	92712	family	0	4	0	0.0
Ketogulonicigenium vulgare	92945	species	5302341	3	3	0.0
Pandoraea	93217	genus	0	79	0	0.0
Pandoraea apista	93218	species	16769721	298	186	6.71827e-143
Pandoraea norimbergensis	93219	species	6167370	27	14	0.0
Pandoraea pnomenusa	93220	species	11008666	8	6	0.0
Pandoraea pulmonicola	93221	species	5867621	8	8	0.0
Edwardsiella hoshinae	93378	species	3811650	1076	530	3.68009e-05
Fervidobacterium pennivorans	93466	species	2114116	74	52	0.0
Thermotoga petrophila	93929	species	1823511	1	1	0.0
Thermotoga naphthophila	93930	species	1809823	14	0	0.0
Shewanella sp. ANA-3	94122	species	5251146	2113	8	1.33487e-06
Ramlibacter tataouinensis	94132	species	4493411	1	1	0.0
Bordetella petrii	94624	species	5287950	5	0	0.0
Burkholderia stabilis	95485	species	8527947	1	0	0.0
Burkholderia cenocepacia	95486	species	15410767	10	7	0.0
Legionella fallonii	96230	species	4434890	50	18	0.0
Flavobacterium psychrophilum	96345	species	7603866	61	51	0.0
Halobacteriovorax marinus	97084	species	3437906	49	40	0.0
Ferroplasma acidarmanus	97393	species	1935211	3	1	0.0
Anaerobaculum mobile	97477	species	2160700	2	0	0.0
Lactobacillus mucosae	97478	species	2434610	30	17	0.0
Bacillus sp. OxB-1	98228	species	3594618	12	7	0.0
Calothrix sp. PCC 7507	99598	species	7023215	24	24	0.0
Onion yellows phytoplasma	100379	species	853092	15	9	0.0
Chloroherpeton thalassium	100716	species	3293456	3	2	0.0
Wolbachia endosymbiont of Onchocerca ochengi	100901	species	957990	19	0	0.0
Methanomethylovorans hollandica	101192	species	2714013	3	0	0.0
Aequorivita sublithincola	101385	species	3520671	22	17	0.0
Candidatus Blochmannia pennsylvanicus	101534	species	791654	6	0	0.0
Enterobacteria phage ES18	101570	species	46900	11	1	0.0
Burkholderia ubonensis	101571	species	22281372	3	2	0.0
Stanieria cyanosphaera	102116	species	5544990	65	57	0.0
Desulfotomaculum gibsoniae	102134	species	4855529	36	33	0.0
Streptococcus infantarius	102684	species	1913271	146	51	2.31544e-43
Nostoc sp. PCC 7120	103690	species	7211789	23	11	0.0
Enterobacteria phage phiP27	103807	species	42575	4	2	0.0
Bordetella hinzii	103855	species	9772861	1	1	0.0
Ralstonia mannitolilytica	105219	species	9915295	109	4	9.5437e-32
Methylibium petroleiphilum	105560	species	4643639	2	0	0.0
Frankia casuarinae	106370	species	5433628	7	7	0.0
Cupriavidus	106589	genus	0	14	0	0.0
Cupriavidus necator	106590	species	7948767	3	3	0.0
Thioalkalivibrio	106633	genus	0	1	0	0.0
Thioalkalivibrio versutus	106634	species	2969361	4	1	0.0
Acinetobacter nosocomialis	106654	species	4061750	43	11	0.0
Thioalkalivibrio paradoxus	108010	species	3756729	4	0	0.0
Thermoanaerobacter italicus	108150	species	2451061	124	24	0.0
Corynebacterium falsenii	108486	species	2719616	1	1	0.0
Rickettsia monacensis	109232	species	1353450	11	0	0.0
Halothiobacillus	109262	genus	0	2	0	0.0
Sinorhizobium medicae	110321	species	6817576	1	1	0.0
Pelotomaculum thermopropionicum	110500	species	3025375	2	2	0.0
Synechococcus sp. CC9605	110662	species	2510659	33	32	0.0
Actinomyces radicidentis	111015	species	3051613	1	1	0.0
Muricauda ruestringensis	111501	species	3842422	8	8	0.0
Leptolyngbya sp. PCC 7376	111781	species	5125950	9	1	0.0
Sulfolobus tokodaii	111955	species	2694756	8	6	0.0
Streptococcus phage 7201	112023	species	35466	2	2	0.0
Bathymodiolus septemdierum thioautotrophic gill symbiont	113267	species	1469434	5	1	0.0
Geoglobus ahangari	113653	species	1770093	1	1	0.0
Candidatus Carsonella ruddii	114186	species	157543	2	2	0.0
Aeromonas virus 44RR2	115987	species	173591	1	0	0.0
Desulfurellaceae	117942	family	0	1	0	0.0
Denitrovibrio acetiphilus	118000	species	3222077	23	7	0.0
Oscillatoria acuminata	118323	species	7804270	5	1	0.0
Brucellaceae	118882	family	0	1	0	0.0
Methylobacteriaceae	119045	family	0	1	0	0.0
Burkholderiaceae	119060	family	0	1147	0	0.0
Hydrogenophilales	119069	order	0	1	0	0.0
Aerococcus sanguinicola	119206	species	2033849	65	57	0
Cupriavidus metallidurans	119219	species	6913352	3	1	0.0
Pseudothermotoga thermarum	119394	species	2039943	36	32	0.0
Syntrophobacter fumaroxidans	119484	species	4990251	2	1	0.0
Marinomonas mediterranea	119864	species	4684316	8	5	0.0
Roseiflexus	120961	genus	0	1	0	0.0
Roseiflexus castenholzii	120962	species	5723298	3	0	0.0
Pseudarthrobacter sulfonivorans	121292	species	5056151	7	5	0.0
Pannonibacter phragmitetus	121719	species	5669701	4	3	0.0
Pectobacterium	122277	genus	0	14	0	0.0
Bordetella trematum	123899	species	4485537	22	21	0.0
Thermotoga sp. RQ7	126738	species	1851618	8	0	0.0
Thermotoga sp. RQ2	126740	species	1877693	13	0	0.0
Stenotrophomonas acidaminiphila	128780	species	4138297	20	1	0.0
Aerococcus urinaehominis	128944	species	1831400	50	35	0.0
Geobacillus	129337	genus	0	1	0	0.0
Geobacillus subterraneus	129338	species	3474426	3	0	0.0
Carboxydothermus hydrogenoformans	129958	species	2401520	57	45	0.0
Kineococcus radiotolerans	131568	species	4956672	1	1	0.0
Exiguobacterium antarcticum	132920	species	2815863	16	14	0.0
Caldilinea aerophila	133453	species	5144873	6	5	0.0
Nitrosococcus halophilus	133539	species	4145260	5	1	0.0
Leisingera methylohalidivorans	133924	species	4650996	1	0	0.0
Olsenella	133925	genus	0	1	0	0.0
Olsenella uli	133926	species	2051896	1	0	0.0
secondary endosymbiont of Heteropsylla cubana	134287	species	1121596	18	8	0.0
Paraburkholderia fungorum	134537	species	9058983	2	1	0.0
Mycobacterium goodii	134601	species	7105933	2	2	0.0
Actinoplanes sp. SE50/110	134676	species	9239851	3	1	0.0
Ureaplasma parvum	134821	species	743562	12	9	0.0
Idiomarina loihiensis	135577	species	2839538	3	0	0.0
Xanthomonadales	135614	order	0	2	0	0.0
Oceanospirillales	135619	order	0	4	0	0.0
Pseudomonadaceae	135621	family	0	854	0	0.0
Bacillus endophyticus	135735	species	5313985	127	91	0.0
Thermocrinis albus	136094	species	1500577	6	0	0.0
Mycoplasma haemocanis	136241	species	919992	1	0	0.0
Leuconostoc kimchii	136609	species	2101787	27	18	0.0
Weissella cibaria	137591	species	2577731	27	2	0.0
Helicobacter cetorum	138563	species	1903950	14	14	0.0
Lactobacillus prophage Lj928	139872	species	38384	24	0	0.0
P2virus	140410	genus	0	59	0	0.0
Thermacetogenium	140458	genus	0	1	0	0.0
Desulfitobacterium metallireducens	142877	species	3176073	46	37	0.0
Filifactor alocis	143361	species	1931012	27	21	0.0
[Eubacterium] sulci	143393	species	1739380	133	117	0.0
Methanothermobacter	145260	genus	0	1	0	0.0
Thermosynechococcus elongatus	146786	species	2593857	1	0	0.0
Salinibacter ruber	146919	species	3710123	1	0	0.0
Streptomyces parvulus	146923	species	7766531	1	1	0.0
Azospira	146937	genus	0	4	0	0.0
Azospira oryzae	146939	species	3806980	76	36	6.52123e-76
Thioalkalimicrobium cyclicum	147268	species	1932455	4	2	0.0
Carnobacterium inhibens	147709	species	2497115	188	162	0.0
Paraburkholderia phymatum	148447	species	8676562	1	1	0.0
Lactobacillus kunkeei	148814	species	1614522	16	13	0.0
Marinitoga piezophila	149715	species	2244793	156	119	0.0
Streptococcus lutetiensis	150055	species	1975547	71	5	1.15338e-44
Vibrio antiquarius	150340	species	5089025	4	2	0.0
Treponema azotonutricium	150829	species	3855671	2	1	0.0
Pseudopedobacter saltans	151895	species	4635236	37	23	0.0
Chloroflexus aggregans	152260	species	4684931	8	8	0.0
Pseudoalteromonas issachenkonii	152297	species	4131541	58	2	0.0
Burkholderia ambifaria	152480	species	11349840	1	0	0.0
Sphingomonas melonis	152682	species	4196755	10	7	1.11179e-06
Corynebacterium efficiens	152794	species	3219505	2	1	0.0
Nitrosomonas sp. AL212	153948	species	3337023	3	2	0.0
Cellvibrio japonicus	155077	species	4576573	7	3	0.0
Salmonella phage HK620	155148	species	38297	521	302	0.000485986
Bacillus toyonensis	155322	species	5025419	156	25	0.0
Methanothermococcus okinawensis	155863	species	1677455	24	17	0.0
Caulobacter vibrioides	155892	species	4029938	10	0	0.0
Acaryochloris marina	155978	species	8361599	5	3	0.0
Thioflavicoccus	156885	genus	0	1	0	0.0
[Mannheimia] succiniciproducens	157673	species	2314078	6	3	0.0
Pseudomonas parafulva	157782	species	5087619	1	0	0.0
Pseudomonas cremoricolorata	157783	species	4780403	49	46	0.0
Sulfolobus islandicus rod-shaped virus 1	157898	species	32308	7	7	0.0
Streptococcus phage SM1	157924	species	34692	2	2	0.0
Chromohalobacter salexigens	158080	species	3696649	4	0	0.0
Hahella chejuensis	158327	species	7215267	9	6	0.0
Novosphingobium resinovorum	158500	species	6918128	6	4	1.98824e-18
Bifidobacterium scardovii	158787	species	3158347	26	26	0.0
Cedecea neteri	158822	species	23867322	2261	1632	4.01985e-07
Enterobacter hormaechei	158836	species	11766809	319695	112022	0.0100071
Collimonas fungivorans	158899	species	5393313	7	2	0.0
Roseibacterium elongatum	159346	species	3555109	2	1	0.0
Paenibacillus terrae	159743	species	6083395	28	13	0.0
Acidihalobacter prosperus	160660	species	3566941	5	0	0.0
Sphingomonas wittichii	160791	species	5915246	8	4	9.87765e-19
Paenibacillus borealis	160799	species	8156808	4	2	0.0
Acidithiobacillus ferrivorans	160808	species	3207552	2	0	0.0
Planococcus antarcticus	161360	species	3804624	22	19	0.0
Pseudoalteromonas phenolica	161398	species	4868993	28	9	0.0
Anaeromyxobacter dehalogenans	161493	species	5021404	3	0	0.0
Corynebacterium kroppenstedtii	161879	species	2446804	7	6	0.0
Corynebacterium camporealensis	161896	species	2451810	1	1	0.0
Paenibacillus naphthalenovorans	162209	species	5200139	10	7	0.0
Wolbachia endosymbiont of Drosophila melanogaster	163164	species	1267782	5	1	0.0
Streptomyces puniciscabiei	164348	species	9698948	1	1	0.0
Vulcanisaeta distributa	164451	species	2374137	3	3	0.0
Blattabacterium punctulatus	164514	species	609561	38	31	0.0
Weissella koreensis	165096	species	1441470	12	10	0
Sphingobium	165695	genus	0	3	0	0.0
Thermobaculum terrenum	166501	species	3101581	3	0	0.0
Pseudoalteromonas translucida	166935	species	4147593	21	1	0.0
Ilyobacter polytropus	167642	species	3132314	133	107	0.0
uncultured Termite group 1 bacterium	167965	species	1148570	7	4	0.0
Candidatus Ishikawaella capsulata	168169	species	754729	82	70	0.0
Laribacter hongkongensis	168471	species	3169329	6	2	0.0
Hydrogenobaculum	168657	genus	0	1	0	0.0
Salinispora arenicola	168697	species	5786361	2	1	0.0
Corynebacterium aurimucosum	169292	species	2819226	2	2	0.0
Clostridium saccharobutylicum	169679	species	5107814	10971	7809	9.7231e-07
Paenibacillus stellifer	169760	species	5658798	20	14	0.0
Canid herpesvirus 1	170325	species	125171	1	1	0.0
Adoxophyes orana granulovirus	170617	species	99657	1	1	0.0
Methanosarcina lacustris	170861	species	4139808	4	1	0.0
Mycoplasma cynos	171284	species	998123	25	24	0.0
Tistrella	171436	genus	0	1	0	0.0
Tistrella mobilis	171437	species	6512983	11	1	7.56716e-07
Bacteroidales	171549	order	0	1	0	0.0
Porphyromonadaceae	171551	family	0	1	0	0.0
Mycoplasma ovis	171632	species	702511	6	4	0.0
Thermodesulfatator indicus	171695	species	2322224	34	22	0.0
Elizabethkingia miricola	172045	species	4242519	120	102	0.0
Thermococcus sibiricus	172049	species	1845800	3	3	0.0
Salmonella phage ST64T	173443	species	40679	1	0	0.0
Gemmatimonas aurantiaca	173480	species	4636964	4	2	0.0
Salmonella phage ST64B	175950	species	40149	1	0	0.0
Pseudothermotoga lettingae	177758	species	2135342	14	10	0.0
Leptospirillum ferriphilum	178606	species	2368371	4	0	0.0
Alicycliphilus denitrificans	179636	species	4953232	12	7	0.0
Delftia tsuruhatensis	180282	species	7195716	45	0	1.53948e-113
Desulfococcus oleovorans	181663	species	3944167	2	0	0.0
Desulfovibrio aespoeensis	182210	species	3629109	1	1	0.0
Erwinia billingiae	182337	species	5372268	356	177	0
Oceanobacillus iheyensis	182710	species	3630528	72	53	0.0
Thermodesulfobium narugense	184064	species	1898865	58	44	0.0
Corallococcus coralloides	184914	species	10080619	1	1	0.0
Desulfovibrio magneticus	184917	species	5315620	3	1	0.0
Butyrivibrio hungatei	185008	species	3386314	150	126	0.0
Paludibacter propionicigenes	185300	species	3685504	19	11	0.0
Marinithermus hydrothermalis	186192	species	2269167	1	0	0.0
Candidatus Baumannia cicadellinicola	186490	species	1040878	122	94	0.0
Lambdavirus	186765	genus	0	242	0	0.0
P1virus	186789	genus	0	1	0	0.0
P22virus	186794	genus	0	8	0	0.0
Clostridia	186801	class	0	2	0	0.0
Clostridiales	186802	order	0	1	0	0.0
Peptococcaceae	186807	family	0	3	0	0.0
Bacillaceae	186817	family	0	2	0	0.0
Paenibacillaceae	186822	family	0	1	0	0.0
Alicyclobacillaceae	186823	family	0	1	0	0.0
Lactobacillales	186826	order	0	1	0	0.0
Thioalkalivibrio nitratireducens	186931	species	4002350	5	0	0.0
Sneathia amnii	187101	species	1330224	305	258	0.0
Oceanithermus profundus	187137	species	2439291	1	1	0.0
Methylocystis sp. SC2	187303	species	3773444	1	0	0.0
Acidaminococcus intestini	187327	species	2487765	36	12	0.0
Pediococcus claussenii	187452	species	2958378	87	71	0
Thalassolituus oleivorans	187493	species	3842190	35	32	0.0
Panine herpesvirus 2	188763	species	241087	3	3	0.0
Oleispira antarctica	188908	species	4406383	44	39	0.0
Pedobacter cryoconitis	188932	species	5950539	24	18	0.0
Paenibacillus graminis	189425	species	7166464	4	2	0.0
Paenibacillus odorifer	189426	species	6812473	52	28	0.0
Ralstonia insidiosa	190721	species	12164766	8	4	9.43459e-149
Vibrio coralliilyticus	190893	species	17260629	110	51	0.0
Rhodococcus aetherivorans	191292	species	5922748	2	0	0.0
Conexibacter woesei	191495	species	6359369	1	1	0.0
Fluviicola taffensis	191579	species	4633577	97	77	0.0
Shewanella denitrificans	192073	species	4545906	2	2	0.0
Planococcus maritimus	192421	species	3280721	5	4	0.0
Rhodoferax ferrireducens	192843	species	4969784	3	2	0.0
Sulfurospirillum halorespirans	194424	species	3029840	79	33	0.0
Desulfovibrionaceae	194924	family	0	2	0	0.0
Synechococcus sp. PCC 8807	195248	species	3304088	1	0	0.0
Synechococcus sp. PCC 6312	195253	species	3720499	2	1	0.0
Synechococcus sp. PCC 7117	195498	species	3432101	2	1	0.0
Tannerella	195950	genus	0	5	0	0.0
Scardovia	196081	genus	0	3	0	0.0
Actinoplanes friuliensis	196914	species	9376071	2	1	0.0
Deferribacter desulfuricans	197162	species	2542933	47	27	0.0
Streptococcus pasteurianus	197614	species	2100077	214	117	2.85296e-47
Azoarcus sp. CIB	198107	species	5257030	2	2	0.0
Candidatus Pelagibacter ubique	198252	species	1308759	71	66	0.0
Anoxybacillus gonensis	198467	species	2803668	31	27	0.0
Pseudomonas koreensis	198620	species	12292986	6	1	0.0
Methylocella silvestris	199596	species	4305430	2	0	0.0
Caldisphaera lagunensis	200415	species	1546846	31	30	0.0
Pseudomonas trivialis	200450	species	6452803	7	6	0.0
Pseudomonas poae	200451	species	5512241	2	2	0.0
Sphingobacteriales	200666	order	0	6	0	0.0
Chloroflexi	200795	phylum	0	1	0	0.0
Planococcus rifietoensis	200991	species	3505011	10	3	0.0
Alicycliphilus	201096	genus	0	52	0	0.0
Actinobacteria	201174	phylum	0	1	0	0.0
Maize bushy stunt phytoplasma	202462	species	576118	8	5	0.0
Sulfurimonas autotrophica	202747	species	2153198	69	67	0.0
Collimonas	202907	genus	0	1	0	0.0
Fusobacteriia	203490	class	0	1	0	0.0
Candidatus Blochmannia	203804	genus	0	3	0	0.0
Candidatus Blochmannia floridanus	203907	species	705557	11	7	0.0
Dickeya	204037	genus	0	16	0	0.0
Dickeya dadantii	204038	species	4922802	218	26	0.0
Dickeya zeae	204042	species	4675379	180	157	0.0
Chlamydiia	204429	class	0	1	0	0.0
Mamestra configurata nucleopolyhedrovirus B	204440	species	158482	1	0	0.0
Rhodospirillales	204441	order	0	3	0	0.0
Sphingomonadales	204457	order	0	7	0	0.0
Herminiimonas arsenicoxydans	204773	species	3424307	185	184	0.0
Novosphingobium pentaromativorans	205844	species	5457578	8	2	1.70526e-06
Methylophilales	206350	order	0	1	0	0.0
Neisseriales	206351	order	0	2	0	0.0
Nitrosomonadaceae	206379	family	0	8	0	0.0
Rhodocyclales	206389	order	0	5	0	0.0
Sulfurovum lithotrophicum	206403	species	2217891	9	9	0.0
Parvularcula bermudensis	208216	species	2902643	2	2	0.0
Enterobacter kobei	208224	species	4927478	81277	28714	0.00541381
Alkaliphilus metalliredigens	208226	species	4929566	338	285	0.0
Amycolatopsis japonica	208439	species	9053857	1	0	0.0
Carnobacterium sp. 17-4	208596	species	2685399	208	162	0.0
Escherichia albertii	208962	species	4679521	2173	819	7.74267e-53
Acanthamoeba polyphaga mimivirus	212035	species	1181549	7	5	0.0
Vibrio tasmaniensis	212663	species	4974818	51	33	0.0
Halomonas campaniensis	213554	species	4074048	73	60	0.0
Campylobacterales	213849	order	0	1	0	0.0
Salmonella phage epsilon15	215158	species	39671	28	0	0.0
Treponema caldarium	215591	species	3239340	15	15	0.0
Erwinia sp. Ejp617	215689	species	3957675	4197	3314	4.70359e-06
Pseudomonas rhizosphaerae	216142	species	4688635	2	0	0.0
Polaromonas naphthalenivorans	216465	species	5366143	7	6	0.0
Stenotrophomonas rhizophila	216778	species	4198652	6	1	0.0
Bifidobacterium longum	216816	species	3655960	29	27	0.0
Spiroplasma chrysopicola	216933	species	1123322	22	4	0.0
Spiroplasma culicicola	216935	species	1175131	51	49	0.0
Spiroplasma diminutum	216936	species	945296	109	72	0.0
Spiroplasma helicoides	216938	species	1326546	35	33	0.0
Spiroplasma sabaudiense	216944	species	1075953	26	24	0.0
Spiroplasma syrphidicola	216945	species	1107344	48	21	0.0
Clostridium carboxidivorans	217159	species	5752782	3825	2261	1.14489e-08
Pseudomonas antarctica	219572	species	6607040	10	1	0.0
Thalassospira xiamenensis	220697	species	4768950	3	3	0.0
Treponema putidum	221027	species	2800562	28	4	0.0
Helicobacter sp. MIT 01-6242	222136	species	1594790	2	2	0.0
Macroptilium mosaic Puerto Rico virus	223282	species	5186	1	1	0.0
Methylobacterium populi	223967	species	5848997	3	1	0
Methanobrevibacter sp. AbM4	224719	species	1998189	62	62	0.0
Geobacter bemidjiensis	225194	species	4615150	1	1	0.0
Rickettsia heilongjiangensis	226665	species	1278471	17	0	0.0
Thermovibrio ammonificans	228745	species	1759526	5	0	0.0
Desulfurococcus fermentans	228748	species	1384116	6	0	0.0
Aster yellows witches'-broom phytoplasma	229545	species	723970	12	9	0.0
Methanobrevibacter millerae	230361	species	2543538	43	40	0.0
Dyella	231454	genus	0	1	0	0.0
Dyella japonica	231455	species	4831185	2	0	0.0
Belliella baltica	232259	species	4196595	44	41	0.0
Acidovorax sp. JS42	232721	species	4585154	57	28	8.14718e-06
Desulfitobacterium dichloroeliminans	233055	species	3624449	44	35	0.0
Kinetoplastibacterium blastocrithidii	233181	species	820033	1	0	0.0
Alteromonas stellipolaris	233316	species	9533996	20	9	0.0
Candidatus Midichloria mitochondrii	234827	species	1183732	32	30	0.0
Pseudoalteromonas sp. SM9913	234831	species	4037671	36	0	0.0
Synechococcus phage S-PM2	238854	species	196280	4	4	0.0
Akkermansia muciniphila	239935	species	2704687	1	0	0.0
Lactobacillus paracollinoides	240427	species	10733574	17	17	0.0
Pseudonocardia dioxanivorans	240495	species	7303989	26	4	0.0
Rummeliibacillus stabekisii	241244	species	3420739	72	33	0.0
Crinalium epipsammum	241425	species	5620407	48	43	0.0
Klebsiella variicola	244366	species	10894097	104773	44735	0.0111949
Nautilia profundicola	244787	species	1676444	9	7	0.0
Wolbachia endosymbiont of Cimex lectularius	246273	species	1250060	23	9	0.0
Staphylococcus equorum	246432	species	8544915	98	70	0.0
Bacteroides cellulosilyticus	246787	species	7084828	12	11	0.0
Cupriavidus pinatubonensis	248026	species	7255290	7	4	0.0
Cardinium endosymbiont of Encarsia pergandiella	249402	species	944930	21	0	0.0
Caldanaerobacter	249529	genus	0	2	0	0.0
Candidatus Blochmannia vafer	251535	species	722585	6	2	0.0
Candidatus Blochmannia chromaiodes	251542	species	791219	6	0	0.0
Pseudomonas syringae group genomosp. 3	251701	species	6538260	4	2	0.0
Phaeocystis globosa virus	251749	species	459984	3	2	0.0
Robiginitalea biformata	252307	species	3530383	1	0	0.0
Microbulbifer thermotolerans	252514	species	3938396	6	4	0.0
Mahella australiensis	252966	species	3135972	38	33	0.0
Paraburkholderia phenoliruptrix	252970	species	7651131	8	1	0.0
Owenweeksia hongkongensis	253245	species	4000057	32	30	0.0
Fictibacillus arsenicus	255247	species	4055461	79	67	0.0
Klebsiella phage phiKO2	255431	species	51601	51	24	0.0
Chlorobaculum	256319	genus	0	2	0	0.0
Parvibaculum lavamentivorans	256618	species	3914745	1	0	0.0
Streptococcus pseudopneumoniae	257758	species	2195458	760	577	2.39409e-05
Desulfatibacillum alkenivorans	259354	species	6517073	3	2	0.0
Dechloromonas aromatica	259537	species	4501104	1	0	0.0
Campylobacter insulaenigrae	260714	species	1465081	112	84	0.0
Psychrobacter alimentarius	261164	species	3349444	22	16	0.0
Nitrosomonas sp. Is79A3	261292	species	3783444	86	81	0.0
Mycobacterium liflandii	261524	species	6399543	1	0	0.0
Kangiella koreensis	261964	species	2852073	3	0	0.0
Yersinia aleksiciae	263819	species	4000307	289	228	0.0
Bacillus muralis	264697	species	5007018	22	15	0.0
Hyposoter fugitivus ichnovirus	265522	species	246092	3	3	0.0
Rhodopirellula baltica	265606	species	7145576	1	0	0.0
Sphingopyxis granuli	267128	species	4679853	4	3	0.0
Lactobacillus kefiranofaciens	267818	species	2354088	21	5	0.0
Pseudoalteromonadaceae	267888	family	0	1	0	0.0
Shewanellaceae	267890	family	0	6	0	0.0
Methylobacterium aquaticum	270351	species	7557960	39	32	0.0
Methylomicrobium alcaliphilum	271065	species	4796711	4	2	0.0
Shewanella sediminis	271097	species	5517674	14	10	0.0
Shewanella halifaxensis	271098	species	5226917	53	43	0.0
Nostoc punctiforme	272131	species	9059191	50	28	0.0
Sphaerochaeta coccoides	273376	species	2227296	20	16	0.0
Chlorobaculum limnaeum	274537	species	2797276	1	1	0.0
Collimonas arenae	279058	species	15078336	2	2	0.0
Collimonas pratensis	279113	species	11315924	1	0	0.0
Candidatus Amoebophilus asiaticus	281120	species	1884364	29	22	0.0
Pseudoalteromonas sp. Bsw20308	283699	species	4830226	12	5	0.0
Staphylococcus pseudintermedius	283734	species	4509494	207	112	7.68116e-06
Stackebrandtia nassauensis	283811	species	6841557	3	0	0.0
Phenylobacterium zucineum	284016	species	4379231	5	3	0.0
Alcanivorax dieselolei	285091	species	4928223	2	0	0.0
Alteromonas addita	287094	species	4649146	17	0	0.0
Bradyrhizobium sp. BTAi1	288000	species	8493513	3	0	0.0
[Clostridium] clariflavum	288965	species	4897678	521	96	0.0
Bacteroides helcogenes	290053	species	3998906	7	4	0.0
Photorhabdus asymbiotica	291112	species	5094138	152	94	0.0
Thermosediminibacter oceani	291990	species	2280035	9	8	0.0
Dactylococcopsis salina	292566	species	3781008	9	6	0.0
Flavonifractor plautii	292800	species	3818500	9	7	0.0
Sphingopyxis sp. 113P3	292913	species	4664213	1	1	9.97671e-07
Haloquadratum walsbyi	293091	species	3219918	5	0	0.0
Methanobrevibacter olleyae	294671	species	2201192	111	92	0.0
Anoxybacillus amylolyticus	294699	species	3158269	50	33	0.0
Polaromonas sp. JS666	296591	species	5898676	117	98	0.0
Frankia inefficax	298654	species	8815781	2	1	0.0
Enterobacter ludwigii	299767	species	4952770	12299	3297	0.000276729
Glaciecola nitratireducens	300231	species	4134229	22	19	0.0
Bacillus lehensis	300825	species	3993073	48	32	0.0
Roseburia hominis	301301	species	3592125	12	1	0.0
Methanosaeta harundinacea	301375	species	2571034	2	2	0.0
Advenella mimigardefordensis	302406	species	4764126	1	1	0.0
Catenulispora acidiphila	304895	species	10467782	4	0	0.0
Pusillimonas	305976	genus	0	3	0	0.0
Streptococcus phage 2972	306323	species	34704	6	1	0.0
Elizabethkingia	308865	genus	0	4	0	0.0
Persephonella marina	309805	species	1983966	45	27	0.0
Sulfurihydrogenibium azorense	309806	species	1640877	34	12	0.0
Candidatus Liberibacter americanus	309868	species	1195201	72	51	0.0
Advenella kashmirensis	310575	species	4423879	1	1	0.0
Deinococcus deserti	310783	species	3855329	4	0	0.0
Flavobacterium indicum	312277	species	2993089	120	115	0.0
Emticicia oligotrophica	312279	species	5220361	21	17	0.0
Pseudomonas entomophila	312306	species	5888780	4	2	0.0
Croceibacter atlanticus	313588	species	2952962	34	20	0.0
Dokdonia sp. MED134	313590	species	3302548	39	30	0.0
Polaribacter sp. MED152	313598	species	2961474	97	84	0.0
Maribacter sp. HTCC2170	313603	species	3868304	11	7	0.0
Geobacter lovleyi	313985	species	3994874	1	1	0.0
Alteromonas mediterranea	314275	species	5274170	42	39	0.0
Psychromonas sp. CNPT3	314282	species	3052410	34	26	0.0
Pseudoxanthomonas suwonensis	314722	species	3655384	6	1	0.0
Spiroplasma eriocheiris	315358	species	1365714	71	48	0.0
Streptococcus gallolyticus	315405	species	2285714	378	107	5.17961e-25
Leadbetterella byssophila	316068	species	4059653	14	12	0.0
Syntrophus aciditrophicus	316277	species	3179300	5	0	0.0
Synechococcus sp. RCC307	316278	species	2224914	1	1	0.0
Nostoc sp. PCC 7107	317936	species	6329823	64	58	0.0
Beggiatoa leptomitiformis	319938	species	4265296	9	8	0.0
Cyclobacterium amurskyense	320787	species	6158829	24	13	0.0
Aeromonas virus 31	321023	species	172963	1	0	0.0
Synechococcus sp. JA-2-3B'a(2-13)	321332	species	3046682	31	29	0.0
Dokdonella koreensis	323415	species	4446619	3	0	0.0
Paenibacillus sp. JDR-2	324057	species	7184930	14	14	0.0
Bacillus infantis	324767	species	4884713	11	7	0.0
Coxiella endosymbiont of Amblyomma americanum	325775	species	656901	4	2	0.0
Dokdonia donghaensis	326320	species	3293944	14	6	0.0
Paraglaciecola psychrophila	326544	species	5413691	6	6	0.0
Candidatus Accumulibacter	327159	genus	0	1	0	0.0
Candidatus Accumulibacter phosphatis	327160	species	5306133	2	2	0.0
Nonlabens dokdonensis	328515	species	3914632	69	66	0.0
Nitrospira defluvii	330214	species	4317083	1	0	0.0
Listeria phage B025	330396	species	42653	9	0	0.0
Psychrobacter cryohalolentis	330922	species	3101097	15	9	0.0
Sphingobium japonicum	332056	species	4424862	6	2	0
Candidatus Solibacter usitatus	332163	species	9965640	1	0	0.0
Truepera radiovictrix	332249	species	3260398	2	1	0.0
Exiguobacterium sibiricum	332410	species	3040786	19	11	0.0
Psychrobacter arcticus	334543	species	2650701	2	1	0.0
Bradyrhizobium sp. S23321	335659	species	7231841	1	0	0.0
Xanthobacteraceae	335928	family	0	1	0	0.0
Thermovirga lienii	336261	species	1999646	18	12	0.0
Chlorobium chlorochromatii	337090	species	2572079	17	17	0.0
Erwinia tasmaniensis	338565	species	4067864	566	520	0.0
Blattabacterium sp. (Panesthia angustipennis spadica)	340044	species	632490	9	1	0.0
Burkholderia oklahomensis	342113	species	7224347	1	0	0.0
Thermococcus onnurineus	342948	species	1847607	1	1	0.0
Pyrococcus sp. NA2	342949	species	1861320	1	0	0.0
Escherichia phage phiV10	343516	species	39104	2	0	0.0
Invertebrate iridescent virus 30	345585	species	198533	1	0	0.0
Geobacter pickeringii	345632	species	3618700	15	12	0.0
Psychrobacter sp. PRwf-1	349106	species	2995049	6	4	0.0
Corynebacterium marinum	349751	species	2729219	2	1	0.0
Oscillibacter valericigenes	351091	species	4470622	8	6	0.0
Geobacter uraniireducens	351604	species	5136364	2	2	0.0
Xenorhabdus doucetiae	351671	species	4203651	45	31	0.0
Xenorhabdus hominickii	351679	species	4522699	576	563	0.0
Shewanella sp. W3-18-1	351745	species	4708380	10	2	0.0
Niastella koreensis	354356	species	9033684	5	4	0.0
Bacteroides dorei	357276	species	5310365	5	5	0.0
Psychromonas ingrahamii	357794	species	4559598	27	14	0.0
Roseiflexus sp. RS-1	357808	species	5801598	1	0	0.0
Lutibacter	358023	genus	0	1	0	0.0
Acidovorax sp. KKS102	358220	species	5196935	14	3	0
Shewanella loihica	359303	species	4602594	5	4	0.0
Methylotenera mobilis	359408	species	2547570	15	10	0.0
Exiguobacterium sp. AT1b	360911	species	2999895	10	0	0.0
Altererythrobacter epoxidivorans	361183	species	2786256	3	2	0.0
Pseudarthrobacter phenanthrenivorans	361575	species	4535320	1	1	0.0
Spiroplasma cantharicola	362837	species	1179577	135	113	0.0
Verminephrobacter	364316	genus	0	16	0	0.0
Verminephrobacter eiseniae	364317	species	5597943	10	9	0.0
Granulibacter bethesdensis	364410	species	2717856	1	0	0.0
Pelosinus	365348	genus	0	1	0	0.0
Pelosinus fermentans	365349	species	5380816	114	89	0.0
Sulfurospirillum cavolei	366522	species	2698323	1	0	0.0
Caulobacter sp. K31	366602	species	5889399	3	3	0.0
Xanthomonas alfalfae	366650	species	4967469	1	0	0.0
Yersinia similis	367190	species	4964409	279	264	0.0
Blattabacterium sp. (Periplaneta americana)	367488	species	640442	28	16	0.0
Blattabacterium sp. (Blatta orientalis)	367806	species	638184	44	35	0.0
Cupriavidus sp. USMAA1020	367825	species	7949449	1	0	0.0
Gallionella capsiferriformans	370405	species	3162471	13	1	0.0
Rivularia sp. PCC 7116	373994	species	8728773	28	24	0.0
Enterobacteria phage phiX174 sensu lato	374840	species	5386	11	1	0.0
Synechococcus sp. PCC 7003	374981	species	3345085	1	0	0.0
Synechococcus sp. PCC 73109	374982	species	3298676	1	0	0.0
Lactobacillus backii	375175	species	14123253	17	14	0
Janthinobacterium sp. Marseille	375286	species	4110251	53	2	2.23607e-28
Natranaerobius thermophilus	375929	species	3191453	115	83	0.0
Halotalea alkalilenta	376489	species	4387428	6	6	0.0
Bacteroides salanitronis	376805	species	4308663	2	2	0.0
Goatpox virus Pellor	376852	leaf	149599	3	3	0.0
Thermobacillus composti	377615	species	4355525	6	4	2.13658e-06
Cyanobacterium aponinum	379064	species	4176973	47	32	0.0
Streptomyces bingchenggensis	379067	species	11936683	2	2	0.0
Glossina pallidipes salivary gland hypertrophy virus	379529	leaf	190032	1	0	0.0
Aciduliprofundum boonei	379547	species	1486778	40	36	0.0
Pseudomonas protegens	380021	species	6923588	21	1	0.0
Hydrogenobaculum sp. Y04AAS1	380749	species	1559514	42	40	0.0
Cycloclasticus sp. P1	385025	species	2363215	3	1	0.0
Candidatus Ruthia magnifica	386487	species	1160782	42	39	0.0
Nitratiruptor sp. SB155-2	387092	species	1877931	3	3	0.0
Sulfurovum sp. NBC37-1	387093	species	2562277	3	3	0.0
Bartonella australis	388640	species	1596490	3	2	0.0
Pontibacter akesuensis	388950	species	4829559	4	1	0.0
Protochlamydia naegleriophila	389348	species	3030375	3	0	0.0
Echinicola vietnamensis	390884	species	5608040	11	11	0.0
Ehrlichia sp. HF	391036	species	1148904	1	0	0.0
Terriglobus roseus	392734	species	5227858	2	0	0.0
Clostridium taeniosporum	394958	species	3503541	16059	9378	7.83229e-06
Coraliomargarita akajimensis	395922	species	3750771	29	27	0.0
Cyanothece sp. PCC 7425	395961	species	5786110	1	1	0.0
Cyanothece sp. PCC 8802	395962	species	4803347	25	14	0.0
Clostridium phage phiSM101	396359	species	38092	10	10	0.0
Thioalkalivibrio sp. K90mix	396595	species	2985056	4	1	0.0
Sphingomonas sanxanigenens	397260	species	6580298	15	12	2.22384e-06
Barnesiella viscericola	397865	species	3076856	3	3	0.0
Zunongwangia profunda	398743	species	5128187	70	66	0.0
Staphylococcus phage CNPH82	398839	species	43420	4	1	0.000107162
Staphylococcus phage PH15	399185	species	44041	2	2	0.000105651
Thermoanaerobacter sp. X514	399726	species	2457259	104	44	0.0
Enterobacter sp. 638	399742	species	4676461	10948	9877	1.16577e-05
Pontibacter korlensis	400092	species	5462537	210	205	0.0
Marinomonas sp. MWYL1	400668	species	5100344	33	16	0.0
Candidatus Riesia pediculicola	401619	species	582127	30	25	0.0
Virgibacillus sp. SK37	403957	species	3841730	118	97	0.0
Shewanella piezotolerans	404011	species	5396476	20	14	0.0
Anaeromyxobacter sp. Fw109-5	404589	species	5277990	1	0	0.0
Alicyclobacillus acidocaldarius	405212	species	3164867	6	2	0.0
Sphingobium sp. MI1205	407020	species	4619375	4	2	6.65111e-28
Salinicoccus halodurans	407035	species	2778379	39	34	1.6747e-06
Streptomyces xiamenensis	408015	species	5961401	1	1	0.0
Treponema pedis	409322	species	2889325	46	8	0.0
Calyptogena okutanii thioautotrophic gill symbiont	410330	species	1022154	25	10	0.0
Gramella forsetii	411153	species	3798465	192	165	0.0
Thermosulfidibacter takaii	412593	species	1816670	17	15	0.0
Paraburkholderia rhizoxinica	412963	species	3750138	1	1	0.0
Cronobacter	413496	genus	0	13871	2	0.0
Cronobacter dublinensis	413497	species	4628405	234	113	5.2767e-34
Cronobacter muytjensii	413501	species	4364114	4208	3054	0.000100269
Cronobacter turicensis	413502	species	4599092	1248	748	1.20504e-05
Cronobacter malonaticus	413503	species	4516853	32951	6753	0.000687868
[Polyangium] brachysporum	413882	species	6476147	1	0	0.0
Caldicellulosiruptor hydrothermalis	413888	species	2770676	54	20	0.0
Caldicellulosiruptor kronotskyensis	413889	species	2843785	146	74	0.0
Enterobacteria phage cdtI	414970	species	47021	25	0	0.0
Opitutae	414999	class	0	1	0	0.0
Pseudoxanthomonas spadix	415229	species	3452554	3	1	0.0
Methanosarcina horonobensis	418008	species	5018607	18	13	0.0
Azoarcus olearius	418699	species	4451751	2	0	0.0
Ochrobactrum pseudogrignonense	419475	species	4992805	2	0	0.0
Methanolobus psychrophilus	420950	species	3072769	3	3	0.0
Streptococcus phage phi3396	423476	species	38528	4	4	0.0
Elusimicrobium minutum	423605	species	1643562	24	21	0.0
Rhizobium sp. IRBG74	424182	species	5464982	1	1	0.0
Methylobacterium sp. 4-46	426117	species	7737025	2	2	0.0
Desulfurivibrio	427922	genus	0	2	0	0.0
Desulfurivibrio alkaliphilus	427923	species	3097763	2	0	0.0
Pedobacter steynii	430522	species	6581659	23	15	0.0
Enterobacteria phage HK106	432198	species	41468	477	34	0.0
Enterobacteria phage HK542	432200	species	38964	1633	724	7.70464e-13
Enterobacteria phage HK544	432201	species	40155	149	0	0.0
Deinococcus peraridilitoris	432329	species	4513714	7	7	0.0
Lysobacter capsici	435897	species	6391889	1	1	0.0
Sulfurihydrogenibium sp. YO3AOP1	436114	species	1838442	15	8	0.0
Streptomyces sp. CNQ-509	444103	species	8039333	1	0	0.0
Synechococcus phage S-SSM7	445686	species	232878	13	12	0.0
Prochlorococcus phage P-SSM7	445688	species	182180	2	2	0.0
Prochlorococcus phage P-HM2	445696	species	183806	2	2	0.0
Pandoraea thiooxydans	445709	species	4464186	3	2	0.0
Dyella thiooxydans	445710	species	4227172	3	1	0.0
Niabella soli	446683	species	4697343	4	4	0.0
Anaeromyxobacter sp. K	447217	species	5061632	2	0	0.0
Simiduia agarivorans	447471	species	4300227	4	2	0.0
Nocardioides dokdonensis	450734	species	4376707	1	1	0.0
Desulfarculus baarsii	453230	species	3655731	3	2	0.0
Agromyces sp. AR33	453304	species	4373124	1	0	0.0
Bdellovibrio exovorus	453816	species	2657893	18	14	0.0
Chrysochromulina ericina virus	455364	species	473558	31	31	0.0
Candidatus Cloacimonas acidaminovorans	456827	species	2246820	21	6	0.0
Streptococcus phage 858	459845	species	35543	5	0	0.0
Alkaliphilus oremlandii	461876	species	3123558	106	77	0.0
Bordetella flabilis	463014	species	5954318	8	4	0.0
Bordetella bronchialis	463025	species	11845675	4	3	0.0
Steroidobacter denitrificans	465721	species	3467246	3	2	0.0
Singulisphaera acidiphila	466153	species	9755686	4	0	0.0
Ilumatobacter coccineus	467094	species	4830181	7	4	0.0
Pantoea vagans	470934	species	4888338	252	203	0.0
Geobacillus sp. WCH70	471223	species	3508804	20	5	0.0
Nitrosococcus watsonii	473531	species	3373286	6	3	0.0
Altererythrobacter ishigakiensis	476157	species	2673978	1	1	0.0
Desulfurococcus kamchatkensis	477693	species	1365223	8	1	0.0
Calditerrivibrio nitroreducens	477976	species	2216552	46	20	0.0
Chloroflexus sp. Y-400-fl	480224	species	5268950	7	0	0.0
Myroides profundi	480520	species	4064534	83	72	0.0
Paenibacillus sp. Y412MC10	481743	species	7121665	24	12	0.0
Oscillatoria nigro-viridis	482564	species	8272254	9	4	0.0
Geoalkalibacter subterraneus	483547	species	3717645	3	1	0.0
Paenibacillus riograndensis	483937	species	7919576	6	3	0.0
Sphingobium sp. YBL2	484429	species	5427419	9	3	0.0
Pelosinus sp. UFO1	484770	species	5115410	240	203	0.0
Serratia sp. SCBI	488142	species	5101896	130	78	0.0
Burkholderia latens	488446	species	6614478	2	1	0.0
Campylobacter peloridis	488546	species	1762793	69	48	0.0
Burkholderia metallica	488729	species	7424240	1	0	0.0
Burkholderia seminalis	488731	species	7648944	2	0	0.0
Marinobacter sp. BSs20148	490759	species	4063864	17	16	0.0
Bacillus velezensis	492670	species	7701267	26	19	0.0
Thermoanaerobacter pseudethanolicus	496866	species	2362816	102	0	0.0
Campylobacter subantarcticus	497724	species	1817765	52	9	0.0
Kosakonia oryzae	497725	species	5303342	723	459	5.78084e-111
Cyanothece sp. PCC 7822	497965	species	7841948	22	20	0.0
Tepidanaerobacter acetatoxydans	499229	species	5521119	94	88	0.0
Deinococcus gobiensis	502394	species	4406036	4	0	0.0
Eggerthella sp. YY7918	502558	species	3123671	6	4	0.0
Halomonas chromatireducens	507626	species	3973651	4	0	0.0
Oceanimonas sp. GK1	511062	species	3527244	40	29	0.0
Candidatus Azobacteroides pseudotrichonymphae	511435	species	1224919	43	43	0.0
Methylacidiphilum infernorum	511746	species	2287145	2	1	0.0
Rufibacter tibetensis	512763	species	5413467	12	9	0.0
Dictyoglomus turgidum	513050	species	1855560	43	38	0.0
Microcystis panniformis	513223	species	5686839	52	0	0.0
Muricauda lutaonensis	516051	species	3274259	5	3	0.0
Azospirillum thiophilum	528244	species	7609458	1	0	0.0
Rhodoluna lacicola	529884	species	1430433	12	12	0.0
Pelagibacterium halotolerans	531813	species	3948887	8	7	0.0
Flavobacteriaceae bacterium 3519-10	531844	species	2768102	3	2	0.0
Klebsiella phage K11	532077	species	41181	1	0	0.0
Cronobacter universalis	535744	species	4436873	226	67	1.38396e-32
Mesorhizobium australicum	536018	species	6200534	3	2	0.0
Altererythrobacter marensis	543877	species	2885033	1	1	0.0
beta proteobacterium CB	543913	species	2045720	1	0	0.0
Actinomyces oris	544580	species	3042917	1	1	0.0
Hydrogenobaculum sp. 3684	547143	species	1552775	5	0	0.0
Hydrogenobaculum sp. HO	547144	species	1552931	5	0	0.0
Hydrogenobaculum sp. SHO	547145	species	1552607	5	0	0.0
Hydrogenobaculum sp. SN	547146	species	1552931	5	0	0.0
Phycisphaera mikurensis	547188	species	3884382	2	2	0.0
Bacillus phage PM1	547228	species	50861	1	1	0.0
Dehalogenimonas lykanthroporepellens	552810	species	1686510	3	2	0.0
Vibrio breoganii	553239	species	4492180	3	3	0.0
Candidatus Liberibacter solanacearum	556287	species	1258278	26	22	0.0
Acidianus hospitalis	563177	species	2137654	3	3	0.0
Psychrobacter sp. G	571800	species	3113999	5	0	0.0
Corynebacterium mustelae	571915	species	3474226	5	4	0.0
Thermoanaerobacter sp. X513	573062	species	2456520	113	43	0.0
Francisella sp. TX077308	573569	species	2035931	80	54	0.0
Pandoraea oxalativorans	573737	species	6500731	2	2	0.0
Photorhabdus temperata	574560	species	5147098	74	28	0.0
Corynebacterium maris	575200	species	2833547	1	1	0.0
Bacillus cytotoxicus	580165	species	4094159	149	91	0.0
Geobacillus sp. Y4.1MC1	581103	species	3911947	31	15	0.0
Thermococcus paralvinellae	582419	species	1957742	13	5	0.0
Thermoanaerobacter mathranii	583357	species	2306092	143	41	0.0
Terribacillus aidingensis	586416	species	3577082	50	45	0.0
Pseudomonas chlororaphis	587753	species	16842584	54	40	0.0
Brevundimonas naejangsanensis	588932	species	2971535	284	274	3.13168e-06
Prevotella fusca	589436	species	3261806	10	9	0.0
Alteromonas australica	589873	species	8766305	3	3	0.0
Methylacidiphilum fumariolicum	591154	species	2476671	25	25	0.0
Ignavibacterium album	591197	species	3658997	75	70	0.0
Pantoea sp. At-9b	592316	species	6312783	462	324	0.0
Mesorhizobium opportunistum	593909	species	6884444	1	0	0.0
Allofrancisella guangzhouensis	594679	species	1661527	60	27	0.0
Arthrobacter sp. A3	595593	species	4458287	1	0	0.0
Blattabacterium sp. (Blattella germanica)	624186	species	640935	22	4	0.0
Sphingobium sp. SYK-6	627192	species	4348133	7	3	0
Bifidobacterium kashiwanohense	630129	species	2354106	2	0	0.0
Spongiibacter	630749	genus	0	1	0	0.0
Bacillus beveridgei	632773	species	3582268	5	2	0.0
Streptococcus phage Abc2	633135	species	34882	1	0	0.0
Arsenophonus symbiont of Lipoptena fortisetosa	634113	species	836724	48	30	0.0
Lactobacillus koreensis	637971	species	3006812	2	1	0.0
Bifidobacterium actinocoloniiforme	638619	species	1830060	1	1	0.0
Burkholderia sp. CCGE1001	640510	species	7253494	1	0	0.0
Burkholderia sp. CCGE1002	640511	species	7884858	2	1	0.0
Streptococcus phage PH10	644007	species	31276	54	50	0.0
Methanocaldococcus sp. FS406-22	644281	species	1773136	49	34	0.0
Altererythrobacter namhicola	645517	species	2591679	1	1	0.0
Streptococcus phage 5093	646413	species	37184	1	0	0.0
Penguinpox virus	648998	species	306862	8	5	0.0
Micromonospora sp. L5	648999	species	6962533	1	0	0.0
Actinoplanes sp. N902-109	649831	species	9228054	1	1	0.0
Sulfuricella denitrificans	649841	species	3217213	21	10	0.0
Kosmotoga olearia	651457	species	2302126	67	52	0.0
Prevotella sp. oral taxon 299	652716	species	2480269	63	40	0.0
Arthrobacter alpinus	656366	species	8380101	22	20	0.0
Halanaerobium hydrogeniformans	656519	species	2613117	132	83	0.0
Francisella noatunensis	657445	species	2229531	32	27	0.0
Candidatus Koribacter versatilis	658062	species	5650368	1	0	0.0
Bacillus bombysepticus	658666	species	5873592	168	0	0.0
Enterococcus phage phiEf11	663241	species	42822	64	16	1.06431e-78
Borreliella bavariensis	664662	species	986914	45	3	0.0
Bacillus oceanisediminis	665099	species	5848607	33	28	0.0
Phycisphaera	666508	genus	0	1	0	0.0
Rhodanobacter denitrificans	666685	species	4225490	2	1	0.0
Bacillus sp. 1NLA3E	666686	species	4815602	63	50	0.0
Tenacibaculum dicentrarchi	669041	species	2918253	55	44	0.0
Candidatus Profftella armatura	669502	species	927880	9	7	0.0
Propionibacterium sp. oral taxon 193	671223	species	2649207	2	1	0.0
Enterococcus phage phiFL1A	673832	leaf	38764	45	19	6.9629e-155
Enterococcus phage phiFL2A	673835	leaf	36270	82	4	3.50677e-15
Enterococcus phage phiFL3A	673837	leaf	39576	183	15	0.000625044
Candidatus Babela massiliensis	673862	species	1118422	21	14	0.0
Cotton leaf curl Shadadpur virus	674996	species	2748	1	1	0.0
Rhodococcus sp. WMMA185	679318	species	4444448	2	2	0.0
Agarivorans gilvus	680279	species	4416600	58	54	0.0
Streptococcus phage Alq132	682370	species	35525	6	5	0.0
Martelella sp. AD-3	686597	species	5036008	2	1	0.0
Cyanophage S-RIM50	687803	species	174307	2	2	0.0
Geobacillus sp. C56-T3	691437	species	3650813	1	1	0.0
Altererythrobacter dongtanensis	692370	species	3009495	1	1	0.0
Caldisericum exile	693075	species	1558103	48	38	0.0
Cafeteria roenbergensis virus BV-PW1	693272	leaf	617453	1	1	0.0
Enterobacteriaceae bacterium strain FGI 57	693444	species	4762179	696	151	3.97168e-06
Staphylococcus phage SA1	694060	species	147303	1	0	0.0
Marseillevirus marseillevirus	694581	species	368454	4	0	0.0
Escherichia phage vB_EcoM_VR7	700939	leaf	169285	3	0	0.0
Novosphingobium sp. PP1Y	702113	species	5313905	5	4	0.0
Actinomyces sp. oral taxon 414	712122	species	3836419	2	0	0.0
Leptotrichia sp. oral taxon 212	712357	species	2444904	135	114	0.0
Olsenella sp. oral taxon 807	712411	species	3213585	1	0	0.0
Selenomonas sp. oral taxon 478	712538	species	2284135	6	1	0.0
Streptococcus sp. oral taxon 431	712633	species	2177905	411	301	4.55845e-16
Tannerella sp. oral taxon HOT-286	712710	species	2973531	2	1	0.0
Selenomonas sp. oral taxon 136	713030	species	2458072	5	0	0.0
Gallionellales	713636	order	0	2	0	0.0
Candidatus Atelocyanobacterium thalassa	713887	species	1443806	21	18	0.0
Alteromonas naphthalenivorans	715451	species	4972148	11	9	0.0
Caldicellulosiruptor obsidiansis	717609	species	2532343	96	74	0.0
cyanobacterium endosymbiont of Epithemia turgida	718217	species	2794318	57	48	0.0
Acidovorax ebreus	721785	species	3796573	50	28	1.31784e-05
Campylobacter virus CPt10	722418	species	175720	1	1	0.0
Rahnella sp. Y9602	741091	species	5614252	70	8	0.0
Delftia sp. Cs1-4	742013	species	6685842	6	1	0.0
Sphingobacterium sp. 21	743722	species	6226409	5	5	0.0
alpha proteobacterium HIMB59	744985	species	1410127	32	19	0.0
Sphingomonas sp. MM-1	745310	species	4633613	9	5	0
Pseudogulbenkiania sp. NH8B	748280	species	4332995	26	10	0.0
Sulfuritalea hydrogenivorans	748811	species	3802648	4	1	0.0
Winogradskyella sp. PG-2	754409	species	3811479	21	19	0.0
Methylophaga nitratireducenticrescens	754476	species	3137191	31	21	0.0
Methylophaga frappieri	754477	species	2745290	20	5	0.0
Clostridium sp. BNL1100	755731	species	4613747	254	144	0.0
Bacillus sp. WP8	756828	species	3708888	90	37	0.0
Weissella ceti	759620	species	4135763	20	12	0.0
Siansivirga zeaxanthinifaciens	762954	species	3303986	29	21	0.0
Enterococcus phage EFRM31	767806	species	16945	1	0	0.0
Candidatus Puniceispirillum marinum	767892	species	2753527	5	0	0.0
Serratia sp. AS12	768490	species	5443009	195	0	0.0
Serratia sp. AS13	768493	species	5442549	195	0	0.0
Opitutaceae bacterium TAV5	794903	species	7417673	7	4	0.0
Hydrogenophaga sp. PBC	795665	species	5232477	45	29	3.12608e-06
alpha proteobacterium HIMB5	859653	species	1343202	89	57	0.0
Kibdelosporangium phytohabitans	860235	species	11759770	1	1	0.0
Agrobacterium sp. H13-3	861208	species	5573770	4	1	0.0
Thermincola potens	863643	species	3157416	37	29	0.0
Methanobacterium paludis	868131	species	2546541	22	21	0.0
Terriglobus saanensis	870903	species	5095226	1	0	0.0
Clostridium phage phiCTP1	871584	species	59199	1	1	0.0
Peptoniphilus sp. 1-1	875453	species	1601846	53	43	0.0
Cupriavidus sp. USMAA2-4	876364	species	8698226	4	2	0.0
Methanobacterium lacus	877455	species	2583753	5	3	0.0
Chryseobacterium sp. StRB126	878220	species	5503743	95	74	0.0
Shinella sp. HZN7	879274	species	7354253	32	28	0.0
Mageeibacillus indolicus	884684	species	1809746	11	10	0.0
Desulfosporosinus acidiphilus	885581	species	4991181	55	51	0.0
Methylovorus sp. MP688	887061	species	2862391	1	1	0.0
Cyanophage MED4-117	889954	species	38834	5	5	0.0
Prochlorococcus phage MED4-213	889956	species	180977	2	2	0.0
Plautia stali symbiont	891974	species	4092852	206	152	5.89812e-93
Escherichia phage HK75	906668	species	36661	24	0	0.0
Escherichia phage HK639	906669	species	49576	1508	1091	0.000488685
Caldanaerobacter subterraneus	911092	species	2689445	76	46	0.0
Kangiella geojedonensis	914150	species	2495242	2	0	0.0
Erwinia phage phiEt88	925984	species	47279	2	2	0.0
Sandaracinus amylolyticus	927083	species	10327335	1	0	0.0
Pseudomonas brassicacearum	930166	species	13594158	7	1	0.0
Desulfurispirillum indicum	936456	species	2928377	9	7	0.0
Marinomonas posidonica	936476	species	3899940	5	3	0.0
Granulicella mallensis	940614	species	6237577	1	0	0.0
Granulicella tundricola	940615	species	5503984	1	0	0.0
Arcobacter sp. L	944547	species	2947662	200	115	0.0
Paraburkholderia sprentiae	948107	species	7829542	4	2	0.0
Leuconostoc sp. C2	979982	species	1877273	32	11	0.0
Brucella vulpis	981386	species	3238137	1	1	0.0
Lacinutrix sp. 5H-3-7-4	983544	species	3296168	94	68	0.0
Glaciecola sp. 4H-3-7+YE-5	983545	species	5393591	17	15	0.0
Dokdonia sp. 4H-3-7-5	983548	species	3389993	8	8	0.0
Cronobacter phage ENT39118	984175	species	39012	19	6	0.0
Mycoplasma parvum	984991	species	564395	9	9	0.0
Staphylococcus argenteus	985002	species	2787638	159	117	2.53719e-22
Vulcanisaeta moutnovskia	985052	species	2298983	3	3	0.0
Staphylococcus agnetis	985762	species	2503399	94	32	0.0
Polymorphum gilvum	991904	species	4718963	1	0	0.0
Candidatus Kinetoplastibacterium desouzaii	994692	species	833125	14	12	0.0
Candidatus Kinetoplastibacterium galatii	994695	species	822140	38	30	0.0
Candidatus Kinetoplastibacterium oncopeltii	994696	species	810172	25	24	0.0
Rotavirus F chicken/03V0568/DEU/2003	994994	leaf	18341	1	1	0.0
Lausannevirus	999883	species	346754	12	11	0.0
Candidatus Pelagibacter sp. IMCC9063	1002672	species	1284727	6	6	0.0
Fimbriimonas ginsengisoli	1005039	species	5231762	1	1	0.0
Metallosphaera cuprina	1006005	species	1840348	6	4	0.0
Defluviitoga tunisiensis	1006576	species	2053097	31	25	0.0
Aguacate virus	1006583	species	12408	4	4	0.0
Pusillimonas sp. T7-7	1007105	species	3924810	3	2	0.0
Lactobacillus ginsenosidimutans	1007676	species	2590556	73	22	0.0
Stenotrophomonas phage phiSHP2	1027253	species	5819	1	0	0.0
Pseudomonas sp. StFLB209	1028989	species	6332373	9	5	0.0
Campylobacter volucris	1031542	species	1517949	41	31	0.0
Marinobacter adhaerens	1033846	species	4651725	1	1	0.0
Thioalkalivibrio sulfidiphilus	1033854	species	3464554	62	3	2.80455e-200
Rhodococcus sp. WB1	1033922	species	6148559	2	0	0.0
Planococcus plakortidis	1038856	species	3261818	4	1	0.0
Candidatus Arthromitus sp. SFB-rat-Yit	1041504	species	1515556	392	313	0.0
Clostridium sp. SY8519	1042156	species	2835737	14	1	0.0
Candidatus Moranella endobia	1048758	species	538248	62	50	0.0
Acinetobacter phage ZZ1	1049283	species	166687	1	1	0.0
Corynebacterium epidermidicanis	1050174	species	2692072	1	0	0.0
Methylotenera versatilis	1055487	species	3059871	14	4	0.0
Trueperella	1069494	genus	0	1	0	0.0
Candidatus Gullanella endobia	1070130	species	938041	34	21	0.0
Corynebacterium uterequi	1072256	species	2419437	1	1	0.0
Lactobacillus heilongjiangensis	1074467	species	2790548	95	75	0.0
Yoka poxvirus	1076255	species	175699	1	1	0.0
Pantoea rwandensis	1076550	species	4327607	108	86	0.0
Thiolapillus brandeum	1076588	species	3153637	1	0	0.0
Leptolyngbya sp. O-77	1080068	species	5480261	1	1	0.0
Persicobacter sp. JZB09	1085624	species	8251744	18	16	0.0
Dickeya solani	1089444	species	4919833	200	160	0.0
Enterobacteria phage IME10	1090133	species	39646	5	0	0.0
Burkholderia sp. YI23	1097668	species	8896411	2	1	0.0
Chromobacterium vaccinii	1108595	species	5041230	28	28	0.0
Thermus sp. CCB_US3_UF1	1111069	species	2263488	1	0	0.0
Alcanivorax sp. NBRC 101098	1113728	species	3095417	4	1	0.0
Spiroplasma atrichopogonis	1114980	species	1160484	24	0	0.0
Vibrio sp. EJY3	1116375	species	5452646	11	1	0.0
Elizabethkingia anophelis	1117645	species	7985304	71	53	0.0
Arthrobacter sp. Rue61a	1118963	species	5081038	1	0	0.0
Magnetococcus marinus	1124597	species	4719581	3	2	0.0
Escherichia phage TL-2011b	1124654	species	44784	1	1	0.0
Bacillus sp. JS	1127744	species	4120406	18	1	0.0
Clostridium phage phi24R	1128071	species	18919	1	1	0.0
Leptotrichiaceae	1129771	family	0	1	0	0.0
Erwinia phage PEp14	1131315	species	60714	1	1	0.0
Dehalobacter sp. CF	1131462	species	3092048	2	0	0.0
Sphaerochaeta globosa	1131703	species	3316466	26	24	0.0
Sphaerochaeta pleomorpha	1131707	species	3590853	18	9	0.0
Melioribacter roseus	1134405	species	3300414	13	12	0.0
Klebsiella michiganensis	1134687	species	29869212	28949	5217	2.3377e-05
Kangiella sediminilitoris	1144748	species	2496140	95	82	0.0
Lysinibacillus varians	1145276	species	4662822	96	56	0.0
Staphylococcus phage StB20	1147043	species	40917	1	0	0.0
Staphylococcus phage StB27	1147044	species	40071	1	1	0.0
Dehalobacter sp. DCA	1147129	species	3069953	2	0	0.0
Salmonella phage SPN3UB	1147140	species	47355	16	12	0.0
Enterobacteria phage HK140	1147143	species	40710	563	11	0.0
Enterobacteria phage HK225	1147144	species	45366	2408	1477	0.00161312
Enterobacteria phage HK446	1147145	species	39026	285	26	0.0
Enterobacteria phage HK633	1147147	species	41528	1	1	0.0
Enterobacteria phage mEp043 c-1	1147149	species	42780	284	0	0.0
Enterobacteria phage mEp235	1147150	species	37595	2522	1234	0.000300537
Enterobacteria phage mEp237	1147151	species	44375	332	22	0.0
Enterobacteria phage mEp460	1147152	species	44510	5	2	0.0
Enterobacteria phage mEpX1	1147153	species	41567	280	28	5.60016e-35
Enterobacteria phage mEpX2	1147154	species	38759	550	0	0.0
Enterobacterial phage mEp213	1147156	species	44120	284	0	0.0
Enterobacterial phage mEp234	1147157	species	39578	293	0	0.0
Enterobacterial phage mEp390	1147158	species	40029	2303	1892	0.000687338
Acinetobacter oleivorans	1148157	species	4152543	69	21	0.0
Moorea producens	1155739	species	9708656	21	18	0.0
Streptococcus sp. I-G2	1156431	species	1992567	119	63	0
Streptococcus sp. I-P16	1156433	species	2023580	84	30	5.23957e-06
Thermotoga sp. Cell2	1157947	species	1749904	12	0	0.0
Kosakonia sacchari	1158459	species	4902066	15687	14473	1.06044e-05
Ruminococcus bicirculans	1160721	species	2968500	44	34	0.0
Cronobacter condimenti	1163710	species	4499482	1399	361	1.5478e-23
Pectobacterium sp. SCC3193	1166016	species	5164411	134	77	0.0
Enterobacter sp. R4-368	1166130	species	5155034	4080	3211	7.20737e-05
Sphingomonas sp. NIC1	1167641	species	3660563	2	1	1.27517e-06
Draconibacterium orientale	1168034	species	5132075	14	12	0.0
Salmonella phage vB_SemP_Emek	1168548	species	39783	1	0	0.0
Salmonella phage vB_SosS_Oslo	1168549	species	49116	8	1	0.0
Listeria phage vB_LmoM_AG20	1168744	species	133057	2	0	0.0
Gloeocapsa sp. PCC 7428	1173026	species	5882710	34	26	0.0
Microcoleus sp. PCC 7113	1173027	species	7966510	13	13	0.0
Synechococcus sp. PCC 7502	1173263	species	3583735	17	16	0.0
Salmonella phage FSLSP030	1173754	species	59746	2	0	0.0
Listeria phage LP-048	1173764	species	133048	2	0	0.0
Salmonella phage FSL SP-004	1173769	species	29742	1340	1035	0.00237273
Methanocella arvoryzae	1175445	species	3179916	2	2	0.0
Niabella ginsenosidivorans	1176587	species	5627734	9	8	0.0
Agrobacterium fabrum	1176649	species	5674258	16	13	0.0
Halomonas huangheensis	1178482	species	4757486	8	5	0.0
Paenibacillus swuensis	1178515	species	5012599	38	0	0.0
Bacillus xiamenensis	1178537	species	3637729	90	50	0.0
Deinococcus puniceus	1182568	species	2971983	3	1	0.0
Magnetospira	1182780	genus	0	1	0	0.0
Pyrococcus sp. ST04	1183377	species	1736885	18	15	0.0
Mesotoga prima	1184387	species	2975953	6	5	0.0
Blattabacterium sp. (Blaberus giganteus)	1186051	species	632588	72	61	0.0
Campylobacter virus CP21	1190451	species	182833	1	1	0.0
Equine polyomavirus	1191100	species	4987	1	1	0.0
Flammeovirga sp. MY04	1191459	species	7327614	178	172	0.0
Lactobacillus hokkaidonensis	1193095	species	2400586	10	6	0.0
Snodgrassella alvi	1196083	species	2527978	8	4	0.0
Gilliamella apicola	1196095	species	3139412	101	48	0.0
Cloacibacillus porcorum	1197717	species	3585187	3	1	0.0
Staphylococcus phage Ipla5	1197952	species	43581	3	2	0.0
Staphylococcus phage Ipla7	1197953	species	42123	1	0	0.0
secondary endosymbiont of Ctenarytaina eucalypti	1199245	species	1441139	16	11	0.0
Geobacter daltonii	1203471	species	4304501	6	5	0.0
Salmonella phage SKML-39	1204528	species	159624	37	37	0.0
Staphylococcus virus SA11	1204543	species	136326	3	0	0.0
Lactobacillus phage phiAQ113	1206110	species	36566	13	13	0.0
Yersinia phage phiR1-RT	1206558	species	168809	2	2	0.0
Pseudomonas sp. UW4	1207075	species	6183388	20	1	0.0
Burkholderia pseudomultivorans	1207504	species	7956789	1	1	0.0
Celeribacter indicus	1208324	species	4969388	2	2	0.0
Planococcus halocryophilus	1215089	species	3424893	131	116	0.0
Clostridium bornimense	1216932	species	3617025	5488	4707	2.05941e-278
Octadecabacter antarcticus	1217908	species	4875481	11	8	0.0
Fictibacillus phosphorivorans	1221500	species	4230665	68	45	0.0
Corynebacterium humireducens	1223514	species	2681312	1	0	0.0
Azospirillum humicireducens	1226968	species	3181617	6	0	0.0
Candidatus Nitrosopumilus sp. AR2	1229909	species	1690905	8	7	0.0
Salimicrobium jeotgali	1230341	species	2776927	22	16	0.0
Corynebacterium lactis	1231000	species	2769745	2	1	0.0
Candidatus Pantoea carbekii	1235990	species	2348022	34	23	0.0
Janthinobacterium sp. B9-8	1236179	species	4726850	3	1	0.0
Sodalis praecaptivus	1239307	species	5159425	55	24	0
Streptococcus phage phiNJ2	1239381	species	37282	15	15	0.0
Staphylococcus phage JD007	1239383	species	141836	1	1	0.0
Campylobacter iguaniorum	1244531	species	5108357	14	8	0.0
Astrovirus MLB3	1247114	species	6124	1	1	0.0
endosymbiont of unidentified scaly snail isolate Monju	1248727	species	2597759	3	0	0.0
Pseudohongiella spirulinae	1249552	species	3345119	8	4	0.0
Flammeovirgaceae bacterium 311	1257021	species	6665617	25	24	0.0
Pseudomonas sp. FGI182	1259844	species	5891312	6	3	0.0
Edwardsiella piscicida	1263550	species	3891903	2998	2527	8.39517e-06
Candidatus Endolissoclinum faulkneri	1263979	species	1499913	36	9	0.0
Frischella perrara	1267021	species	2692351	45	36	0.0
Altererythrobacter atlanticus	1267766	species	3475106	3	2	0.0
Acanthamoeba polyphaga moumouvirus	1269028	leaf	1021348	3	2	0.0
Liberibacter crescens	1273132	species	1513389	8	7	0.0
Burkholderia phage ST79	1282994	species	35430	1	1	0.0
Pseudomonas sp. URMO17WK12:I11	1283291	species	11209782	6	4	0.0
Planktomarina temperata	1284658	species	3288122	1	0	0.0
Vervet monkey polyomavirus 3	1286215	species	5055	3	0	0.0
Magnetospira sp. QH-2	1288970	species	4052370	1	1	0.0
Adoxophyes honmai entomopoxvirus 'L'	1293540	species	228750	5	5	0.0
Mythimna separata entomopoxvirus 'L'	1293572	species	281182	1	1	0.0
Photobacterium gaetbulicola	1295392	species	5909413	10	4	0.0
Thermodesulfobacterium geofontis	1295609	species	1634377	125	89	0.0
Enterobacter xiangfangensis	1296536	species	4661849	38328	12453	0.00135867
Intestinimonas butyriciproducens	1297617	species	3376475	7	0	0.0
Invertebrate iridovirus 22	1301279	species	197693	1	0	0.0
Methanocaldococcus bathoardescens	1301915	species	1607556	19	14	0.0
Flavobacterium sp. PK15	1306519	species	3851214	34	29	0.0
Alcanivorax pacificus	1306787	species	4168427	5	3	0.0
Salinispira pacifica	1307761	species	3782798	1	1	0.0
Escherichia phage Lw1	1307804	species	176227	7	0	0.0
bacterium L21-Spi-D4	1307839	species	4812386	18	15	0.0
Clanis bilineata nucleopolyhedrovirus	1307957	species	135454	1	0	0.0
'Deinococcus soli' Cha et al. 2014	1309411	species	3236984	2	0	0.0
Sphingobium sp. TKS	1315974	species	6228879	17	7	1.67959e-06
Blattabacterium sp. (Nauphoeta cinerea)	1316444	species	626626	13	3	0.0
Bartonella ancashensis	1318743	species	1467695	32	29	0.0
Acinetobacter equi	1324350	species	3054269	71	46	0.0
Chryseobacterium gallinarum	1324352	species	4633632	26	16	0.0
Cellulophaga phage phi19:1	1327970	species	57447	188	188	0.0
Serratia sp. FS14	1327989	species	5249875	67	18	0.0
Cellulophaga phage phi14:2	1327990	species	100418	3	3	0.0
Cycloclasticus zancles	1329899	species	2655425	29	23	0.0
Kosmotoga pacifica	1330330	species	2169170	4	3	0.0
Lelliottia	1330545	genus	0	1	0	0.0
Kosakonia	1330547	genus	0	7	0	0.0
Bordetella pseudohinzii	1331258	species	4558891	5	0	0.0
Sphingobium baderi	1332080	species	4583422	14	10	2.65211e-06
Enterobacter lignolyticus	1334193	species	4814049	676	423	1.3701e-21
Defluviimonas alba	1335048	species	4987611	4	2	0.0
Spiribacter salinus	1335746	species	1739487	1	0	0.0
Formosa sp. Hel1_33_131	1336794	species	2735158	12	10	0.0
Formosa sp. Hel3_A1_48	1336795	species	2016454	4	3	0.0
Calothrix sp. 336/3	1337936	species	6420126	32	31	0.0
Pseudomonas sp. JY-Q	1338689	species	6178825	6	3	0.0
Geobacter anodireducens	1340425	species	3666014	3	1	0.0
Geobacillus sp. JF8	1345697	species	3486308	1	0	0.0
Pseudoalteromonas sp. OCN003	1348114	species	4815987	40	31	0.0
Croceicoccus naphthovorans	1348774	species	3863562	65	58	0
Aureimonas sp. AU20	1349819	species	5210858	2	2	0.0
Synechococcus sp. UTEX 2973	1350461	species	2744626	6	0	0.0
Bradyrhizobium diazoefficiens	1355477	species	14343524	2	0	0.0
Hymenobacter sp. APR13	1356852	species	5010594	1	0	0.0
Caulobacter phage Cr30	1357714	species	155997	2	1	0.0
Dyella jiangningensis	1379159	species	5396991	2	0	0.0
Methanobacterium sp. MB1	1379702	species	2029766	5	4	0.0
Spirosoma radiotolerans	1379870	species	7029352	6	5	0.0
Rufibacter sp. DG15C	1379909	species	4143738	2	2	0.0
Rufibacter sp. DG31D	1379910	species	4820793	6	6	0.0
Bacillus phage Troll	1382932	species	163019	1	0	0.0
Streptococcus phage TP-778L	1385385	species	41757	8	7	0.000111429
Hymenobacter sp. DG25A	1385663	species	3777136	1	0	0.0
Hymenobacter sp. DG25B	1385664	species	4360029	6	5	0.0
Cupriavidus sp. USMAHM13	1389192	species	7820821	3	1	0.0
Vulgatibacter incomptus	1391653	species	4350553	2	1	0.0
Streptococcus phage 20617	1392231	species	48800	11	4	0.0
Celeribacter marinus	1397108	species	3096705	2	1	0.0
Exiguobacterium sp. MH3	1399115	species	3164195	7	6	0.0
Bacteroidales bacterium CF	1400053	species	2657245	61	40	0.0
Corynebacterium glyciniphilum	1404244	species	3568218	1	1	0.0
Candidatus Methanomassiliicoccus intestinalis	1406512	species	1931651	12	12	0.0
Bacillus phage BigBertha	1406781	species	165238	1	0	0.0
Acinetobacter sp. TGL-Y2	1407071	species	3691287	38	13	0.0
Shigella phage SfIV	1407493	species	39758	1	0	0.0
Corynebacterium deserti	1408191	species	3033893	1	0	0.0
Endomicrobium proavitum	1408281	species	1588979	8	7	0.0
Candidatus Tachikawaea gelatinosa	1410383	species	708439	11	6	0.0
Candidatus Nitrosopelagicus brevis	1410606	species	1232128	42	42	0.0
Hymenobacter sp. DG5B	1411621	species	4868852	1	1	0.0
Pseudomonas sp. TKP	1415630	species	7012672	8	5	0.0
endosymbiont of Llaveia axin axin	1415657	species	309299	5	5	0.0
Gloeobacter kilaueensis	1416614	species	4724791	1	0	0.0
Marinobacter similis	1420916	species	3975896	1	1	0.0
Marinobacter salarius	1420917	species	4616532	2	1	0.0
Geosporobacter ferrireducens	1424294	species	5817221	421	363	0.0
Hyphomicrobium nitrativorans	1427356	species	3653837	1	1	0.0
Candidatus Thioglobus singularis	1427364	species	1714148	9	5	0.0
Mannheimia sp. USDA-ARS-USMARC-1261	1432056	species	2393449	29	24	0.0
Mucinivorans hirudinis	1433126	species	3149227	7	7	0.0
Methanosarcina sp. Kolksee	1434099	species	4553495	8	6	0.0
Methanosarcina sp. MTP4	1434100	species	4211468	7	7	0.0
Methanosarcina sp. WH1	1434102	species	3914091	3	0	0.0
Methanosarcina sp. WWM596	1434103	species	4137337	1	0	0.0
Vibrio tritonius	1435069	species	5221926	5	2	0.0
Streptomyces leeuwenhoekii	1437453	species	8122491	2	1	0.0
Ectothiorhodospira sp. BSL-9	1442136	species	3550080	2	1	0.0
Gynuella sunshinyii	1445505	species	6475959	9	5	0.0
Hymenobacter swuensis	1446467	species	5252070	3	2	0.0
Bacillus sp. Pc3	1446792	species	3982168	1	0	0.0
Streptococcus phage DCC1738	1448273	species	38392	1	0	0.0
Streptococcus phage K13	1448274	species	39360	2	1	0.0
Streptococcus phage IC1	1448276	species	39965	1	0	0.0
Aneurinibacillus sp. XH2	1450761	species	3664835	45	31	0.0
Sediminicola sp. YIK13	1453352	species	3569807	15	14	0.0
Chlamydia avium	1457141	species	1048269	4	0	0.0
Comamonadaceae bacterium A1	1458425	species	2574013	1	0	0.0
Comamonadaceae bacterium B1	1458426	species	2623236	1	0	0.0
Myroides sp. ZB35	1458492	species	4065010	25	7	0.0
Listeria phage LP-083-2	1458855	leaf	135831	2	0	0.0
Paenibacillus yonginensis	1462996	species	4985901	5	5	0.0
Klebsiella quasipneumoniae	1463165	species	5586672	18720	4399	0.0016283
Burkholderia sp. 2002721687	1468409	species	7285824	5	0	0.0
Burkholderiales bacterium GJ-E10	1469502	species	3276549	1	0	0.0
Zhongshania aliphaticivorans	1470434	species	4204359	2	0	0.0
Basilea psittacipulmonis	1472345	species	1959069	57	48	0.0
Lentibacillus amyloliquefaciens	1472767	species	3858284	52	52	0.0
Lactococcus phage P118	1476888	species	54173	2	2	0.0
Nonlabens sp. MIC269	1476901	species	2884293	24	23	0.0
Methylobacterium sp. C1	1479019	species	6459145	3	0	0.0
Hymenobacter sp. PAMC 26554	1484116	species	5451254	2	1	0.0
Pantoea sp. PSNIH2	1484157	species	4967343	12355	29	2.12039e-26
Pantoea sp. PSNIH1	1484158	species	4410683	9694	109	5.17246e-05
Martelella endophytica	1486262	species	4817335	5	3	0.0
Listeria phage LMSP-25	1486421	species	138036	2	0	0.0
Listeria phage List-36	1486422	species	131952	1	0	0.0
Enterococcus phage EFC-1	1486428	species	40286	14	13	0.0
Bacillus phage Evoli	1486658	species	159656	8	8	0.0
Bacillus phage Riley	1486662	species	162816	1	0	0.0
Candidatus Sodalis pierantonius	1486991	species	4513140	341	287	0
Corynebacterium sp. ATCC 6931	1487956	species	2471920	1	1	0.0
Anoxybacillus sp. B2M1	1490052	species	3819480	34	22	0.0
Anoxybacillus sp. B7M1	1490057	species	3869056	47	27	0.0
Flavobacterium gilvum	1492737	species	4402594	115	104	0.0
Flavisolibacter sp. LCS9	1492898	species	5940863	36	23	0.0
Synechococcus phage ACG-2014d	1493509	species	179110	16	15	0.0
Synechococcus phage ACG-2014f	1493511	species	228143	1	0	0.0
Synechococcus phage ACG-2014g	1493512	species	174885	14	3	0.0
methanogenic archaeon ISO4-H5	1495144	species	1937883	2	2	0.0
Candidatus Evansia muelleri	1495769	species	357498	23	8	0.0
Chromobacteriaceae	1499392	family	0	2	0	0.0
Pseudomonas sp. Os17	1500686	species	6885464	4	1	0.0
Pseudomonas sp. St29	1500687	species	6833117	3	0	0.0
Campylobacter sp. RM16704	1500960	species	1557536	74	49	0.0
Prochlorococcus sp. MIT 0604	1501268	species	1780061	12	0	0.0
Prochlorococcus sp. MIT 0801	1501269	species	1929203	47	8	0.0
Amoebophilaceae	1501348	family	0	2	0	0.0
Halomonas sp. KO116	1504981	species	5168360	4	2	0.0
Blochmannia endosymbiont of Polyrhachis (Hedomyrma) turneri	1505596	species	749321	5	4	0.0
Blochmannia endosymbiont of Camponotus (Colobopsis) obliquus	1505597	species	773940	28	25	0.0
Jeotgalibacillus malaysiensis	1508404	species	4119509	65	24	0
Thermotoga profunda	1508420	species	2187612	8	5	0.0
Candidatus Arthromitus sp. SFB-mouse-NL	1508644	species	1654902	464	1	0.0
Erysipelothrix sp. LV19	1514105	species	2511486	60	45	0.0
Sphingopyxis fribergensis	1515612	species	5202172	2	1	0
Geobacillus sp. LC300	1519377	species	3532580	1	1	0.0
Lacimicrobium alkaliphilum	1526571	species	4378835	4	4	0.0
Planococcus sp. PAMC 21323	1526927	species	3199864	142	100	0.0
Citrobacter phage Miller	1527524	species	178171	7	0	0.0
Escherichia phage HY02	1527531	species	86252	1	0	0.0
Rickettsiales bacterium Ac37b	1528098	species	1917564	48	44	0.0
Lawsonella clevelandensis	1528099	species	3775705	1	0	0.0
Coriobacteriaceae bacterium 68-1-3	1531429	species	1967093	1	1	0.0
Brevundimonas sp. DS20	1532555	species	3475610	20	16	0.0
Pseudomonas sp. DR 5-09	1534110	species	6427864	2	0	0.0
Paenibacillus sp. FSL P4-0081	1536769	species	8423054	5	3	0.0
Paenibacillus sp. FSL R5-0345	1536770	species	6787172	20	18	0.0
Paenibacillus sp. FSL R5-0912	1536771	species	7718525	6	5	0.0
Paenibacillus sp. FSL R7-0273	1536772	species	7288921	3	2	0.0
Paenibacillus sp. FSL R7-0331	1536773	species	6931967	8	7	0.0
Paenibacillus sp. FSL H7-0357	1536774	species	7692748	28	23	0.0
Paenibacillus sp. FSL H7-0737	1536775	species	6765883	48	44	0.0
Methylomonas denitrificans	1538553	species	5172098	7	4	0.0
Sphingobacterium sp. ML3W	1538644	species	5329010	24	20	0.0
Treponema sp. OMZ 838	1539298	species	2708067	3	2	0.0
Escherichia phage Pollock	1540097	species	68365	2	2	0.0
Candidatus Ruthia	1541743	genus	0	1	0	0.0
Escherichia phage vB_EcoM-ep3	1541883	species	42351	90	39	0.0
Candidatus Izimaplasma sp. HR1	1541959	species	1878735	171	141	0.0
Sedimenticola thiotaurini	1543721	species	3962284	16	15	0.0
Lactobacillus sp. wkB8	1545702	species	1932531	36	27	0.0
Mycobacterium sp. EPa45	1545728	species	6177406	1	0	0.0
Tipula oleracea nudivirus	1546257	species	145704	2	2	0.0
Francisella sp. FSC1006	1547445	species	2015987	85	36	0.0
Sphingomonas taxi	1549858	species	4061902	6	5	0.0
Shigella phage pSs-1	1551641	leaf	164999	1	0	0.0
Limnochorda pilosa	1555112	species	3817036	2	0	0.0
Escherichia phage 121Q	1555202	species	348532	1	1	0.0
Mycobacterium phage Carcharodon	1555233	species	43680	76	62	0.0
Lactococcus phage WRP3	1560313	species	130008	5	4	0.0
Enterobacter sp. E20	1560339	species	4763114	127684	45036	0.00224816
Sphingomonas panacis	1560345	species	5322941	5	5	0.0
Melbournevirus	1560514	species	369360	4	0	0.0
Streptomyces sp. CCM_MD2014	1561022	species	8274043	2	0	0.0
Blastocatellia	1562566	class	0	1	0	0.0
Fermentimonas caenicola	1562970	species	2808926	30	29	0.0
Rhodococcus sp. B7740	1564114	species	5341557	3	0	0.0
Carnobacterium sp. CP1	1564681	species	2614401	90	63	0.0
Bacillus sp. X1(2014)	1565991	species	3422674	75	47	0.0
Paenibacillus sp. IHBB 10380	1566358	species	5787303	67	37	0.0
Streptococcus phage SpSL1	1566990	species	33756	17	16	0.0
Clostridium phage phiCT19406C	1567011	species	35703	1	1	0.0
Escherichia phage vB_EcoM_VR20	1567027	leaf	170336	3	0	0.0
Escherichia phage vB_EcoM_VR26	1567029	leaf	171541	3	0	0.0
Enterobacteria phage P88	1567486	species	35814	25	0	0.0
Mycobacterium sp. NRRL B-3805	1570328	species	5421338	5	0	0.0
Bacillus sp. BH072	1570330	species	4069641	1	1	0.0
Geobacillus virus E3	1572712	species	141298	1	1	0.0
Bacillus sp. YP1	1574141	species	4153566	47	1	0.0
Edwardsiella sp. EA181011	1578828	species	3934167	175	64	3.50171e-117
Halocynthiibacter arcticus	1579316	species	4376120	2	0	0.0
Wenzhouxiangella marina	1579979	species	3675202	1	1	0.0
Candidatus Nitrosopumilus adriaticus	1580092	species	1803090	28	22	0.0
Sulfurospirillum sp. UCH001	1581011	species	2606563	68	43	0.0
Candidatus Methylopumilus planktonicus	1581557	species	1356428	2	2	0.0
Candidatus Methylopumilus turicensis	1581680	species	1754988	1	1	0.0
Fusobacterium hwasookii	1583098	species	2496436	556	343	0.0
Myroides sp. A21	1583100	species	4155464	29	10	0.0
Pseudomonas cerasi	1583341	species	6345256	14	10	0.0
Helicobacter himalayensis	1591088	species	1829936	3	3	0.0
Sewage-associated circular DNA virus-20	1592087	species	2089	7	7	0.0
Pseudoplusia includens SNPV IE	1592335	leaf	139132	1	1	0.0
Coxiella-like endosymbiont	1592897	species	1733840	3	0	0.0
Desulfuromonas soudanensis	1603606	species	3958620	1	0	0.0
Acinetobacter sp. NCu2D-2	1608473	species	3048277	19	13	0.0
Candidatus Filomicrobium marinum	1608628	species	7939883	1	0	0.0
Pyrococcus sp. NCB100	1609559	species	1977126	3	3	0.0
Confluentimicrobium sp. EMB200-NS6	1609966	species	4147426	9	9	0.0
Methanobrevibacter sp. YE315	1609968	species	2273296	9	9	0.0
Sphingomonas hengshuiensis	1609977	species	5228389	8	7	0.0
Verrucomicrobia bacterium L21-Fru-AB	1609981	species	2949723	1	1	0.0
Pseudomonas sp. MRSN12121	1611770	species	6986763	5	1	4.6266e-125
Geminocystis sp. NIES-3708	1615909	species	4042078	78	72	0.0
Paenibacillus bovis	1616788	species	5354277	7	3	0.0
Geminocystis sp. NIES-3709	1617448	species	4426059	166	144	0.0
Erwinia gerundensis	1619313	species	4481256	68	37	0
Spongiibacter sp. IMCC21906	1620392	species	3481669	4	1	0.0
Hoeflea sp. IMCC20628	1620421	species	5119813	3	2	0.0
Lutibacter sp. LP1	1622118	species	2966978	111	74	0.0
Bacillus sp. LM 4-2	1628753	species	4069266	23	3	0.0
Geobacillus sp. 12AMOR1	1629723	species	3442724	4	0	0.0
Planctomyces sp. SH-PL62	1636152	species	6784659	132	2	0
Proteus phage vB_PmiM_Pm5461	1636250	species	161989	1	1	0.0
Verrucomicrobia bacterium IMCC26134	1637999	species	4001000	52	0	0.0
Chania multitudinisentens	1639108	species	5488183	247	163	0
Pseudonocardia sp. HH130629-09	1641402	species	6300975	2	0	0.0
Petrimonas mucosa	1642646	species	3717632	2	2	0.0
Devosia sp. H5989	1643450	species	4594249	4	3	0.0
Borreliaceae	1643685	family	0	4	0	0.0
Eggerthellaceae	1643826	family	0	1	0	0.0
Petrotogales	1643947	order	0	6	0	0.0
Fervidobacteriaceae	1643950	family	0	1	0	0.0
Pseudothermotoga	1643951	genus	0	1	0	0.0
Maribacter sp. 1_2014MBL_MicDiv	1644130	species	4399611	27	21	0.0
Janthinobacterium sp. 1_2014MBL_MicDiv	1644131	species	6453540	4	3	0.0
Acinetobacter sp. TTH0-4	1646498	species	2962453	50	15	0.0
Anabaena sp. wa102	1647413	species	5782034	46	25	0.0
Salmonella phage SEN1	1647455	species	29732	342	152	1.02759e-22
Salmonella phage SEN22	1647458	species	41337	27	24	0.0
Salmonella phage SEN4	1647465	species	33507	1472	0	0.0
Salmonella phage SEN5	1647466	species	33508	1472	0	0.0
Erythrobacter atlanticus	1648404	species	3226359	1	0	0.0
Bacillus paralicheniformis	1648923	species	4382163	42	30	0.0
Streptomyces sp. CFMR 7	1649184	species	8307279	1	0	0.0
Escherichia phage pro147	1649239	species	32675	1	0	0.0
Pseudomonas sp. CCOS 191	1649877	species	6012947	2	0	0.0
Actinobacteria bacterium IMCC26256	1650658	species	2461858	17	14	0.0
Halobacteriovorax	1652133	genus	0	2	0	0.0
Caldimicrobium thiodismutans	1653476	species	1814952	51	40	0.0
Rhodococcus sp. PBTS 1	1653478	species	4251687	1	1	0.0
Rhodococcus sp. PBTS 2	1653479	species	5316948	17	15	0.0
Salmonella phage 37	1654890	species	60216	2	0	0.0
Mitsuaria sp. 7	1658665	species	6085092	1	0	0.0
Arsenicicoccus sp. oral taxon 190	1658671	species	3525271	1	1	0.0
Ottowia sp. oral taxon 894	1658672	species	2925783	6	5	0.0
Pseudomonas sp. GR 6-02	1659194	species	6500345	2	1	0.0
Leptospirillum sp. Group II 'CF-1'	1660083	species	2709324	4	0	0.0
Methylophilus sp. TWE2	1662285	species	3079044	32	28	0.0
Magnetospirillum sp. XM-1	1663591	species	4992477	16	13	0.0
Bacillus glycinifermentans	1664069	species	4607442	4	4	0.0
Marinobacter sp. CP1	1671721	species	4768422	13	0	1.27811e-17
Citrobacter phage IME-CF2	1673887	species	177688	2	1	0.0
Labrenzia sp. CP4	1674922	species	6051301	2	0	0.0
Shigella phage Ss-VASD	1675531	species	62851	144	0	0.0
Massilia sp. NR 4-1	1678028	species	6361416	1	1	0.0
Limnohabitans sp. 63ED37-2	1678128	species	3372992	4	3	0.0
Burkholderia sp. HB1	1678678	species	7206167	126	125	0.0
Chryseobacterium sp. IHB B 10212	1685010	species	4871648	51	46	0.0
Enterobacter sp. FY-07	1692238	species	5138701	1656	278	3.93996e-06
Paenibacillus sp. 32O-W	1695218	species	5375858	1	1	0.0
Bordetella sp. H567	1697043	species	5532470	1	0	0.0
Oblitimonas alkaliphila	1697053	species	14141857	9	6	0.0
Psychrobacter sp. P2G3	1699622	species	3366617	2	0	0.0
Psychrobacter sp. P11G5	1699624	species	3519144	10	4	1.43303e-06
Streptococcus phage phiARI0923	1701842	species	33477	10	5	0.00021493
Citrobacter sp. FDAARGOS_156	1702170	species	4727434	5343	1292	6.02137e-06
Faecalibaculum rodentium	1702221	species	2542486	4	2	0.0
Chelatococcus sp. CO-6	1702325	species	5243734	3	3	0.0
Rhizobium sp. N324	1703969	species	6972593	4	3	0.0
Arthrobacter sp. ERGS1:01	1704044	species	4936686	1	1	0.0
Candidatus Xiphinematobacter sp. Idaho Grape	1704307	species	915884	3	3	0.0
Candidatus Thioglobus autotrophicus	1705394	species	1512449	25	22	0.0
Capnocytophaga sp. oral taxon 323	1705617	species	2614527	13	13	0.0
Massilia sp. WG5	1707785	species	6267305	85	80	0.0
Turicibacter sp. H121	1712675	species	2622031	307	225	5.33387e-06
Microbacterium sp. No. 7	1714373	species	4827965	1	1	0.0
Klebsiella sp. G5	1715259	species	4702949	2040	1293	4.6996e-06
Staphylococcus sp. AntiMn-1	1715860	species	2738396	74	56	0.0
Psychrobacter sp. AntiMn-1	1720344	species	3138120	2	2	0.0
Escherichia phage slur08	1720501	species	167467	1	0	0.0
Chryseobacterium sp. IHB B 17019	1721091	species	4077766	29	6	0.0
Algoriphagus sp. M8-2	1727163	species	3882610	25	15	0.0
Pedobacter sp. PACM 27299	1727164	species	6147290	22	12	0.0
Methylomonas sp. DH-1	1727196	species	5127407	2	0	0.0
Staphylococcus phage SPbeta-like	1732063	species	127726	4	0	4.66167e-119
Staphylococcus phage StB20-like	1732064	species	40670	32	32	0.00125848
Sulfolobus monocaudavirus SMV4	1732178	species	51711	1	1	0.0
Algibacter alginolytica	1736674	species	3994770	35	22	0.0
Devosia sp. A16	1736675	species	5032994	7	1	0.0
Burkholderia sp. Bp5365	1740162	species	7287809	1	0	0.0
Burkholderia sp. Bp7605	1740163	species	5705688	1	0	0.0
Chania	1745211	genus	0	27	0	0.0
Enterococcus phage vB_EfaS_IME197	1747326	species	41307	44	34	0.00113149
Marinobacter sp. LQ44	1749259	species	4435564	4	2	0.0
Kurthia sp. 11kri321	1750719	species	2964527	61	46	0.0
Nostoc sp. NIES-3756	1751286	species	6987571	23	21	0.0
Fischerella sp. NIES-3754	1752063	species	5826863	42	27	0.0
Leptolyngbya sp. NIES-3755	1752064	species	6761657	7	6	0.0
Serinicoccus sp. JLT9	1758689	species	3597394	1	0	0.0
Caulobacteraceae bacterium OTSz_A_272	1759059	species	3732719	3	3	0.0
Streptococcus sp. A12	1759399	species	1874337	118	80	0
Serratia sp. YD25	1759437	species	5117644	50	9	0.0
Isosphaeraceae	1763524	family	0	1	0	0.0
Flavobacterium sp. LPB0076	1763534	species	3027315	17	14	0.0
Hydrogenophaga sp. LPB0072	1763535	species	4944132	228	220	0.0
Thalassotalea sp. LPB0090	1763536	species	3861670	53	34	0.0
Paenibacillus sp. LPB0068	1763538	species	4757181	73	47	0.0
Deinococcus actinosclerus	1768108	species	3264334	2	0	0.0
Paucibacter sp. KCTC 42545	1768242	species	5169161	7	3	0.0
Microbulbifer sp. CCB-MM1	1769779	species	3864326	4	2	0.0
Arthrobacter sp. ATCC 21022	1771959	species	4434904	1	1	0.0
Polaribacter vadi	1774273	species	3809314	173	142	0.0
Bacillus sp. SDLI1	1774743	species	4134042	2	1	0.0
Bacillus phage vB_BhaS-171	1775140	species	38975	41	40	0.0
Rhodanobacteraceae	1775411	family	0	1	0	0.0
Alteromonas sp. Mac1	1777491	species	4696291	17	0	0.0
Candidatus Doolittlea endobia	1778262	species	846562	17	9	0.0
Candidatus Hoaglandella endobia	1778263	species	636713	12	7	0.0
Candidatus Mikella endobia	1778264	species	352837	6	1	0.0
Streptomyces sp. S10(2016)	1783515	species	9083372	1	0	0.0
Pseudomonas sp. MS586	1785145	species	6247726	2	0	0.0
Gemella sp. oral taxon 928	1785995	species	1769679	82	76	0.0
Leptotrichia sp. oral taxon 847	1785996	species	2194935	172	100	0.0
Pseudomonas sp. L10.10	1788301	species	5149788	2	1	0.0
Acinetobacter sp. BRTC-1	1789224	species	3741098	25	20	0.0
Wenyingzhuangia fucanilytica	1790137	species	3427057	91	58	0.0
Staphylococcus phage CNPx	1792269	species	43293	3	0	0.0
Bosea sp. PAMC 26642	1792307	species	5510355	5	4	0.0
Yangia sp. CCB-MM3	1792508	species	5522061	1	1	0.0
Stenotrophomonas sp. KCTC 12332	1793721	species	4541594	12	1	0.0
Burkholderia sp. PAMC 26561	1795043	species	7431919	1	1	0.0
Microbacterium sp. PAMC 28756	1795053	species	3539061	2	2	0.0
Variovorax sp. PAMC 28711	1795631	species	4316152	1	0	0.0
Bacteroides sp. I48	1796613	species	4839918	4	4	0.0
Blautia sp. YL58	1796616	species	5128792	41	32	0.0
Burkholderia sp. OLGA172	1804984	species	8574890	6	3	0.0
Bacillus phage Phrodo	1805953	species	164443	1	0	0.0
Sphingorhabdus sp. M41	1806885	species	3339521	1	1	0.0
Gammaproteobacteria bacterium TR3.2	1810504	species	3243537	2	2	0.0
Streptococcus pantholopis	1811193	species	2241302	26	17	0.0
Enterobacter cloacae complex 'Hoffmann cluster III'	1812934	species	4899947	150805	66399	0.00247548
Enterobacter cloacae complex 'Hoffmann cluster IV'	1812935	species	4899997	2980971	1909062	0.398462
Geobacillus sp. JS12	1813182	species	3721489	24	3	0.0
Shigella sp. PAMC 28760	1813821	species	4558287	1120	4	7.23771e-31
Streptococcus halotolerans	1814128	species	2182100	50	38	0.0
Streptococcus virus 9871	1814957	species	32729	2	0	5.78977e-12
Streptococcus virus 9872	1814958	species	33105	2	0	0
Streptococcus virus 9874	1814960	species	32649	1	0	0.000142514
Colwellia sp. PAMC 20917	1816218	species	4683314	58	54	0.0
Marinobacterium sp. ST58-10	1821621	species	5191608	4	1	0.0
Mycobacterium phage EvilGenius	1821723	species	53935	1	1	0.0
Edwardsiella anguillarum	1821960	species	4329652	1295	432	0.000102606
Paraburkholderia	1822464	genus	0	1	0	0.0
Desulfuromonas sp. DDH964	1823759	species	3924652	1	0	0.0
Streptococcus marmotae	1825069	species	2322791	82	44	0.0
Tokyovirus A1	1826170	species	372707	4	0	0.0
Bacillus sp. IHB B 7164	1827146	species	5036631	41	2	0.0
Brevundimonas sp. GW460-12-10-14-LB2	1827469	species	3263775	22	18	0.0
Enterobacter sp. ODB01	1827481	species	4534036	34568	7304	0.000143802
Lachnoclostridium sp. YL32	1834196	species	7225343	33	30	0.0
Ruminiclostridium sp. KB18	1834198	species	3802817	3	2	0.0
Parabacteroides sp. YL27	1834200	species	3306456	9	8	0.0
Burkholderiales bacterium YL45	1834205	species	2923068	6	3	0.0
Erysipelotrichaceae bacterium I46	1834207	species	4468295	1878	1808	4.52915e-06
Polynucleobacter duraquae	1835254	species	2026292	8	8	0.0
Bacillus sp. FJAT-14266	1837130	species	4109356	24	2	0.0
Acidovorax sp. RAC01	1842533	species	4574859	3	2	7.36555e-89
Blastomonas sp. RAC04	1842535	species	4403499	7	6	0.0
Agrobacterium sp. RAC06	1842536	species	4964647	2	2	0.0
Bosea sp. RAC05	1842539	species	5620120	2	2	0.0
Methyloversatilis sp. RAC08	1842540	species	3937190	32	26	0.0
Sphingobium sp. RAC03	1843368	species	4369746	8	6	0.0
Veillonellales	1843489	order	0	1	0	0.0
Exiguobacterium sp. U13-1	1849031	species	3208634	1	0	0.0
Lutibacter sp. LPB0138	1850246	species	3426122	63	28	0.0
Arachidicoccus sp. BS20	1850526	species	3492500	6	6	0.0
Pseudomonas sp. A3(2016)	1853130	species	6823539	2	0	0.0
haloarchaeon HTSR1	1855411	species	1972283	6	4	0.0
Sphingobium sp. EP60837	1855519	species	4261696	10	7	0.0
Pseudomonas sp. TCU-HL1	1856685	species	6256697	2	2	0.0
Twortvirus	1857846	genus	0	1	0	0.0
Halothiobacillus sp. LS2	1860122	species	2908964	3	2	0.0
Enterobacter phage Tyrion	1864623	species	41760	127	84	0.0
Enterobacter sp. HK169	1868135	species	4551186	91525	25285	0.000523207
Clostridioides	1870884	genus	0	104	0	0.0
Enterobacter cloacae complex sp. 35734	1870930	species	5276896	2991960	1913353	0.378014
Citrobacter phage vB_CfrM_CfP1	1871313	species	180219	7	0	0.0
Marinobacter sp. Hb8	1874317	species	4121005	6	5	0.0
Mycobacterium sp. djl-10	1879023	species	6579322	152	151	0.0
Selenomonas sp. oral taxon 920	1884263	species	2440121	7	2	0.0
Streptococcus himalayensis	1888195	species	2275471	33	22	0.0
Anaerolineaceae bacterium oral taxon 439	1889813	species	2945494	2	1	0.0
Synechococcales	1890424	order	0	1	0	0.0
Hyellaceae	1890500	family	0	1	0	0.0
Sulfolobus sp. A20	1891280	species	2688317	1	1	0.0
Bacillus sp. ABP14	1892404	species	5152566	173	1	0.0
Porphyrobacter sp. LM 6	1896196	species	2979257	2	2	0.0
Spiroplasma sp. TU-14	1898044	species	1199640	13	10	0.0
Erwiniaceae	1903409	family	0	9	0	0.0
Yersiniaceae	1903411	family	0	6	0	0.0
Morganellaceae	1903414	family	0	2	0	0.0
Stenotrophomonas sp. LM091	1904944	species	4317450	4	0	1.82642e-80
Klebsiella sp. LTGPAF-6F	1905288	species	6790399	12651	850	0.000413231
Pectobacterium parmentieri	1905730	species	5047366	288	8	0.0
Candidatus Hoaglandella	1906659	genus	0	1	0	0.0
Hyphomonas sp. Mor2	1906738	species	3628091	1	0	0.0
Jeongeupia sp. USM3	1906741	species	3788814	3	3	0.0
Microbacterium sp. BH3-3-3	1906742	species	3508491	4	3	0.0
Cutibacterium	1912216	genus	0	1	0	0.0
