Feature ID	Taxon	Confidence
bd96d95d18a593868655858b65641490	d__Bacteria;p__Actinobacteriota;c__Actinobacteria;o__Bifidobacteriales;f__Bifidobacteriaceae;g__Bifidobacterium;s__	0.9999003597049279
e35a3dba2ad64a5e44291010da525a2a	d__Bacteria;p__Firmicutes;c__Clostridia;o__Oscillospirales;f__Ruminococcaceae;g__Faecalibacterium;s__	0.9997968167793094
4d3793c8c5ee3f75d5d166ea893271d6	d__Bacteria;p__Bacteroidota;c__Bacteroidia;o__Bacteroidales;f__Tannerellaceae;g__Parabacteroides;s__	0.9997345682584441
18134981fa6915723e0cb8a3fd69fe80	d__Bacteria;p__Bacteroidota;c__Bacteroidia;o__Bacteroidales;f__Bacteroidaceae;g__Bacteroides;s__	0.9995683170667706
3fdc267e690474648968fed73cb43245	d__Bacteria;p__Bacteroidota;c__Bacteroidia;o__Bacteroidales;f__Tannerellaceae;g__Parabacteroides;s__	0.999804689929969
64dd5eb61508abe86ba053285ea257e2	d__Bacteria;p__Firmicutes;c__Negativicutes;o__Veillonellales-Selenomonadales;f__Veillonellaceae;g__Dialister;s__	0.99997059058336
4c0346def907dcd2e449f9adca28f2e2	d__Bacteria;p__Bacteroidota;c__Bacteroidia;o__Bacteroidales;f__Bacteroidaceae;g__Bacteroides;s__	0.9995269417360335
8aa56307b437565f8ce26b79bac2b038	d__Bacteria;p__Firmicutes;c__Clostridia;o__Lachnospirales;f__Lachnospiraceae;g__Anaerostipes;s__	0.9985803185928978
ebf990c68503d756fd5a53970fa32cff	d__Bacteria;p__Bacteroidota;c__Bacteroidia;o__Bacteroidales;f__Tannerellaceae;g__Parabacteroides;s__	0.9998358071962922
fcba5ea4f7f917136d7ae31411c3427e	d__Bacteria;p__Firmicutes;c__Clostridia;o__Lachnospirales;f__Lachnospiraceae;g__Anaerostipes;s__	0.9986820841084285
790f65b90f359ee41cb7b442748fdfb8	d__Bacteria;p__Firmicutes;c__Clostridia;o__Lachnospirales;f__Lachnospiraceae;g__Fusicatenibacter;s__	0.9997110885869552
e35e83efc94fff35a981ffa7bd502e11	d__Bacteria;p__Firmicutes;c__Clostridia;o__Monoglobales;f__Monoglobaceae;g__Monoglobus;s__	0.9987430441880807
e458e3e152a07cc6ba839302037ea188	d__Bacteria;p__Firmicutes;c__Bacilli;o__Erysipelotrichales;f__Erysipelatoclostridiaceae;g__Erysipelatoclostridium;s__	0.9999953303408408
94f84044a135f9ddcd20ab8ab27876fc	d__Bacteria;p__Bacteroidota;c__Bacteroidia;o__Bacteroidales;f__Bacteroidaceae;g__Bacteroides;s__	0.9995666010347976
3f79e05271edf10b218a72e0be68690f	d__Bacteria;p__Firmicutes;c__Clostridia;o__Lachnospirales;f__Lachnospiraceae;g__[Eubacterium]_hallii_group;s__	0.9972654909688166
cbcc77b16243ef86f09206b5a295154d	d__Bacteria;p__Firmicutes;c__Clostridia;o__Lachnospirales;f__Lachnospiraceae;g__Agathobacter;s__	0.9880273842322327
2e52f6bd7c8dd45b0d6041d869dc3131	d__Bacteria;p__Proteobacteria;c__Gammaproteobacteria;o__Burkholderiales;f__Sutterellaceae;g__Sutterella;s__	0.9986727556328318
292fd45940465de03c82a89870133274	d__Bacteria;p__Firmicutes;c__Clostridia;o__Lachnospirales;f__Lachnospiraceae;g__[Eubacterium]_hallii_group;s__	0.9934360588715776
ca7eb63867d807c534e4fbd4f03a916b	d__Bacteria;p__Firmicutes;c__Clostridia;o__Lachnospirales;f__Lachnospiraceae;g__Blautia;s__	0.962609203467908
bb1d992c918339e7ced490c0d9d2f84e	d__Bacteria;p__Firmicutes;c__Clostridia;o__Lachnospirales;f__Lachnospiraceae;g__[Eubacterium]_eligens_group;s__	0.9999507316750598
ae790c3551035cceedddcf8313e48c48	d__Bacteria;p__Firmicutes;c__Bacilli;o__Lactobacillales;f__Streptococcaceae;g__Streptococcus;s__	0.9997003621097904
4c33f7d50d706de1d315e9c496ab3916	d__Bacteria;p__Firmicutes;c__Clostridia;o__Lachnospirales;f__Lachnospiraceae;g__[Ruminococcus]_gnavus_group;s__	0.991548162095177
c3979502c1206c4ddc49b0e00dca19a8	d__Bacteria;p__Firmicutes;c__Clostridia;o__Monoglobales;f__Monoglobaceae;g__Monoglobus;s__	0.9988349940205816
6d1a4a827661f3509a064fe7d92fac85	d__Bacteria;p__Bacteroidota;c__Bacteroidia;o__Bacteroidales;f__Bacteroidaceae;g__Bacteroides;s__	0.9996099596846151
130140789f509dd20a61e186a3dba134	d__Bacteria;p__Firmicutes;c__Clostridia;o__Lachnospirales;f__Lachnospiraceae;g__Fusicatenibacter;s__	0.9995375884353767
3ab32db54de4dc83751127278ec7945b	d__Bacteria;p__Firmicutes;c__Bacilli;o__Lactobacillales;f__Streptococcaceae;g__Streptococcus;s__	0.9998935764508798
3491305a6b7f1f194c59c339fc4b05a4	d__Bacteria;p__Firmicutes;c__Clostridia;o__Lachnospirales;f__Lachnospiraceae;g__Anaerostipes;s__	0.9986633561338257
87aec1916fb8b06dca28f25db6464e6e	d__Bacteria;p__Firmicutes;c__Clostridia;o__Oscillospirales;f__Ruminococcaceae;g__Faecalibacterium;s__	0.9997438772257597
826bcd960e69642f88d011b099525cd9	d__Bacteria;p__Firmicutes;c__Clostridia;o__Lachnospirales;f__Lachnospiraceae;g__[Ruminococcus]_gnavus_group;s__	0.9881334409472362
a841c87c13a8cb642bd1022eb76cb04e	d__Bacteria;p__Bacteroidota;c__Bacteroidia;o__Bacteroidales;f__Bacteroidaceae;g__Bacteroides;s__	0.9996802913938692
c19aa604246791b6a4eaf27538340d70	d__Bacteria;p__Actinobacteriota;c__Coriobacteriia;o__Coriobacteriales;f__Eggerthellaceae;g__Eggerthella;s__	0.9996664499389227
46b7f6fc89efdbaef9de107c8b1103a3	d__Bacteria;p__Firmicutes;c__Clostridia;o__Oscillospirales;f__Ruminococcaceae;g__Faecalibacterium;s__	0.9997989155331698
488b6dcb66b0168df47c757a721ca6e6	d__Bacteria;p__Firmicutes;c__Clostridia;o__Monoglobales;f__Monoglobaceae;g__Monoglobus;s__	0.9958667038424219
76d022ef94e5bd3462452188255c9af2	d__Bacteria;p__Firmicutes;c__Clostridia;o__Lachnospirales;f__Lachnospiraceae;g__Fusicatenibacter;s__	0.9997491683926345
2fc27ac0c6bdbe1d8cd4bcb67de09b94	d__Bacteria;p__Firmicutes;c__Clostridia;o__Oscillospirales;f__Oscillospiraceae;g__Flavonifractor;s__	0.9999790535443722
8afa29d9574a829404bb579d8fbb6325	d__Bacteria;p__Firmicutes;c__Clostridia;o__Lachnospirales;f__Lachnospiraceae;g__Blautia;s__	0.9305705573831825
f2814218149c40f7639a71d54559085c	d__Bacteria;p__Firmicutes;c__Clostridia;o__Lachnospirales;f__Lachnospiraceae	0.9994896031937254
68c3a585800f78771424430f55264ef2	d__Bacteria;p__Proteobacteria;c__Gammaproteobacteria;o__Burkholderiales;f__Sutterellaceae;g__Sutterella;s__	0.998691646868235
2fdfa1d152bb572a297fd4ff44192db4	d__Bacteria;p__Firmicutes;c__Clostridia;o__Oscillospirales;f__Oscillospiraceae;g__Oscillospira;s__	0.9949071928367637
a6c552c1a2e8a9988cf3b1d3957c70e2	d__Bacteria;p__Firmicutes;c__Clostridia;o__Lachnospirales;f__Lachnospiraceae	0.9996762935341369
da101af6b0d1a8ea05d6240ab99bc107	d__Bacteria;p__Firmicutes;c__Clostridia;o__Lachnospirales;f__Lachnospiraceae;g__Anaerostipes;s__	0.9973787702316256
1deedf162c8b9be9b2fb15c2706a4c03	d__Bacteria;p__Firmicutes;c__Clostridia;o__Lachnospirales;f__Lachnospiraceae;g__Agathobacter;s__	0.978099447254682
53f83d372d1398bef6505ad25fb6cc11	d__Bacteria;p__Proteobacteria;c__Gammaproteobacteria;o__Enterobacterales;f__Enterobacteriaceae	0.7742396284477141
cf90f21ca8ef273313c2afff24ebf6a4	d__Bacteria;p__Firmicutes;c__Clostridia;o__Oscillospirales;f__Ruminococcaceae;g__Faecalibacterium;s__	0.9991260908311093
467fa2597bedfe7b49dd4cbc4b7e8d80	d__Bacteria;p__Firmicutes;c__Bacilli;o__Erysipelotrichales;f__Erysipelotrichaceae;g__[Clostridium]_innocuum_group;s__	0.9996857788156917
55593a584a14a4cc74c7fbc0bfc671d8	d__Bacteria;p__Firmicutes;c__Clostridia;o__Lachnospirales;f__Lachnospiraceae	0.997474406818749
93fa04976fe6f77d8c2a51c803414545	d__Bacteria;p__Firmicutes;c__Clostridia;o__Lachnospirales;f__Lachnospiraceae;g__Agathobacter;s__	0.9840033315171933
9ada59787108be77666c102ee420c27c	d__Bacteria;p__Firmicutes;c__Clostridia;o__Peptostreptococcales-Tissierellales;f__Peptostreptococcaceae;g__Intestinibacter;s__	0.9936945624338194
15ad50d7960ff3ce46ed4028c793ac7b	d__Bacteria;p__Firmicutes;c__Clostridia;o__Lachnospirales;f__Lachnospiraceae;g__Agathobacter;s__	0.9676563933956995
2abb77256049e456f48f6dad94a5ad19	d__Bacteria;p__Firmicutes;c__Bacilli;o__Erysipelotrichales;f__Erysipelatoclostridiaceae;g__Erysipelatoclostridium;s__	0.9999975500253724
1c6755c5cced1fc5fd9d984f8be44892	d__Bacteria;p__Firmicutes;c__Clostridia;o__Lachnospirales;f__Lachnospiraceae;g__[Ruminococcus]_gnavus_group;s__	0.9962853188656834
3ff3ea4b372689d6d07510d8baf84add	d__Bacteria;p__Firmicutes;c__Clostridia;o__Lachnospirales;f__Lachnospiraceae;g__Fusicatenibacter;s__	0.9996618405111938
6caf05b4be7466865d44a61593d9f297	d__Bacteria;p__Firmicutes;c__Clostridia;o__Lachnospirales;f__Lachnospiraceae;g__[Eubacterium]_eligens_group;s__	0.9994324281432674
75abc00efe99fc548712997d484e1506	d__Bacteria;p__Firmicutes;c__Clostridia;o__Lachnospirales;f__Lachnospiraceae;g__[Eubacterium]_eligens_group;s__	0.9998390000890822
edd4569f1e74196888e74ea314e84105	d__Bacteria;p__Firmicutes;c__Clostridia;o__Lachnospirales;f__Lachnospiraceae;g__Sellimonas;s__	0.9939672055617113
2e3e65a5b4b7076c673e60fceb0d8110	d__Bacteria;p__Firmicutes;c__Clostridia;o__Lachnospirales;f__Lachnospiraceae;g__Dorea;s__	0.9729230264013127
943f38729a34e5c1498648e62f103a20	d__Bacteria;p__Firmicutes;c__Clostridia;o__Lachnospirales;f__Lachnospiraceae;g__Blautia;s__	0.9570969831954778
8873fc2c2087535eeca46624836ad5fb	d__Bacteria;p__Firmicutes;c__Clostridia;o__Lachnospirales;f__Lachnospiraceae;g__Lachnospiraceae_ND3007_group;s__	0.9998457947978893
5e439a518dc1c41b1227d2953a501984	d__Bacteria;p__Proteobacteria;c__Gammaproteobacteria;o__Pseudomonadales;f__Halomonadaceae;g__Halomonas;s__	0.9835115484146656
01a9bfafa1affa0765be35eba3a654cf	d__Bacteria;p__Firmicutes;c__Bacilli;o__Lactobacillales;f__Enterococcaceae;g__Enterococcus;s__	0.8925041121783256
678f78814530114df10411b9e05e079d	d__Bacteria;p__Firmicutes;c__Clostridia;o__Oscillospirales;f__Butyricicoccaceae;g__UCG-008;s__	0.9619064173523816
ff4f05d09116871e80a85b92841cee0d	d__Bacteria;p__Firmicutes;c__Clostridia;o__Lachnospirales;f__Lachnospiraceae;g__Lachnospiraceae_ND3007_group;s__	0.9995779094437949
8a5ace9eb75f9dc6e8040fbf2b399b0a	d__Bacteria;p__Firmicutes;c__Bacilli;o__Lactobacillales;f__Lactobacillaceae;g__Lacticaseibacillus;s__	0.9999994623470083
3d4bbf493ea328f7678ca8b874f49fc3	d__Bacteria;p__Actinobacteriota;c__Actinobacteria;o__Bifidobacteriales;f__Bifidobacteriaceae;g__Bifidobacterium;s__	0.9980335706853047
915b67a45ab99378782d84dd0a918359	d__Bacteria;p__Firmicutes;c__Bacilli;o__Erysipelotrichales;f__Erysipelatoclostridiaceae	0.9938609683895027
426f63c586abf9bfafb91b427fdbbcd5	d__Bacteria;p__Proteobacteria;c__Gammaproteobacteria;o__Enterobacterales	0.9999997995256804
c543e168273636d8494f1faff8eb6223	d__Bacteria;p__Firmicutes;c__Clostridia;o__Lachnospirales;f__Lachnospiraceae	0.9930846962810644
aee6f4a136c752228c04e24f1b7f01ee	d__Bacteria;p__Firmicutes;c__Clostridia;o__Peptostreptococcales-Tissierellales;f__Peptostreptococcaceae;g__Intestinibacter;s__	0.9979122911410463
a01cb78fd2c254227dfd51ebe0d48cc4	d__Bacteria;p__Firmicutes;c__Clostridia;o__Lachnospirales;f__Lachnospiraceae	0.9998331534029039
3c87fd04788ea69958ccc101b9d52a6a	d__Bacteria;p__Firmicutes;c__Bacilli;o__Lactobacillales;f__Streptococcaceae;g__Streptococcus;s__	0.9987815392426964
c9d2050e69e62488b68518994b7afda0	d__Bacteria;p__Firmicutes;c__Clostridia;o__Lachnospirales;f__Lachnospiraceae;g__[Eubacterium]_hallii_group;s__	0.9950351360259189
bd2e6a9ea70cc27aed08ae4c8cf2ef97	d__Bacteria;p__Firmicutes;c__Clostridia;o__Lachnospirales;f__Lachnospiraceae	0.9928901157531583
83629a2372171b9b4be27ff0b0b71d22	d__Bacteria;p__Firmicutes;c__Clostridia;o__Lachnospirales;f__Lachnospiraceae;g__Lachnospiraceae_UCG-004;s__	0.8834710384360921
f8b50f5b83ec634da4f92a90cf8e733e	d__Bacteria;p__Firmicutes;c__Clostridia;o__Lachnospirales;f__Lachnospiraceae	0.9992931875149628
3729c3b28f6b496765793c9030b384b7	d__Bacteria;p__Firmicutes;c__Clostridia;o__Oscillospirales;f__Ruminococcaceae;g__Faecalibacterium;s__	0.9994609255365746
85819cd111a3b841558d8aca6cb3e67e	d__Bacteria;p__Actinobacteriota;c__Actinobacteria;o__Bifidobacteriales;f__Bifidobacteriaceae;g__Bifidobacterium;s__	0.9999384373337236
09c4e19a4b7c37bbcee798c317f8da24	d__Bacteria;p__Firmicutes;c__Clostridia;o__Lachnospirales;f__Lachnospiraceae;g__Dorea;s__	0.9799847173016417
efdbd9b68611590d9fa723bd0db394c1	d__Bacteria;p__Bacteroidota;c__Bacteroidia;o__Bacteroidales;f__Prevotellaceae	0.7311385427977471
72dacc8a3b271593e97557b0e2cc0652	d__Bacteria;p__Firmicutes;c__Clostridia;o__Lachnospirales;f__Lachnospiraceae	0.9997183321602091
497c3d16dd04506c114d987036ab0698	d__Bacteria;p__Firmicutes;c__Clostridia;o__Lachnospirales;f__Lachnospiraceae	0.9993728330642732
d7d675d496d8d5952c50b4c89c220e8c	d__Bacteria;p__Firmicutes;c__Clostridia;o__Oscillospirales;f__Butyricicoccaceae;g__UCG-008;s__	0.9520411045266153
61f4b72b430ae4f641821d6c8da67ae3	d__Bacteria;p__Firmicutes;c__Clostridia;o__Lachnospirales;f__Lachnospiraceae	0.9993187236664642
c424e029ad4946a62a0ebd3e8110a747	d__Bacteria;p__Firmicutes;c__Clostridia;o__Lachnospirales;f__Lachnospiraceae	0.9990576773376009
70ded024520cc9ac68dba653f8aab3a9	d__Bacteria;p__Firmicutes;c__Clostridia;o__Lachnospirales;f__Lachnospiraceae;g__Dorea;s__	0.9575076845123904
8c515f8f43a0c62b41bdfd9a239b0745	d__Bacteria;p__Firmicutes;c__Clostridia;o__Lachnospirales;f__Lachnospiraceae;g__[Ruminococcus]_torques_group;s__	0.8572538478294094
de64bd62b45a1d33372f463d9f92f430	d__Bacteria;p__Firmicutes;c__Clostridia;o__Oscillospirales;f__Ruminococcaceae;g__Fournierella;s__	0.9975244592331258
0d7b03abbb125dc74fdb466122fde92d	d__Bacteria;p__Firmicutes;c__Clostridia;o__Lachnospirales;f__Lachnospiraceae;g__Lachnospiraceae_UCG-004;s__	0.9617135436686096
ce608dcefc2b002557c2d8fd6e50d691	d__Bacteria;p__Firmicutes;c__Clostridia;o__Lachnospirales;f__Lachnospiraceae	0.9997845448470944
1e1360191007965ef351a6296b8a1897	d__Bacteria;p__Firmicutes;c__Clostridia;o__Lachnospirales;f__Lachnospiraceae;g__Blautia;s__	0.9622996256570796
fbf784a23d06ede31faad08d4df3d405	d__Bacteria;p__Firmicutes;c__Clostridia;o__Lachnospirales;f__Lachnospiraceae	0.9939301252670171
bd500f84ce065b292771602f718dea3e	d__Bacteria;p__Firmicutes;c__Clostridia;o__Lachnospirales;f__Lachnospiraceae	0.9996531970242526
8bc66574e31483abd2d89fa0a8c56769	d__Bacteria;p__Bacteroidota;c__Bacteroidia;o__Bacteroidales	0.970291710413437
d1d84d92ef998dc3a83e74f5aa868654	d__Bacteria;p__Firmicutes;c__Clostridia;o__Lachnospirales;f__Lachnospiraceae;g__Lachnospiraceae_UCG-004;s__	0.9206989883959105
b3cbc4814040ba7f5716d1259b264f92	d__Bacteria;p__Firmicutes;c__Clostridia;o__Lachnospirales;f__Lachnospiraceae;g__Lachnospiraceae_ND3007_group;s__	0.998563733770018
9dad73c684a7745ed798e8fcf2d54373	d__Bacteria;p__Actinobacteriota;c__Actinobacteria;o__Bifidobacteriales;f__Bifidobacteriaceae;g__Bifidobacterium;s__	0.9999624867878102
bb6f8d1f4c6caab2107c5cb202399734	d__Bacteria;p__Firmicutes;c__Clostridia;o__Lachnospirales;f__Lachnospiraceae	0.9958268102372015
c0b3f150b9488cd67d77db04da306d30	d__Bacteria;p__Proteobacteria;c__Gammaproteobacteria;o__Enterobacterales;f__Enterobacteriaceae;g__Pseudocitrobacter;s__	0.736751371920879
8e38466296d424e58af1c9763118bec1	d__Bacteria;p__Firmicutes;c__Clostridia;o__Lachnospirales;f__Lachnospiraceae	0.9806244153737469
36712467512e87f7799ecb46dd4cee2f	d__Bacteria;p__Firmicutes;c__Bacilli;o__Erysipelotrichales;f__Erysipelotrichaceae;g__Faecalitalea;s__	0.9595155207383169
a43224c86f222740fc9dd9b8194a5f3a	d__Bacteria;p__Firmicutes;c__Clostridia;o__Peptostreptococcales-Tissierellales;f__Family_XI;g__Finegoldia;s__	0.9999976618661229
2fbe2cbf28be3de572628f1a45051d51	d__Bacteria;p__Firmicutes;c__Clostridia;o__Lachnospirales;f__Lachnospiraceae;g__Lachnospiraceae_UCG-004;s__	0.8849159747001842
af860b148b5a257191483564b885f040	d__Bacteria;p__Firmicutes;c__Clostridia;o__Oscillospirales;f__Butyricicoccaceae;g__UCG-008;s__	0.9572741834551359
217707bf570d1d43bbf8b338ae51dcec	d__Bacteria;p__Firmicutes;c__Clostridia;o__Lachnospirales;f__Lachnospiraceae;g__Lachnospiraceae_FCS020_group;s__	0.7876178561110282
3b3c1296f5e1403630dbd63971e51ebb	d__Bacteria;p__Proteobacteria;c__Gammaproteobacteria;o__Enterobacterales;f__Enterobacteriaceae	0.9542842561147413
f94f3e292d52460abd786e674d0490e4	d__Bacteria;p__Firmicutes;c__Clostridia;o__Lachnospirales;f__Lachnospiraceae;g__Tuzzerella;s__	0.9940925151049114
6fb16c3bc39ac634d66a68d82efea2bc	d__Bacteria;p__Firmicutes;c__Clostridia;o__Lachnospirales;f__Lachnospiraceae	0.9997322826437205
200351e2a37571ecef3317d7a4a5b5c8	d__Bacteria;p__Actinobacteriota;c__Actinobacteria;o__Bifidobacteriales;f__Bifidobacteriaceae;g__Bifidobacterium;s__	0.9999322993040746
94e38e8f1e06c9102255737e8b2d87af	d__Bacteria;p__Firmicutes;c__Clostridia;o__Oscillospirales;f__Ruminococcaceae;g__Fournierella;s__	0.9967471585900783
19758eb9f24f35fff2f44376c1e5cd4c	d__Bacteria;p__Firmicutes;c__Bacilli;o__Erysipelotrichales;f__Erysipelatoclostridiaceae;g__Erysipelatoclostridium;s__	0.9153303268179154
6e5548f2f3805ecf2d349df217209f35	d__Bacteria;p__Firmicutes;c__Clostridia;o__Lachnospirales;f__Lachnospiraceae;g__Blautia;s__	0.9217539376405165
b0ef0351b7018a8cddf306bb2c983961	d__Bacteria;p__Firmicutes;c__Clostridia;o__Lachnospirales;f__Lachnospiraceae	0.9993388252254609
2140557593b32f814c049d30241a9aad	d__Bacteria;p__Firmicutes;c__Clostridia;o__Lachnospirales;f__Lachnospiraceae	0.9997788326587351
a300fdae6e8a34406e1a753c91fa3f26	d__Bacteria;p__Firmicutes;c__Clostridia;o__Lachnospirales;f__Lachnospiraceae	0.9994734295799815
fae7b2ea109c50c4493b4ea5fbe7f8b6	d__Bacteria;p__Firmicutes;c__Bacilli;o__Lactobacillales;f__Enterococcaceae;g__Enterococcus;s__	0.9898872237191206
617c03c946b373b82dfaa0e840b44f34	d__Bacteria;p__Firmicutes;c__Clostridia;o__Oscillospirales;f__Ruminococcaceae;g__Fournierella;s__	0.9973782456206424
9061c4663e49dd6a8913808f393b8861	d__Bacteria;p__Firmicutes;c__Clostridia;o__Lachnospirales;f__Lachnospiraceae	0.9988757621367301
7f661f8625c5091b0c365fb50c61790f	d__Bacteria;p__Bacteroidota;c__Bacteroidia;o__Bacteroidales;f__Bacteroidaceae;g__Bacteroides;s__	0.9999226064991775
26cffd1f1a90280422c93bf4363862fb	d__Bacteria;p__Firmicutes;c__Clostridia;o__Lachnospirales;f__Lachnospiraceae;g__Blautia;s__	0.9515157070095307
1f13a924d6235daf3cdfe661bb0f966d	d__Bacteria;p__Firmicutes;c__Bacilli;o__Lactobacillales;f__Lactobacillaceae;g__Lactobacillus;s__	0.9999881899210903
d474f80718a5a2b585e8a030410cc035	d__Bacteria;p__Firmicutes;c__Clostridia;o__Peptostreptococcales-Tissierellales;f__Family_XI;g__Fenollaria;s__	0.9999990423852732
4fdea7ac2c21d55d9cd552f936068b62	d__Bacteria;p__Proteobacteria;c__Gammaproteobacteria;o__Enterobacterales;f__Enterobacteriaceae	0.8471459448757677
5e349c718fde59601d24b50a54e99e34	d__Bacteria;p__Firmicutes;c__Clostridia;o__Peptostreptococcales-Tissierellales;f__Peptostreptococcaceae	0.9999888757226503
66e35e7c5f6f20eade15ff05547bf5a5	d__Bacteria;p__Firmicutes;c__Clostridia;o__Lachnospirales;f__Lachnospiraceae;g__Blautia;s__	0.9609125087079472
45609b94836709f4edfcb153d745a10f	d__Bacteria;p__Proteobacteria;c__Gammaproteobacteria;o__Pseudomonadales;f__Halomonadaceae;g__Halomonas;s__	0.9820884484911852
f8cc0b3f1cb9e0c0f0f3211f35118b32	d__Bacteria;p__Firmicutes;c__Clostridia;o__Peptostreptococcales-Tissierellales;f__Peptostreptococcaceae;g__Romboutsia;s__	0.7479444205091828
b207182df0731b711a4b4c2862827a22	d__Bacteria;p__Firmicutes;c__Bacilli;o__Erysipelotrichales;f__Erysipelatoclostridiaceae;g__Erysipelatoclostridium;s__	0.771289152805781
142399df3b5add5bdd670e0549894092	d__Bacteria;p__Firmicutes;c__Clostridia;o__Peptostreptococcales-Tissierellales;f__Peptostreptococcaceae;g__Romboutsia;s__	0.7380950888789506
0cb3af321ec90804c551d32abc1088bc	d__Bacteria;p__Firmicutes;c__Clostridia;o__Lachnospirales;f__Lachnospiraceae;g__Lachnoclostridium;s__	0.808560964045945
425614f006d59c1100b1721e106fc0e4	d__Bacteria;p__Firmicutes;c__Clostridia;o__Lachnospirales;f__Lachnospiraceae;g__Dorea;s__	0.9729199556615167
01457b219f7562415c8aa9430bb856f5	d__Bacteria;p__Firmicutes;c__Bacilli;o__Lactobacillales;f__Lactobacillaceae;g__Lactobacillus;s__	0.9999774372258071
e6cab31b3f35a691d21e1233e6f3699c	d__Bacteria;p__Firmicutes;c__Clostridia;o__Lachnospirales;f__Lachnospiraceae;g__Lachnoclostridium;s__	0.7664975545095742
0c5f98bff64c0650a0db07607ce49f07	d__Bacteria;p__Proteobacteria;c__Gammaproteobacteria;o__Enterobacterales;f__Enterobacteriaceae	0.9736850319309576
2ba08e0b9894be42d0e2cca48184df3e	d__Bacteria;p__Firmicutes;c__Clostridia;o__Lachnospirales;f__Lachnospiraceae	0.9996308848942954
b843e68260d7991c15d85016dbe87d23	d__Bacteria;p__Firmicutes;c__Clostridia;o__Peptostreptococcales-Tissierellales;f__Peptostreptococcaceae;g__Intestinibacter;s__	0.9945301838475856
ace0a3a14aa9e654479e4b45ed48adef	d__Bacteria;p__Proteobacteria;c__Gammaproteobacteria;o__Enterobacterales;f__Enterobacteriaceae	0.9742432310233725
6b193862ace40de041883a62f118ab7c	d__Bacteria;p__Proteobacteria;c__Gammaproteobacteria;o__Enterobacterales;f__Enterobacteriaceae	0.9848279795619632
04513518dc33827d990a2bf34409820c	d__Bacteria;p__Firmicutes;c__Clostridia;o__Lachnospirales;f__Lachnospiraceae;g__Blautia;s__	0.9558187110217068
b6ae49e546148dc98c2c89398f36c8ea	d__Bacteria;p__Firmicutes;c__Clostridia;o__Peptostreptococcales-Tissierellales;f__Peptostreptococcaceae;g__Intestinibacter;s__	0.997320290272779
acf9add33938e92a24e8d43232d9a3c1	d__Bacteria;p__Firmicutes;c__Clostridia;o__Lachnospirales;f__Lachnospiraceae;g__Blautia;s__	0.9229711892950685
372436d2420e3a313651db130cc41300	d__Bacteria;p__Firmicutes;c__Clostridia;o__Lachnospirales;f__Lachnospiraceae	0.9940618349608334
aad1002679b7354a078a1fc277740882	d__Bacteria;p__Firmicutes;c__Clostridia;o__Oscillospirales;f__Ruminococcaceae;g__Incertae_Sedis;s__	0.9225149993774102
64817ced7e6544d871ce553e4b80b8c2	d__Bacteria;p__Proteobacteria;c__Gammaproteobacteria;o__Burkholderiales;f__Burkholderiaceae;g__Ralstonia;s__	0.9985381860220648
0eb0d74f9f45e1ebe2c91cba92ad3936	d__Bacteria;p__Firmicutes;c__Negativicutes;o__Veillonellales-Selenomonadales;f__Veillonellaceae;g__Veillonella;s__	0.9999995742006488
d91029e3b54de668ea39ac99be1ff1b2	d__Bacteria;p__Firmicutes;c__Clostridia;o__Oscillospirales;f__Butyricicoccaceae;g__Butyricicoccus;s__	0.9891715415042996
a96783196d6165460681742dfd57db34	d__Bacteria;p__Firmicutes;c__Bacilli;o__Lactobacillales;f__Lactobacillaceae;g__Lacticaseibacillus;s__	0.9999978363232276
74fe542ce79bdd2442bda7bf22cdbeb5	d__Bacteria;p__Firmicutes;c__Negativicutes;o__Veillonellales-Selenomonadales;f__Veillonellaceae;g__Veillonella;s__	0.9999888195555281
5e1903bef93bbfe3383dcb0e16f53e23	d__Bacteria;p__Firmicutes;c__Clostridia;o__Christensenellales;f__Christensenellaceae;g__Christensenellaceae_R-7_group;s__	0.842111529511375
b30bc133ba87a28ddbdfa22a8587757f	d__Bacteria;p__Firmicutes;c__Clostridia;o__Lachnospirales;f__Lachnospiraceae;g__Blautia;s__	0.8864054308693935
8a7452fb76fb7b2de918b3333ef8586a	d__Bacteria;p__Bacteroidota;c__Bacteroidia;o__Bacteroidales;f__Bacteroidaceae;g__Bacteroides;s__	0.9446738825993736
4800a6cbf1be5826c1b698b00cafae06	d__Bacteria;p__Firmicutes;c__Clostridia;o__Peptostreptococcales-Tissierellales;f__Peptostreptococcaceae;g__Romboutsia;s__	0.8860653913855738
a959382ea7c588bf6508b5a190b2e33b	d__Bacteria;p__Bacteroidota;c__Bacteroidia;o__Bacteroidales;f__Bacteroidaceae;g__Bacteroides;s__	0.9986320035541916
036f10d828006281667b43201e378776	d__Bacteria;p__Firmicutes;c__Clostridia;o__Peptostreptococcales-Tissierellales;f__Peptostreptococcaceae;g__Intestinibacter;s__	0.996728227741715
591ed8b1671140856d94bb371e1faddd	d__Bacteria;p__Firmicutes;c__Clostridia;o__Lachnospirales;f__Lachnospiraceae;g__Lachnospiraceae_ND3007_group;s__	0.9998628825870293
d269050f77c4ee23d0610aa8cd1a0287	d__Bacteria;p__Firmicutes;c__Clostridia;o__Lachnospirales;f__Lachnospiraceae	0.9842726223989678
c4565c4e4cad882e0ecf740fc00973c4	d__Bacteria;p__Firmicutes;c__Clostridia;o__Lachnospirales;f__Lachnospiraceae;g__Lachnoclostridium;s__	0.7691847751364846
746eb04feac2958c4a249a9fc9f8c44e	d__Bacteria;p__Firmicutes;c__Clostridia;o__Oscillospirales;f__Butyricicoccaceae;g__UCG-008;s__	0.9736974063537961
81615f3383c94d31a590c716e6c24a61	d__Bacteria;p__Proteobacteria;c__Gammaproteobacteria;o__Enterobacterales;f__Enterobacteriaceae;g__Escherichia-Shigella;s__	0.9085994438213174
554e215041d9648d5fb7f3eb26e24cb2	d__Bacteria;p__Firmicutes;c__Clostridia;o__Lachnospirales;f__Lachnospiraceae;g__Lachnospiraceae_ND3007_group;s__	0.9998134551589781
b591e10023d61cbafc4da5aacb2c45a3	d__Bacteria;p__Firmicutes;c__Clostridia;o__Lachnospirales;f__Lachnospiraceae;g__Blautia;s__	0.9436461207730442
80c440fe80afb09a4e855a019166950e	d__Bacteria;p__Firmicutes;c__Clostridia;o__Lachnospirales;f__Lachnospiraceae;g__Blautia;s__	0.9606854203849949
d00b2c3b320991028c9424d27c8b330d	d__Bacteria;p__Firmicutes;c__Bacilli;o__Erysipelotrichales;f__Erysipelatoclostridiaceae;g__Erysipelatoclostridium;s__	0.9306404875573794
81c467803c7679619cc70b303f508e04	d__Bacteria;p__Firmicutes;c__Clostridia;o__Lachnospirales;f__Lachnospiraceae	0.9956771998131254
acd85fe36f1115850c0416a2900a96d4	d__Bacteria;p__Firmicutes;c__Bacilli;o__Erysipelotrichales;f__Erysipelotrichaceae;g__Turicibacter;s__	0.9999914609841266
13584f1f4c9771a233bca8eb2d8b9226	d__Bacteria;p__Firmicutes;c__Clostridia;o__Lachnospirales;f__Lachnospiraceae;g__Blautia;s__	0.910437133009
beb44fbb1f2cffa84b12e27cec981afe	d__Bacteria;p__Firmicutes;c__Clostridia;o__Peptostreptococcales-Tissierellales;f__Peptostreptococcaceae;g__Romboutsia;s__	0.9156609550762193
f67c4ca8ce58b226eef4e54e21db5516	d__Bacteria;p__Firmicutes;c__Clostridia;o__Lachnospirales;f__Lachnospiraceae;g__Blautia;s__	0.9414544471133843
37656cd787c241ecd2e561d237490238	d__Bacteria;p__Firmicutes;c__Clostridia;o__Lachnospirales;f__Lachnospiraceae;g__Blautia;s__	0.9388158338319826
006984075631b02d3d637de76d1370be	d__Bacteria;p__Firmicutes;c__Clostridia;o__Lachnospirales;f__Lachnospiraceae;g__Blautia;s__	0.928986043845279
86fec0cea8b77f8b00eedafabfa7c88f	d__Bacteria;p__Firmicutes;c__Clostridia;o__Lachnospirales;f__Lachnospiraceae	0.9801331748276774
a9f0767942a4566c3e5f6f2c8c8e78a5	d__Bacteria;p__Bacteroidota;c__Bacteroidia;o__Bacteroidales;f__Bacteroidaceae;g__Bacteroides;s__	0.99950151787813
2de857c8b9fb5977fd7a0339ff26d777	d__Bacteria;p__Bacteroidota;c__Bacteroidia;o__Bacteroidales;f__Tannerellaceae;g__Parabacteroides;s__	0.9799458472356881
7ae37c3c31997cf6cca1bcb19ef0188a	d__Bacteria;p__Bacteroidota;c__Bacteroidia;o__Bacteroidales;f__Bacteroidaceae;g__Bacteroides;s__	0.9981992026108517
c08da4686b86dbfd16b14de9cec80d49	d__Bacteria;p__Proteobacteria;c__Gammaproteobacteria;o__Enterobacterales	0.9999999640236822
5981f4ba2b589ad9e4a2bf42b276ca4e	d__Bacteria;p__Firmicutes;c__Clostridia;o__Lachnospirales;f__Lachnospiraceae	0.9988418842022986
057be4555b76badf531f872962eed97c	d__Bacteria;p__Bacteroidota;c__Bacteroidia;o__Bacteroidales;f__Bacteroidaceae;g__Bacteroides;s__	0.998639441925268
786237642f918666a1a04890c1d9c5de	d__Bacteria;p__Firmicutes;c__Clostridia;o__Oscillospirales;f__Ruminococcaceae;g__Ruminococcus;s__	0.7244040206661231
5b4ec5b450926f8ee66ed5a9660f731f	d__Bacteria;p__Firmicutes;c__Clostridia;o__Oscillospirales;f__Ruminococcaceae;g__UBA1819;s__	0.9999789361186667
752b83fef74d1b74ca60537bda61eb90	d__Bacteria;p__Proteobacteria;c__Gammaproteobacteria;o__Enterobacterales;f__Enterobacteriaceae;g__Escherichia-Shigella;s__	0.9610041805816584
9be1aeb0727b22c8a25d1c3ff6e40540	d__Bacteria;p__Bacteroidota;c__Bacteroidia;o__Bacteroidales;f__Barnesiellaceae;g__Barnesiella;s__	0.9999464209309248
6e6e5997c157d35062d9ac885e51d022	d__Bacteria;p__Bacteroidota;c__Bacteroidia;o__Bacteroidales;f__Bacteroidaceae;g__Bacteroides;s__	0.9978438963729479
f5fb4c412ebd1ebde8660d46c1163c8c	d__Bacteria;p__Bacteroidota;c__Bacteroidia;o__Bacteroidales;f__Tannerellaceae;g__Parabacteroides;s__	0.9998369923122734
ea55bf9a5e4efe4e1e51fff829dd815a	d__Bacteria;p__Bacteroidota;c__Bacteroidia;o__Bacteroidales;f__Bacteroidaceae;g__Bacteroides;s__	0.994297963503065
1a1474a0681f0d171e18bfa85eade2c1	d__Bacteria;p__Bacteroidota;c__Bacteroidia;o__Bacteroidales;f__Barnesiellaceae;g__Barnesiella;s__	0.9999623792185802
cab4644391ddd86e6ed94ac11bc2bf41	d__Bacteria;p__Firmicutes;c__Clostridia;o__Lachnospirales;f__Lachnospiraceae;g__[Ruminococcus]_torques_group;s__	0.9105640984589791
52377cbd487c4fbc3754f282eb99454e	d__Bacteria;p__Firmicutes;c__Clostridia;o__Oscillospirales;f__Ruminococcaceae;g__Subdoligranulum;s__	0.9986383194942702
d7ce0455983840378dbba1525a8a6562	d__Bacteria;p__Firmicutes;c__Clostridia;o__Lachnospirales;f__Lachnospiraceae;g__[Ruminococcus]_torques_group;s__	0.9459522400487841
4f7a8b56212137cf3d1cac3b6efba5a3	d__Bacteria;p__Firmicutes;c__Clostridia;o__Oscillospirales;f__Ruminococcaceae;g__Ruminococcus;s__	0.8182707119999246
4b7de02eb4ff5d19849edaa5a2e84167	d__Bacteria;p__Bacteroidota;c__Bacteroidia;o__Bacteroidales;f__Rikenellaceae;g__Alistipes;s__	0.999609085321244
0397ac6e11686bede49c91dac6ffc3b8	d__Bacteria;p__Bacteroidota;c__Bacteroidia;o__Bacteroidales;f__Bacteroidaceae;g__Bacteroides;s__	0.9995926816903822
3ffd29b7dd9b91190e744623837e6a9b	d__Bacteria;p__Actinobacteriota;c__Coriobacteriia;o__Coriobacteriales;f__Coriobacteriaceae;g__Collinsella;s__	0.9999787937861236
0516238a6d080b9758466f3f906d0cc6	d__Bacteria;p__Firmicutes;c__Clostridia;o__Oscillospirales;f__Oscillospiraceae;g__Oscillibacter;s__	0.9012786031299165
eefbd22df10da8cf9b6486bd32741635	d__Bacteria;p__Bacteroidota;c__Bacteroidia;o__Bacteroidales;f__Rikenellaceae;g__Alistipes;s__	0.9987307570371654
061b22aab6f01ebe9197708cfa5ce34d	d__Bacteria;p__Firmicutes;c__Clostridia;o__Oscillospirales;f__Oscillospiraceae;g__UCG-005;s__	0.7842629925586161
a73dbe65f2465c0ffd75484656393cac	d__Bacteria;p__Bacteroidota;c__Bacteroidia;o__Bacteroidales;f__Rikenellaceae;g__Alistipes;s__	0.9956827491383823
542e6385f7e423375a35ba31511a4192	d__Bacteria;p__Firmicutes;c__Bacilli;o__Erysipelotrichales;f__Erysipelatoclostridiaceae;g__Coprobacillus;s__	0.9999998837948351
18839a86013a6f83beec1aac18c82af4	d__Bacteria;p__Bacteroidota;c__Bacteroidia;o__Bacteroidales;f__Tannerellaceae;g__Parabacteroides;s__	0.9998827811432736
4766ca53b39fee9b69140a7afe8a82b7	d__Bacteria;p__Firmicutes;c__Clostridia;o__Oscillospirales;f__Oscillospiraceae;g__UCG-002;s__	0.9921400602329031
3df7268a9bbe7f034bab142e99f04619	d__Bacteria;p__Bacteroidota;c__Bacteroidia;o__Bacteroidales;f__Bacteroidaceae;g__Bacteroides;s__	0.9976744991597614
ed2f1378d380a12471834b0969903f60	d__Bacteria;p__Bacteroidota;c__Bacteroidia;o__Bacteroidales;f__Rikenellaceae;g__Alistipes;s__	0.9963872598635234
1c6e2d05f790ccbb226087dda9f676ab	d__Bacteria;p__Bacteroidota;c__Bacteroidia;o__Bacteroidales;f__Tannerellaceae;g__Parabacteroides;s__	0.9998633170184618
60e66eaf3fb663dd1cf8b83a78f2d52a	d__Bacteria;p__Firmicutes;c__Clostridia;o__Oscillospirales;f__Ruminococcaceae;g__Subdoligranulum;s__	0.9814838767989125
e61a24887dc4048e1b0b05426eba3669	d__Bacteria;p__Proteobacteria;c__Gammaproteobacteria;o__Burkholderiales;f__Sutterellaceae;g__Parasutterella;s__	0.999999761895637
f888ac8d12efab31e76e9c1c24584046	d__Bacteria;p__Bacteroidota;c__Bacteroidia;o__Bacteroidales;f__Tannerellaceae;g__Parabacteroides;s__	0.9998331580800524
1c893e61cc0e939c737493b856917065	d__Bacteria;p__Firmicutes;c__Clostridia;o__Lachnospirales;f__Lachnospiraceae;g__Frisingicoccus;s__	0.9420983670842503
682cf918106bff7e8cb1ae651e57e52d	d__Bacteria;p__Actinobacteriota;c__Actinobacteria;o__Bifidobacteriales;f__Bifidobacteriaceae;g__Bifidobacterium;s__	0.9986830327180888
229621427297f18ddb43a1ccdf7cbdcd	d__Bacteria;p__Firmicutes;c__Clostridia;o__Lachnospirales;f__Lachnospiraceae	0.9985815060763358
785fb06000bf594b485747b5fc22e941	d__Bacteria;p__Firmicutes;c__Clostridia;o__Oscillospirales;f__Oscillospiraceae;g__Oscillibacter;s__	0.942111059985663
844db76eca56658535290585cd345ea1	d__Bacteria;p__Firmicutes;c__Clostridia;o__Oscillospirales;f__Ruminococcaceae;g__Faecalibacterium;s__	0.9996161836956766
ae28e9c8a0c4850c1a8f32c6baca2f45	d__Bacteria;p__Firmicutes;c__Clostridia;o__Oscillospirales;f__Oscillospiraceae;g__UCG-002;s__	0.9923235971301515
7e871c3a0c1762b634fd08b3af61a6f3	d__Bacteria;p__Bacteroidota;c__Bacteroidia;o__Bacteroidales;f__Bacteroidaceae;g__Bacteroides;s__	0.9991010702529443
a6bd0321270ec85acdef63ff0684021e	d__Bacteria;p__Firmicutes;c__Clostridia;o__Oscillospirales;f__Ruminococcaceae;g__Subdoligranulum;s__	0.9691663651148703
b3f6b6dab73b5f7f0780932369214283	d__Bacteria;p__Bacteroidota;c__Bacteroidia;o__Bacteroidales;f__Rikenellaceae;g__Alistipes;s__	0.9889976917498179
2f851d2411f006d252d3a01012b5d751	d__Bacteria;p__Firmicutes;c__Clostridia;o__Oscillospirales;f__Ruminococcaceae;g__Faecalibacterium;s__	0.9992296445016045
b1472649ebb2fb1c651301c7d654d019	d__Bacteria;p__Firmicutes;c__Clostridia;o__Oscillospirales;f__Oscillospiraceae;g__Colidextribacter;s__	0.7125182179241552
f7334b2b4f5b8cdf468d2031b08cac1e	d__Bacteria;p__Firmicutes;c__Negativicutes;o__Acidaminococcales;f__Acidaminococcaceae;g__Phascolarctobacterium;s__	0.9996878557768444
1e51d467d2f4eba9257abf35761ee04a	d__Bacteria;p__Bacteroidota;c__Bacteroidia;o__Bacteroidales;f__Bacteroidaceae;g__Bacteroides;s__	0.9999382454164539
b47a9d3d9c186bbbfba78c7ec08b8ece	d__Bacteria;p__Actinobacteriota;c__Actinobacteria;o__Bifidobacteriales;f__Bifidobacteriaceae;g__Bifidobacterium;s__	0.9999891550075717
98856dfacba6cc7db2e325b3638fbc6b	d__Bacteria;p__Firmicutes;c__Clostridia;o__Oscillospirales;f__Ruminococcaceae;g__Faecalibacterium;s__	0.9994958056109416
5d3a3cc1ef87608573e88da3608dc967	d__Bacteria;p__Firmicutes;c__Negativicutes;o__Veillonellales-Selenomonadales;f__Veillonellaceae;g__Dialister;s__	0.984923383914861
db280652d5f279addd3de2acf1d5b966	d__Bacteria;p__Actinobacteriota;c__Actinobacteria;o__Bifidobacteriales;f__Bifidobacteriaceae;g__Bifidobacterium;s__	0.9999482244819567
c3ab55936a72c4ddb31a77538f459128	d__Bacteria;p__Firmicutes;c__Clostridia;o__Oscillospirales;f__Ruminococcaceae;g__Faecalibacterium;s__	0.9996972593294802
29df39d829c81924bde01f0380c6126f	d__Bacteria;p__Actinobacteriota;c__Coriobacteriia;o__Coriobacteriales;f__Coriobacteriaceae;g__Collinsella;s__	0.999964905309389
a18a30c59af42305b4ee3ae2de61725a	d__Bacteria;p__Actinobacteriota;c__Actinobacteria;o__Actinomycetales;f__Actinomycetaceae;g__Varibaculum;s__	0.9999994634624318
4924e59d5568c36389d2f1a46b161901	d__Bacteria;p__Bacteroidota;c__Bacteroidia;o__Bacteroidales;f__Bacteroidaceae;g__Bacteroides;s__	0.9998040635925827
443aff9a7d2a6ea9d20d0544f83264d3	d__Bacteria;p__Actinobacteriota;c__Coriobacteriia;o__Coriobacteriales;f__Eggerthellaceae;g__Senegalimassilia;s__	0.9999850757267528
046dd2935fa93f57c883bb6b6381b691	d__Bacteria;p__Firmicutes;c__Clostridia;o__Oscillospirales;f__Oscillospiraceae;g__Intestinimonas;s__	0.9268540124936215
9d19b8b69dba1bfb3138cadc8ca3e461	d__Bacteria;p__Actinobacteriota;c__Actinobacteria;o__Bifidobacteriales;f__Bifidobacteriaceae;g__Bifidobacterium;s__	0.9994069448681524
6fe5932cc335e9a767e55ea03685fbd7	d__Bacteria;p__Actinobacteriota;c__Coriobacteriia;o__Coriobacteriales;f__Eggerthellaceae;g__Eggerthella;s__	0.9999801643591236
a8fa787ab2d51c6e75fde478f9fb20b3	d__Bacteria;p__Firmicutes;c__Clostridia;o__Oscillospirales;f__Ruminococcaceae;g__Faecalibacterium;s__	0.9994968491530164
2dc6860c19ec9ce4f280c286b4b59b6c	d__Bacteria;p__Firmicutes;c__Clostridia;o__Lachnospirales;f__Lachnospiraceae;g__Dorea;s__	0.9720007588711382
0c44dffaa9c490a906de38d6b9fe363c	d__Bacteria;p__Firmicutes;c__Clostridia;o__Oscillospirales;f__Ruminococcaceae;g__Incertae_Sedis;s__	0.9582904634634225
e6ed84d0693e048ab6c5299f6558d79c	d__Bacteria;p__Desulfobacterota;c__Desulfovibrionia;o__Desulfovibrionales;f__Desulfovibrionaceae;g__Bilophila;s__	0.9999929180965044
af4089203591bbb0e8dbc7b10856a45a	d__Bacteria;p__Proteobacteria;c__Gammaproteobacteria;o__Burkholderiales;f__Sutterellaceae;g__Parasutterella;s__	0.9999995463785075
1037749352c879cfdc0c69c7dea6fada	d__Bacteria;p__Firmicutes;c__Clostridia;o__Lachnospirales;f__Lachnospiraceae;g__Frisingicoccus;s__	0.8356067615671641
0757d2a19f3328149ca5089dc39a3c44	d__Bacteria;p__Firmicutes;c__Clostridia;o__Lachnospirales;f__Lachnospiraceae;g__[Eubacterium]_hallii_group;s__	0.996669145489767
af6e80cee4d2c9ce0df4072a83627cf7	d__Bacteria;p__Firmicutes;c__Clostridia;o__Oscillospirales;f__Ruminococcaceae;g__Faecalibacterium;s__	0.9989887531004893
0e21b2f88d1c9e3ae2d590973c182b60	d__Bacteria;p__Firmicutes;c__Clostridia;o__Oscillospirales;f__Ruminococcaceae;g__Faecalibacterium;s__	0.9984487702428151
2361a933de9d771cceabcc228fa13939	d__Bacteria;p__Firmicutes;c__Clostridia;o__Oscillospirales;f__Ruminococcaceae;g__Faecalibacterium;s__	0.9993346324700133
2727dbe0b1add535d40ce93e1d99b0ed	d__Bacteria;p__Firmicutes;c__Clostridia;o__Oscillospirales;f__Ruminococcaceae;g__Faecalibacterium;s__	0.9990073278601777
27281aabdf98fc18cd5501851419d76e	d__Bacteria;p__Firmicutes;c__Clostridia;o__Lachnospirales;f__Lachnospiraceae;g__Fusicatenibacter;s__	0.9993571159350925
63f87bfad766cd16f1c162bff3604809	d__Bacteria;p__Firmicutes;c__Clostridia;o__Oscillospirales;f__Ruminococcaceae;g__Faecalibacterium;s__	0.99975431127131
734008b7847ab28c3f31f1a8eef6add1	d__Bacteria;p__Firmicutes;c__Bacilli;o__Erysipelotrichales;f__Erysipelatoclostridiaceae;g__Candidatus_Stoquefichus;s__	0.7337913212289432
f58f472a8873578035360b1527d98998	d__Bacteria;p__Firmicutes;c__Clostridia;o__Peptostreptococcales-Tissierellales;f__Family_XI;g__Murdochiella;s__	0.9998769191114214
f3c65c46e5a28195f8624be038f5aa20	d__Bacteria;p__Firmicutes;c__Clostridia;o__Lachnospirales;f__Lachnospiraceae;g__Fusicatenibacter;s__	0.999494523484694
17bbc716a46c00faec2b468968d68b23	d__Bacteria;p__Desulfobacterota;c__Desulfovibrionia;o__Desulfovibrionales;f__Desulfovibrionaceae;g__uncultured;s__	0.9755331467554027
982952f8cd3d82a4e2f39ea64f3d5d81	d__Bacteria;p__Firmicutes;c__Clostridia;o__Lachnospirales;f__Lachnospiraceae;g__Tuzzerella;s__	0.7098391089648547
fd0dcd78d095da2456b2e6e7d6a02b8c	d__Bacteria;p__Firmicutes;c__Clostridia;o__Oscillospirales;f__Ruminococcaceae;g__Faecalibacterium;s__	0.9996068156839145
be6187b989f480ec617d73402e1dc0e4	d__Bacteria;p__Firmicutes;c__Clostridia;o__Oscillospirales;f__Ruminococcaceae;g__Faecalibacterium;s__	0.9995877293818369
1a726f9a3a5362ab6d47fcca29985c86	d__Bacteria;p__Firmicutes;c__Clostridia;o__Lachnospirales;f__Lachnospiraceae;g__Fusicatenibacter;s__	0.9992229514420726
0c85b71ef3a2e9e8419682cdaaf0ebec	d__Bacteria;p__Firmicutes;c__Clostridia;o__Lachnospirales;f__Lachnospiraceae;g__Blautia;s__	0.9021101149816169
c912dd6da535629f7a107be75b030e6c	d__Bacteria;p__Firmicutes;c__Clostridia;o__Oscillospirales;f__Ruminococcaceae;g__Faecalibacterium;s__	0.9997663619912436
484a25848a9024878492a7eb49c7dddc	d__Bacteria;p__Firmicutes;c__Clostridia;o__Oscillospirales;f__Ruminococcaceae;g__Faecalibacterium;s__	0.999583468808965
a36afdf2fccb3e88cf1a402c1d779489	d__Bacteria;p__Bacteroidota;c__Bacteroidia;o__Bacteroidales;f__Marinifilaceae;g__Odoribacter;s__	0.9999851023923704
9de9cb3d902879b86d30bc112a1a372b	d__Bacteria;p__Firmicutes;c__Clostridia;o__Lachnospirales;f__Lachnospiraceae;g__[Ruminococcus]_torques_group;s__	0.8663456249821238
7023eadae3a45f92fee35dd9e8c00a4b	d__Bacteria;p__Firmicutes;c__Clostridia;o__Lachnospirales;f__Lachnospiraceae;g__[Eubacterium]_ventriosum_group;s__	0.9041496264686527
0eb6eaedd5dce3581011ac309ed53416	d__Bacteria;p__Firmicutes;c__Clostridia;o__Lachnospirales;f__Lachnospiraceae;g__Tuzzerella;s__	0.9474188055142364
36c43ffca949d4b4daf8d8107fafc63f	d__Bacteria;p__Firmicutes;c__Clostridia;o__Lachnospirales;f__Lachnospiraceae;g__[Eubacterium]_hallii_group;s__	0.9930679010691055
afea45836322bd18ea60848c586d6046	d__Bacteria;p__Firmicutes;c__Bacilli;o__Lactobacillales;f__Streptococcaceae;g__Streptococcus;s__	0.9998964948768377
e298a4ea3aa5a48b52654de5538abbd7	d__Bacteria;p__Firmicutes;c__Clostridia;o__Lachnospirales;f__Lachnospiraceae	0.9898880773753764
6a2b45fd15f32ea5bc23252adbbb33e5	d__Bacteria;p__Firmicutes;c__Clostridia;o__Oscillospirales;f__Oscillospiraceae	0.9955268700060252
be7997a0e5c84aca73c587e853e18d6f	d__Bacteria;p__Firmicutes;c__Clostridia;o__Lachnospirales;f__Lachnospiraceae;g__Blautia;s__	0.9610369905832773
4638c464c458bdc15948321008997e07	d__Bacteria;p__Firmicutes;c__Clostridia;o__Oscillospirales;f__Ruminococcaceae	0.7669341879576878
98f6bee1d87a6f89715d60a3219c24a4	d__Bacteria;p__Firmicutes;c__Clostridia;o__Lachnospirales;f__Lachnospiraceae;g__Anaerostipes;s__	0.9914575721161895
face07287729a9d8318445c708b1f571	d__Bacteria;p__Firmicutes;c__Clostridia;o__Oscillospirales;f__Ruminococcaceae;g__Faecalibacterium;s__	0.9996771599449702
ad1a027237fa99f536cedf4b40325658	d__Bacteria;p__Bacteroidota;c__Bacteroidia;o__Bacteroidales;f__Rikenellaceae;g__Alistipes;s__	0.8998456058692419
92d6e102434f15119deeb4c8b5b2e5f1	d__Bacteria;p__Desulfobacterota;c__Desulfovibrionia;o__Desulfovibrionales;f__Desulfovibrionaceae;g__uncultured;s__	0.960429361019322
5c019f71d8121e128835fffcf6b6817e	d__Bacteria;p__Firmicutes;c__Clostridia;o__Lachnospirales;f__Lachnospiraceae;g__[Ruminococcus]_torques_group;s__	0.8403778579136889
cfdd3bd10fa5112ec994fd1d5bee5c50	d__Bacteria;p__Firmicutes;c__Bacilli;o__Bacillales;f__Bacillaceae;g__Bacillus;s__	0.9984731975040427
c78cd6b5e54b08ea7e409c30c780253e	d__Bacteria;p__Firmicutes;c__Clostridia;o__Oscillospirales;f__Ruminococcaceae;g__Incertae_Sedis;s__	0.7512604261111442
ee2245f7ca65fcdf0b380621b3779b9d	d__Bacteria;p__Firmicutes;c__Clostridia;o__Lachnospirales;f__Lachnospiraceae	0.8040014335972702
d4c30aab93bef66e92062d5ac5a2ac66	d__Bacteria;p__Firmicutes;c__Clostridia;o__Lachnospirales;f__Lachnospiraceae;g__Dorea;s__	0.9698193929091848
6330f7928f0ce5206c88041eddc39378	d__Bacteria;p__Firmicutes;c__Clostridia;o__Lachnospirales;f__Lachnospiraceae;g__[Ruminococcus]_torques_group;s__	0.7752032779990783
c757d6ef484c3bd281940eb513b013e0	d__Bacteria;p__Firmicutes;c__Clostridia;o__Oscillospirales;f__Oscillospiraceae	0.9944861535492808
72abf22712e07010347bcfd5769df626	d__Bacteria;p__Firmicutes;c__Clostridia;o__Oscillospirales;f__Ruminococcaceae;g__Negativibacillus;s__	0.9983704732614217
233d08eba42045f18eb15e32b51f74e4	d__Bacteria;p__Desulfobacterota;c__Desulfovibrionia;o__Desulfovibrionales;f__Desulfovibrionaceae;g__Bilophila;s__	0.9999868066912735
287d47eedee494dafee8e51692164889	d__Bacteria;p__Firmicutes;c__Clostridia;o__Monoglobales;f__Monoglobaceae;g__Monoglobus;s__	0.9361905311242552
01fb049857da8d3c3844822ac86f3e1e	d__Bacteria;p__Firmicutes;c__Clostridia;o__Lachnospirales;f__Lachnospiraceae;g__[Eubacterium]_hallii_group;s__	0.9965336756079339
86ddf3b7793ae56436971c7761603795	d__Bacteria;p__Firmicutes;c__Clostridia;o__Lachnospirales;f__Lachnospiraceae;g__[Ruminococcus]_torques_group;s__	0.7356805824611717
7cf247e6e9db982424e9bf9b825deb4a	d__Bacteria;p__Firmicutes;c__Clostridia;o__Lachnospirales;f__Lachnospiraceae;g__Blautia;s__	0.9254504019325503
b6a9bc07cbc4641770c0673fcfeade46	d__Bacteria;p__Bacteroidota;c__Bacteroidia;o__Bacteroidales;f__Marinifilaceae;g__Odoribacter;s__	0.9999910294965461
8f5cecabd7d72a5a0716fca25c31f125	d__Bacteria;p__Bacteroidota;c__Bacteroidia;o__Bacteroidales;f__Rikenellaceae;g__Alistipes;s__	0.877667669078942
d7535d40ce82f1a3e2726659e3ff78f6	d__Bacteria;p__Firmicutes;c__Clostridia;o__Peptostreptococcales-Tissierellales;f__Anaerovoracaceae	0.9984251757062509
bfc4c3535d552b7fbcb2d41912607a56	d__Bacteria;p__Firmicutes;c__Clostridia;o__Oscillospirales;f__Ruminococcaceae;g__Subdoligranulum;s__	0.9086403820900009
fd9543b1e38ccfe08abdddc75d9abc90	d__Bacteria;p__Firmicutes;c__Clostridia;o__Lachnospirales;f__Lachnospiraceae;g__Blautia;s__	0.9252479131880856
bea397fb2f55a625a7ceda4542b2cdaa	d__Bacteria;p__Firmicutes;c__Clostridia;o__Lachnospirales;f__Lachnospiraceae;g__Dorea;s__	0.92070694739326
7b42c472dbce92b2482e6302cc960b3a	d__Bacteria;p__Firmicutes;c__Clostridia;o__Lachnospirales;f__Lachnospiraceae;g__Dorea;s__	0.8418376952194091
5f14622cb7d25ae7c2eaa0e36a11fe9c	d__Bacteria;p__Firmicutes;c__Clostridia;o__Oscillospirales;f__Ruminococcaceae	0.7113967802533288
44fc3d882e928984200a16aacb2796da	d__Bacteria;p__Firmicutes;c__Clostridia;o__Oscillospirales;f__Ruminococcaceae;g__Subdoligranulum;s__	0.9761707457608968
790a37011620bdea119b22cd6664815b	d__Bacteria;p__Firmicutes;c__Clostridia;o__Oscillospirales;f__Oscillospiraceae	0.9809332278577123
0a71dbde57f8a0382f5298755a0e3c6d	d__Bacteria;p__Bacteroidota;c__Bacteroidia;o__Bacteroidales;f__Prevotellaceae;g__Prevotella_7;s__	0.863723457013188
d7fcac4aabb1b8763376e028204b9955	d__Bacteria;p__Firmicutes;c__Clostridia;o__Lachnospirales;f__Lachnospiraceae;g__[Eubacterium]_hallii_group;s__	0.9892015005421607
ff582ec867cc3b0603dcc5b63b3fcaa8	d__Bacteria;p__Firmicutes;c__Clostridia;o__Lachnospirales;f__Lachnospiraceae	0.9965828061655255
dc7f178ccb3e47d012bcc2c8fc7ab5f9	d__Bacteria;p__Firmicutes;c__Clostridia;o__Lachnospirales;f__Lachnospiraceae;g__Blautia;s__	0.970694575547974
cdd24ebd0f561127182ba85906646ca6	d__Bacteria;p__Bacteroidota;c__Bacteroidia;o__Bacteroidales;f__Prevotellaceae;g__Prevotella_7;s__	0.7641795023145641
61d4028633c639c8a3b93959bf7e0608	d__Bacteria;p__Firmicutes;c__Clostridia;o__Lachnospirales;f__Lachnospiraceae;g__Lachnospiraceae_UCG-004;s__	0.8232705509998635
46c8b99903019d31b1934180c45e3275	d__Bacteria;p__Firmicutes;c__Clostridia;o__Peptostreptococcales-Tissierellales;f__Peptostreptococcaceae;g__Romboutsia;s__	0.8980221779755474
d3c6947b4acaa6d6e953a36731b086b0	d__Bacteria;p__Firmicutes;c__Clostridia;o__Lachnospirales;f__Lachnospiraceae;g__Lachnospiraceae_UCG-004;s__	0.9436022030882231
13dad5ff97c345a783be665a514fbca7	d__Bacteria;p__Firmicutes;c__Clostridia;o__Peptostreptococcales-Tissierellales;f__Peptostreptococcaceae;g__Romboutsia;s__	0.8813742873339461
2e679d25de4777d2d8f4d935e01709a8	d__Bacteria;p__Bacteroidota;c__Bacteroidia;o__Bacteroidales;f__Prevotellaceae;g__Prevotella_7;s__	0.854337874315755
cafff3f1b000772be3c300f94f383d06	d__Bacteria;p__Firmicutes;c__Bacilli;o__Erysipelotrichales;f__Erysipelotrichaceae	0.8617900926543779
ff5420d7ee9cace4da2db0030eef98d7	d__Bacteria;p__Firmicutes;c__Clostridia;o__Lachnospirales;f__Lachnospiraceae;g__Lachnospira;s__	0.9338169827362608
7b2f1da9d3d3fbadd2016a1eb5746bef	d__Bacteria;p__Firmicutes;c__Clostridia;o__Lachnospirales;f__Lachnospiraceae;g__Blautia;s__	0.8975636357699193
8b6ff599b2747de36fcf412d8ebbfdf6	d__Bacteria;p__Proteobacteria;c__Gammaproteobacteria;o__Burkholderiales;f__Sutterellaceae;g__Parasutterella;s__	0.9999995295115524
d155485e6821bde010495445fd499e41	d__Bacteria;p__Firmicutes;c__Clostridia;o__Lachnospirales;f__Lachnospiraceae	0.9991262306331572
29b9060c30a4b88682755b71ff6dc9dd	d__Bacteria;p__Firmicutes;c__Clostridia;o__Lachnospirales;f__Lachnospiraceae;g__Lachnospiraceae_FCS020_group;s__	0.9555339849885495
30c8ce3f9ea0440ac08785617a7f5d94	d__Bacteria;p__Firmicutes;c__Clostridia;o__Lachnospirales;f__Lachnospiraceae;g__[Eubacterium]_hallii_group;s__	0.9960778764772996
770f715a0d177e968c01b095152fcee3	d__Bacteria;p__Firmicutes;c__Clostridia;o__Oscillospirales;f__Ruminococcaceae;g__Faecalibacterium;s__	0.9997352600902635
6ffabf061b678ea9d80ef484a59cd40b	d__Bacteria;p__Firmicutes;c__Clostridia;o__Oscillospirales;f__Oscillospiraceae	0.8575914633503321
de878ca57d370cc1fce3360b54b75df0	d__Bacteria;p__Firmicutes;c__Clostridia;o__Lachnospirales;f__Lachnospiraceae;g__Blautia;s__	0.9206088513092898
1a3d199a8aac579d774afa7870bac159	d__Bacteria;p__Firmicutes;c__Clostridia;o__Lachnospirales;f__Lachnospiraceae;g__Lachnoclostridium;s__	0.8034924156875659
b251da08877cca4bea6e5df140c204ea	d__Bacteria;p__Firmicutes;c__Clostridia;o__Oscillospirales;f__Butyricicoccaceae;g__Butyricicoccus;s__	0.9999142993263646
f829d13acd8896e27af65e64d448d8a2	d__Bacteria;p__Firmicutes;c__Clostridia;o__Lachnospirales;f__Lachnospiraceae;g__Blautia;s__	0.9511796296332562
dec9342be167736e13b0d025313a5e9e	d__Bacteria;p__Firmicutes;c__Clostridia;o__Lachnospirales;f__Lachnospiraceae	0.9999850242965787
b1c03939bc17f8d6f84ba9a6956a8857	d__Bacteria;p__Firmicutes;c__Clostridia;o__Lachnospirales;f__Lachnospiraceae;g__Blautia;s__	0.9617376750169664
92bef5cc7f7c30b7117a104cf8a7ed4b	d__Bacteria;p__Firmicutes;c__Clostridia;o__Oscillospirales;f__Oscillospiraceae	0.9861441923029324
c3480a1910ec5c597eb6900c33b3b847	d__Bacteria;p__Firmicutes;c__Clostridia;o__Oscillospirales;f__Ruminococcaceae	0.7960753944171205
3c15a7ed7378604f796862366a26fa5f	d__Bacteria;p__Firmicutes;c__Clostridia;o__Lachnospirales;f__Lachnospiraceae;g__Lactonifactor;s__	0.9981916594864434
5493edc6b489994624188df88a434973	d__Bacteria;p__Firmicutes;c__Clostridia;o__Lachnospirales;f__Lachnospiraceae	0.9997936161547744
ac032f778d6bb44239660e6ffd8f7143	d__Bacteria;p__Firmicutes;c__Clostridia;o__Lachnospirales;f__Lachnospiraceae;g__Anaerostipes;s__	0.983958911462639
7ad887eb5a70db5e31986925715ad555	d__Bacteria;p__Firmicutes;c__Clostridia;o__Lachnospirales;f__Lachnospiraceae;g__Lachnoclostridium;s__	0.822106399173421
6491360acded26b673f1d4f56d81647c	d__Bacteria;p__Firmicutes;c__Clostridia;o__Lachnospirales;f__Lachnospiraceae	0.989786097825649
7e74a303962e88ab58998d241d3e9320	d__Bacteria;p__Firmicutes;c__Bacilli;o__Lactobacillales;f__Streptococcaceae;g__Streptococcus;s__	0.9997434941924123
6ec51d13e19d40eb8c770b693e051ed6	d__Bacteria;p__Firmicutes;c__Clostridia;o__Oscillospirales;f__Ruminococcaceae;g__Incertae_Sedis;s__	0.9612309440931495
0b06a1137ab8f8c358664776b8df2cbc	d__Bacteria;p__Firmicutes;c__Clostridia;o__Peptostreptococcales-Tissierellales;f__Peptostreptococcaceae	0.9999811638469762
f3ba663c03faf91a3e4b1d80983ecc8c	d__Bacteria;p__Firmicutes;c__Clostridia;o__Lachnospirales;f__Lachnospiraceae	0.9996022610159262
b0fac1fe635a8cc002ee592ba1cb52db	d__Bacteria;p__Firmicutes;c__Clostridia;o__Lachnospirales;f__Lachnospiraceae;g__Dorea;s__	0.9437350095105083
bfa0870228292970dea78f78b81f6863	d__Bacteria;p__Firmicutes;c__Clostridia;o__Oscillospirales;f__Oscillospiraceae	0.9695953688288654
75eab3291acd13fa120368593ab674f1	d__Bacteria;p__Firmicutes;c__Clostridia;o__Oscillospirales;f__Ruminococcaceae;g__Anaerotruncus;s__	0.9995862752482508
00cef436a8ca8857e041bdcefeac60ad	d__Bacteria;p__Firmicutes;c__Clostridia;o__Monoglobales;f__Monoglobaceae;g__Monoglobus;s__	0.9192592736630142
75776568c860fe0aad3a5c058dbf2768	d__Bacteria;p__Firmicutes;c__Clostridia;o__Lachnospirales;f__Lachnospiraceae	0.9992153627522808
c24181c030fdae6be986c1edea023322	d__Bacteria;p__Firmicutes;c__Clostridia;o__Lachnospirales;f__Lachnospiraceae;g__Lachnospiraceae_FCS020_group;s__	0.9339441763589988
bb8c8bbe9926496e48184590cd8a3253	d__Bacteria;p__Firmicutes;c__Clostridia;o__Oscillospirales;f__Oscillospiraceae;g__Oscillibacter;s__	0.920738387935546
5cda55a08d22a51dd1c2da0dfae24599	d__Bacteria;p__Actinobacteriota;c__Coriobacteriia;o__Coriobacteriales;f__Eggerthellaceae;g__Gordonibacter;s__	0.9990800763814608
54daa1c9adcc7976a36656d3b92524f4	d__Bacteria;p__Firmicutes;c__Clostridia;o__Lachnospirales;f__Lachnospiraceae;g__Lachnospiraceae_UCG-004;s__	0.8981955691946807
f93716d1b90c4eff0c1a223db6094c85	d__Bacteria;p__Firmicutes;c__Clostridia;o__Oscillospirales;f__Ruminococcaceae;g__Faecalibacterium;s__	0.9996663887578483
bff252b8db44ceac41dbf5efbe5180f9	d__Bacteria;p__Firmicutes;c__Clostridia;o__Clostridiales;f__Clostridiaceae;g__Clostridium_sensu_stricto_1;s__	0.991529919613691
b45a656a539ca4b8d14b0e316c01aaac	d__Bacteria;p__Actinobacteriota;c__Actinobacteria;o__Bifidobacteriales;f__Bifidobacteriaceae;g__Bifidobacterium;s__	0.9999789685712558
3204795c65a93d0c00213aae50778110	d__Bacteria;p__Firmicutes;c__Clostridia;o__Lachnospirales;f__Lachnospiraceae	0.9936124320085068
33a82a7c9b0b4db09c232377dbddd1b2	d__Bacteria;p__Firmicutes;c__Clostridia;o__Oscillospirales;f__Oscillospiraceae	0.9534965353679749
4d0a90814e6de6fa4c1c0f3f925f5a1d	d__Bacteria;p__Firmicutes;c__Bacilli;o__Lactobacillales;f__Streptococcaceae;g__Streptococcus;s__	0.9936905082149775
25ec53b5bfc7d4a6c19eb458e0bbc5fb	d__Bacteria;p__Firmicutes;c__Clostridia;o__Lachnospirales;f__Lachnospiraceae	0.9982565040784775
0df796ea17e7590defe88adef72caf23	d__Bacteria;p__Firmicutes;c__Clostridia	0.9931903353615352
3ab164c9b39525b991253d6b1eae736b	d__Bacteria;p__Firmicutes;c__Clostridia;o__Lachnospirales;f__Lachnospiraceae;g__Lachnoclostridium;s__	0.7143065300959331
703cc8a6547b79f27683530caab69699	d__Bacteria;p__Firmicutes;c__Bacilli;o__Lactobacillales;f__Streptococcaceae;g__Streptococcus;s__	0.9995415796296553
87289092607889831de9ab0597915d47	d__Bacteria;p__Firmicutes;c__Clostridia;o__Oscillospirales;f__Oscillospiraceae;g__UCG-003;s__	0.9617514616862165
b4d360f17876bbcd8ad245e1f277e8a4	d__Bacteria;p__Firmicutes;c__Clostridia;o__Lachnospirales;f__Lachnospiraceae;g__Blautia;s__	0.9338851876311982
725de34bfcc244b8277a6f413b80ad0b	d__Bacteria;p__Firmicutes;c__Clostridia;o__Lachnospirales;f__Lachnospiraceae;g__UC5-1-2E3;s__	0.9692043044710156
47a4bd6806525dad49f85164c0d992f0	d__Bacteria;p__Firmicutes;c__Clostridia;o__Peptostreptococcales-Tissierellales;f__Peptostreptococcaceae	0.9999915181943033
cc1f6b32317481db58b3a7ac91b04e54	d__Bacteria;p__Firmicutes;c__Clostridia	0.9914763375274759
c478f36ab190d2e3347d877875be6b3e	d__Bacteria;p__Firmicutes;c__Clostridia;o__Lachnospirales;f__Lachnospiraceae;g__Lachnospiraceae_UCG-004;s__	0.8601354418585592
c79ea0a1c5f198d9bb22b49683878b9c	d__Bacteria;p__Firmicutes;c__Clostridia;o__Lachnospirales;f__Lachnospiraceae;g__Lachnospiraceae_UCG-004;s__	0.8692856093816853
8847cdf03dfa00f12f74461b9f31bba5	d__Bacteria;p__Firmicutes;c__Clostridia;o__Lachnospirales;f__Lachnospiraceae	0.999982846870362
40a81abe479fff45850ab384df47b9c2	d__Bacteria;p__Firmicutes;c__Clostridia;o__Lachnospirales;f__Lachnospiraceae;g__[Eubacterium]_hallii_group;s__	0.9955400603495624
232e67bec66634803b1644d141ae4773	d__Bacteria;p__Firmicutes;c__Clostridia;o__Lachnospirales;f__Lachnospiraceae	0.994686002560598
93d49a5805bbcd801e5f7f80ee6c21e0	d__Bacteria;p__Firmicutes;c__Clostridia;o__Lachnospirales;f__Lachnospiraceae;g__[Eubacterium]_hallii_group;s__	0.9965062654568005
e62bd499e9e658b3007e71f933133f7a	d__Bacteria;p__Firmicutes;c__Clostridia;o__Lachnospirales;f__Lachnospiraceae	0.9962116957369453
1bce96d0489add4f66cc243e982e8681	d__Bacteria;p__Firmicutes;c__Clostridia;o__Peptostreptococcales-Tissierellales;f__Anaerovoracaceae;g__Family_XIII_AD3011_group;s__	0.9576180025087836
aadcdeaf898387b87d30cea39714a218	d__Bacteria;p__Firmicutes;c__Clostridia;o__Lachnospirales;f__Lachnospiraceae;g__Blautia;s__	0.9465413783557066
56b47cf445bf709f81ddc6999e28e6ed	d__Bacteria;p__Firmicutes;c__Clostridia;o__Oscillospirales	0.8964438362151083
1b82b4e63aff6b093327a3f4f74fb41d	d__Bacteria;p__Firmicutes;c__Clostridia;o__Lachnospirales;f__Lachnospiraceae	0.9991960735232842
09d74897db6b7491176f40f8b04f51fa	d__Bacteria;p__Firmicutes;c__Clostridia;o__Lachnospirales;f__Lachnospiraceae	0.9921608383735439
fbcad510a2b5e934dc7d07dbd3fc372f	d__Bacteria;p__Firmicutes;c__Clostridia;o__Peptostreptococcales-Tissierellales;f__Peptostreptococcaceae;g__Romboutsia;s__	0.7289655482474036
8667f3820a39153de511683a795dd572	d__Bacteria;p__Firmicutes;c__Bacilli;o__Lactobacillales;f__Streptococcaceae;g__Streptococcus;s__	0.9998192428161182
005583dfb5fd5c07a5018c6336f14f33	d__Bacteria;p__Actinobacteriota;c__Actinobacteria;o__Bifidobacteriales;f__Bifidobacteriaceae;g__Bifidobacterium;s__	0.9996718594761601
65ce6fa667c9c640f1dd0f7f036e89ac	d__Bacteria;p__Firmicutes;c__Clostridia;o__Oscillospirales;f__Oscillospiraceae;g__UCG-003;s__	0.9395246735150807
de1179727a45daccfbdf1b516f3cae0b	d__Bacteria;p__Firmicutes;c__Clostridia;o__Oscillospirales;f__Ruminococcaceae;g__uncultured;s__	0.8607272950654741
c32cae5da8178cc35512bb57de1f623e	d__Bacteria;p__Firmicutes;c__Clostridia;o__Lachnospirales;f__Lachnospiraceae;g__Marvinbryantia;s__	0.9156449739617941
76f13d67aab6ec63b806d189204ba66b	d__Bacteria;p__Firmicutes;c__Bacilli;o__Lactobacillales;f__Streptococcaceae;g__Streptococcus;s__	0.9998368459379408
2fcde607d1b742aacfe19aad38ca31be	d__Bacteria;p__Firmicutes;c__Clostridia;o__Oscillospirales;f__Ruminococcaceae;g__Incertae_Sedis;s__	0.8891779963149697
a5a230d61d3203ff24c426a1e7c3b047	d__Bacteria;p__Firmicutes;c__Clostridia;o__Lachnospirales;f__Lachnospiraceae	0.996715558363586
d2c03d1b5cfe95360083082ac7bec0e3	d__Bacteria;p__Firmicutes;c__Clostridia;o__Lachnospirales;f__Lachnospiraceae	0.9980974012910115
e3af93efd55800d6572b7abadf38fa64	d__Bacteria;p__Firmicutes;c__Clostridia;o__Lachnospirales;f__Lachnospiraceae	0.9990474804050997
37bef30833c40d476e77666c03b03a2c	d__Bacteria;p__Firmicutes;c__Clostridia;o__Oscillospirales;f__Butyricicoccaceae;g__Butyricicoccus;s__	0.9998906630711771
1c511f6714d08c569943dc5d9184eb2f	d__Bacteria;p__Firmicutes;c__Clostridia;o__Lachnospirales;f__Lachnospiraceae;g__Lachnospiraceae_ND3007_group;s__	0.9997983329128067
03eb9e2ae3e1cd4f41289aa6182000ed	d__Bacteria;p__Firmicutes;c__Clostridia;o__Lachnospirales;f__Lachnospiraceae;g__[Eubacterium]_fissicatena_group;s__	0.9030999309837335
8117529e288efec7b089d460661ccea1	d__Bacteria;p__Firmicutes;c__Clostridia;o__Lachnospirales;f__Lachnospiraceae	0.999493131726052
f4db7eeeccf69491fb77b5906445dde2	d__Bacteria;p__Firmicutes;c__Clostridia;o__Lachnospirales;f__Lachnospiraceae	0.9958701094890002
af5abc73a8ccd5d4c51f9c31e0a4e14f	d__Bacteria;p__Firmicutes;c__Clostridia;o__Lachnospirales;f__Lachnospiraceae	0.9918750518547748
09d71560a83cd139c5b6966195746fde	d__Bacteria;p__Firmicutes;c__Clostridia;o__Lachnospirales;f__Lachnospiraceae;g__Blautia;s__	0.9613556251050256
df398399a578c21e6eb7be458223ab3e	d__Bacteria;p__Firmicutes;c__Clostridia;o__Lachnospirales;f__Lachnospiraceae	0.9649554766717461
b74185df194add5cb839d8ea4c5ee352	d__Bacteria;p__Firmicutes;c__Clostridia;o__Oscillospirales	0.704310680043216
7bf6c30cb7b603cfdbb8791ceb3693a6	d__Bacteria;p__Firmicutes;c__Bacilli;o__Lactobacillales;f__Streptococcaceae;g__Streptococcus;s__	0.9998274249188501
f814986c31b7652fe97a8c632897ca0c	d__Bacteria;p__Firmicutes;c__Clostridia;o__Peptostreptococcales-Tissierellales;f__Anaerovoracaceae	0.9910882593111631
2134309ebedbe92f133a9ab4a72ea32b	d__Bacteria;p__Firmicutes;c__Clostridia;o__Oscillospirales;f__Butyricicoccaceae;g__Butyricicoccus;s__	0.9995092739667274
4adfbe09580a89cd156996418358b825	d__Bacteria;p__Firmicutes;c__Clostridia;o__Oscillospirales;f__Ruminococcaceae;g__Phocea;s__	0.999702061703739
908b58429988e415ce72a229c85b7f3c	d__Bacteria;p__Firmicutes;c__Clostridia;o__Lachnospirales;f__Lachnospiraceae;g__Agathobacter;s__	0.9875685122446168
d6007a247998d9bec295b12328814ce2	d__Bacteria;p__Firmicutes;c__Bacilli;o__Lactobacillales;f__Streptococcaceae;g__Streptococcus;s__	0.99255698017794
0f1fbeff64c1cc91db8c7fdb2e29efeb	d__Bacteria;p__Firmicutes;c__Bacilli;o__Erysipelotrichales;f__Erysipelotrichaceae	0.7964392817475237
d32f3bfbd6fcf7352d1a98a8f89d06be	d__Bacteria;p__Firmicutes;c__Clostridia;o__Lachnospirales;f__Lachnospiraceae	0.9987460480534389
e90096489eec52e35543f55bc7f14f8d	d__Bacteria;p__Firmicutes;c__Clostridia;o__Lachnospirales;f__Lachnospiraceae	0.9995764731708351
c96823d34a36ae7d5d9eceaf0ca6aabf	d__Bacteria;p__Firmicutes;c__Clostridia;o__Lachnospirales;f__Lachnospiraceae;g__Lachnospira;s__	0.9661330806695685
ee6c5dd4ab25ce9591ec56a1ad6c11a8	d__Bacteria;p__Firmicutes;c__Clostridia;o__Lachnospirales;f__Lachnospiraceae;g__Marvinbryantia;s__	0.8619379169156518
78c1a1ba62b7b3b87d23783df930bb72	d__Bacteria;p__Firmicutes;c__Clostridia;o__Lachnospirales;f__Lachnospiraceae;g__UC5-1-2E3;s__	0.9708503184304421
d7ff030bfb4efc5ed34b0a2a5871e133	d__Bacteria;p__Firmicutes;c__Clostridia;o__Lachnospirales;f__Lachnospiraceae	0.9967511000889537
238faea1e301a22a6fbc4787db9a7e0e	d__Bacteria;p__Firmicutes;c__Clostridia;o__Lachnospirales;f__Lachnospiraceae	0.9808165268801049
5b5a844f6d0b57f28d55333473dae6c7	d__Bacteria;p__Firmicutes;c__Clostridia;o__Lachnospirales;f__Lachnospiraceae;g__Lachnoclostridium;s__	0.7265130330071595
c3f53acc754fa3108ce542c13f42ae06	d__Bacteria;p__Firmicutes;c__Clostridia;o__Lachnospirales;f__Lachnospiraceae	0.9944727298226332
e55cf279f9c4925becbf0921d05df89a	d__Bacteria;p__Firmicutes;c__Clostridia;o__Lachnospirales;f__Lachnospiraceae;g__[Eubacterium]_eligens_group;s__	0.999519483956
6ea6ed5a269b17a01873ee1243ad82d8	d__Bacteria;p__Firmicutes;c__Clostridia;o__Lachnospirales;f__Lachnospiraceae	0.9987124589299872
e3429ee5273fc4db43a232efc08398c5	d__Bacteria;p__Firmicutes;c__Clostridia;o__Peptostreptococcales-Tissierellales;f__Family_XI;g__Finegoldia;s__	0.999995962801044
5aa78b55c93a7001c945c43773b43cd9	d__Bacteria;p__Actinobacteriota;c__Actinobacteria;o__Bifidobacteriales;f__Bifidobacteriaceae;g__Bifidobacterium;s__	0.9994944415852625
ef69b37478e86c987861b867118a23c8	d__Bacteria;p__Bacteroidota;c__Bacteroidia;o__Bacteroidales;f__Bacteroidaceae;g__Bacteroides;s__	0.9989510218371997
8093e6ad5b1359b74d65e3fac5f3921a	d__Bacteria;p__Firmicutes;c__Clostridia;o__Lachnospirales;f__Lachnospiraceae;g__Dorea;s__	0.8692126690359654
f1be8aac82c31d505d7dd59cc2b88026	d__Bacteria;p__Firmicutes;c__Clostridia;o__Lachnospirales;f__Lachnospiraceae;g__Blautia;s__	0.9507680124405513
af8ce4bea2975ca028eecc2eb4f02eb9	d__Bacteria;p__Firmicutes;c__Clostridia;o__Lachnospirales;f__Lachnospiraceae;g__Blautia;s__	0.9066688418981665
86847275df7ce4d801257e924c0135df	d__Bacteria;p__Firmicutes;c__Bacilli;o__Erysipelotrichales;f__Erysipelotrichaceae;g__Merdibacter;s__	0.9999999893225323
1c9ddc2a73d0f273bbe99ff7b667037e	d__Bacteria;p__Firmicutes;c__Clostridia;o__Lachnospirales;f__Lachnospiraceae	0.8267875205493379
ba426d4b66f075a8a2dddeeaadac9a99	d__Bacteria;p__Firmicutes;c__Clostridia;o__Oscillospirales;f__Butyricicoccaceae;g__Butyricicoccus;s__	0.9994956930665925
057dac66e8e964204e79ab99434db359	d__Bacteria;p__Firmicutes;c__Clostridia;o__Lachnospirales;f__Lachnospiraceae;g__Blautia;s__	0.9318364549549584
b861544f7194c3d2caa6e05b6d2e38f5	d__Bacteria;p__Firmicutes;c__Clostridia;o__Oscillospirales;f__Ruminococcaceae;g__Anaerofilum;s__	0.9994315546710583
987a89a6a350fbc3710b67818e8fae7d	d__Bacteria;p__Firmicutes;c__Clostridia;o__Lachnospirales;f__Lachnospiraceae;g__[Ruminococcus]_gnavus_group;s__	0.9833454224249076
600e02e7d6050d92128de282ec81a8fe	d__Bacteria;p__Firmicutes;c__Clostridia;o__Lachnospirales;f__Lachnospiraceae;g__Blautia;s__	0.8858379217830256
4ed29adfdfd1ecb78616838540be6913	d__Bacteria;p__Firmicutes;c__Bacilli;o__Erysipelotrichales;f__Erysipelotrichaceae;g__Holdemanella;s__	0.9999980055317644
1340475b9caaa8e961f22e0dfef3c7c2	d__Bacteria;p__Firmicutes;c__Bacilli;o__Lactobacillales;f__Streptococcaceae;g__Streptococcus;s__	0.9994587348680734
e571233d001147fcf5d1e2d2684b2619	d__Bacteria;p__Firmicutes;c__Clostridia;o__Lachnospirales;f__Lachnospiraceae;g__Blautia;s__	0.9543672359411814
7ceac86626d9420ef65508931549bf39	d__Bacteria;p__Firmicutes;c__Clostridia;o__Lachnospirales;f__Lachnospiraceae;g__Marvinbryantia;s__	0.9000735932860094
ed6e42ae63afa8ac6ca12e20dbf5b79a	d__Bacteria;p__Firmicutes;c__Clostridia;o__Lachnospirales;f__Lachnospiraceae	0.9982273443271548
43c1627341b5fe439f44eaa4a0e1cc4e	d__Bacteria;p__Firmicutes;c__Clostridia;o__Oscillospirales;f__Ruminococcaceae;g__DTU089;s__	0.9995573149514145
d23b6d3173de818178ec740d88377e8a	d__Bacteria;p__Firmicutes;c__Clostridia;o__Lachnospirales;f__Lachnospiraceae	0.9847057501386676
af026ceedef7d57b577f6442ee52b748	d__Bacteria;p__Firmicutes;c__Clostridia;o__Oscillospirales;f__Ruminococcaceae;g__Incertae_Sedis;s__	0.7178222491094435
4c96dfeb5b016d08aee2f9ba6e4dab29	d__Bacteria;p__Firmicutes;c__Clostridia;o__Lachnospirales;f__Lachnospiraceae	0.9999078057280477
8f75df759a76590762c2e40c8824969a	d__Bacteria;p__Bacteroidota;c__Bacteroidia;o__Bacteroidales;f__Bacteroidaceae;g__Bacteroides;s__	0.9985850280136184
bda3cd63275eb8469ff0302571a03e9a	d__Bacteria;p__Firmicutes;c__Clostridia;o__Oscillospirales;f__Ruminococcaceae;g__Negativibacillus;s__	0.9996821729221809
4176f97a8d02d2a0e09268512deeb3c7	d__Bacteria;p__Firmicutes;c__Clostridia;o__Monoglobales;f__Monoglobaceae;g__Monoglobus;s__	0.9944065844061475
a51d37b547e57bc5bf4508a7d8fd6c99	d__Bacteria;p__Firmicutes;c__Clostridia;o__Lachnospirales;f__Lachnospiraceae	0.9987495092041611
3720d12d0cda2acc5e1a8f65e6c0abf6	d__Bacteria;p__Firmicutes;c__Clostridia;o__Oscillospirales;f__Oscillospiraceae	0.8914622008774256
7b9e6a8beb876be90184d8e5f0866ae4	d__Bacteria;p__Firmicutes;c__Clostridia;o__Oscillospirales;f__Oscillospiraceae	0.9183983800739963
f92026d02630eeeca34dcd29634c5925	d__Bacteria;p__Firmicutes;c__Clostridia;o__Lachnospirales;f__Lachnospiraceae;g__Blautia;s__	0.9500413101249675
31031f6fde0d036e3fcca076a29a17cc	d__Bacteria;p__Firmicutes;c__Clostridia;o__Oscillospirales;f__Butyricicoccaceae;g__Butyricicoccus;s__	0.9992941907192233
112113ec452d090a25072dad3413814a	d__Bacteria;p__Firmicutes;c__Clostridia;o__Lachnospirales;f__Lachnospiraceae	0.9911943207849627
b51f9d01ced1166fcdeaf89741b5dcc0	d__Bacteria;p__Firmicutes;c__Clostridia;o__Oscillospirales;f__Ruminococcaceae;g__Subdoligranulum;s__	0.9992682010117288
e6757a862c96efd4e1a098b94fa8a6a2	d__Bacteria;p__Firmicutes;c__Clostridia;o__Clostridiales;f__Clostridiaceae;g__Clostridium_sensu_stricto_1;s__	0.9955740477261332
8a0040167572a82c358ee05cf10ff5cb	d__Bacteria;p__Firmicutes;c__Clostridia;o__Lachnospirales;f__Lachnospiraceae;g__Blautia;s__	0.9639388310338257
7e5420e80c349b8f9524e6e0057eaf9e	d__Bacteria;p__Firmicutes;c__Clostridia;o__Clostridiales;f__Clostridiaceae;g__Clostridium_sensu_stricto_1;s__	0.9869290401190673
e339e5ff51bd2e339d60267e48fad399	d__Bacteria;p__Firmicutes;c__Clostridia;o__Oscillospirales;f__Oscillospiraceae	0.9160823204969829
48fb0bf97bd6175ecde71f2c68c633ca	d__Bacteria;p__Firmicutes;c__Clostridia;o__Peptostreptococcales-Tissierellales;f__Peptostreptococcaceae;g__Romboutsia;s__	0.8628594847871225
bc86a4442b6d228ea49b2ec435d8416d	d__Bacteria;p__Firmicutes;c__Clostridia;o__Oscillospirales;f__Butyricicoccaceae;g__Butyricicoccus;s__	0.9993253753128649
5258af82eaa88d3a056aa96ad7bbe5df	d__Bacteria;p__Firmicutes;c__Clostridia;o__Lachnospirales;f__Lachnospiraceae	0.9919006712427884
6e717a935df1774ecb695173884239f0	d__Bacteria;p__Firmicutes;c__Clostridia;o__Lachnospirales;f__Lachnospiraceae;g__Lachnospiraceae_FCS020_group;s__	0.7740548199283386
c82917bf78c4a2e9f24786404e8abb9c	d__Bacteria;p__Bacteroidota;c__Bacteroidia;o__Bacteroidales;f__Prevotellaceae;g__Prevotella_9;s__	0.9999798736788716
ace9db3952a0dadcadc2da3677a7abaf	d__Bacteria;p__Bacteroidota;c__Bacteroidia;o__Bacteroidales;f__Prevotellaceae;g__Prevotella_9;s__	0.9999830926968629
9773a1f3ebaa652603c175a16cbf4349	d__Bacteria;p__Bacteroidota;c__Bacteroidia;o__Bacteroidales;f__Tannerellaceae;g__Parabacteroides;s__	0.9940229915236314
4d936bf08a7112d1d463fa966343e59e	d__Bacteria;p__Bacteroidota;c__Bacteroidia;o__Bacteroidales;f__Bacteroidaceae;g__Bacteroides;s__	0.9997470412916151
a707188763f4dcdac3d9da591e1dfb51	d__Bacteria;p__Bacteroidota;c__Bacteroidia;o__Bacteroidales;f__Bacteroidaceae;g__Bacteroides;s__	0.9995347632647903
5c4b03b99c5eddf46af48713129c6ca6	d__Bacteria;p__Proteobacteria;c__Gammaproteobacteria;o__Burkholderiales;f__Sutterellaceae;g__Sutterella;s__	0.9998699526823802
fa8dbf07d19983e66cf2b97080b727ac	d__Bacteria;p__Actinobacteriota;c__Coriobacteriia;o__Coriobacteriales;f__Coriobacteriaceae;g__Collinsella;s__	0.99998330328138
55bc7848c6b5d032406c415656a74d5c	d__Bacteria;p__Bacteroidota;c__Bacteroidia;o__Bacteroidales;f__Bacteroidaceae;g__Bacteroides;s__	0.999948679928238
2ad5fe97824c9401d3b5ef6e0b54a78e	d__Bacteria;p__Bacteroidota;c__Bacteroidia;o__Bacteroidales;f__Rikenellaceae;g__Alistipes;s__	0.9959336606539613
e01a4b1472001be7bc94b6bb90f66e9a	d__Bacteria;p__Firmicutes;c__Negativicutes;o__Veillonellales-Selenomonadales;f__Veillonellaceae;g__Veillonella;s__	0.9883159514837081
db84a927e4b7af1b992bcf328a63fb2b	d__Bacteria;p__Bacteroidota;c__Bacteroidia;o__Bacteroidales;f__Bacteroidaceae;g__Bacteroides;s__	0.9998372159281202
6db0d427dabb366e55e5806723d1c9e7	d__Bacteria;p__Firmicutes;c__Bacilli;o__Lactobacillales;f__Streptococcaceae;g__Streptococcus;s__	0.9998823440184595
a441e2550390e28407435a99318eed00	d__Bacteria;p__Bacteroidota;c__Bacteroidia;o__Bacteroidales;f__Bacteroidaceae;g__Bacteroides;s__	0.9998806309564389
5b8851a3bc5522d76f91ac1df060e14a	d__Bacteria;p__Bacteroidota;c__Bacteroidia;o__Bacteroidales;f__Tannerellaceae;g__Parabacteroides;s__	0.9997903153521932
c5dbe24b5ad5c1e09326c019057c8f0f	d__Bacteria;p__Firmicutes;c__Clostridia;o__Lachnospirales;f__Lachnospiraceae;g__[Ruminococcus]_torques_group;s__	0.7481479208264317
72ff5799f168cb490f808a171cee5c79	d__Bacteria;p__Bacteroidota;c__Bacteroidia;o__Bacteroidales;f__Tannerellaceae;g__Parabacteroides;s__	0.9997308920727754
d283995785387e039121c0002cba3b1b	d__Bacteria;p__Firmicutes;c__Clostridia;o__Oscillospirales;f__Ruminococcaceae;g__Faecalibacterium;s__	0.9993788171233163
23e5b6670694c15d0e6a69aa370324fe	d__Bacteria;p__Firmicutes;c__Clostridia;o__Lachnospirales;f__Lachnospiraceae;g__Fusicatenibacter;s__	0.9994222508233532
593434404f423be79e5c27ae0cd6fdd2	d__Bacteria;p__Firmicutes;c__Negativicutes;o__Veillonellales-Selenomonadales;f__Veillonellaceae;g__Veillonella;s__	0.9485442329935593
86b39c16588a7248666f442fff0c0943	d__Bacteria;p__Firmicutes;c__Clostridia;o__Monoglobales;f__Monoglobaceae;g__Monoglobus;s__	0.9984806070005053
181abb943650715cd3f8dbea486e0280	d__Bacteria;p__Firmicutes;c__Clostridia;o__Lachnospirales;f__Lachnospiraceae;g__Lachnoclostridium;s__	0.8137332264792211
c952c086f0b98d26d68e96aa1087429e	d__Bacteria;p__Firmicutes;c__Negativicutes;o__Veillonellales-Selenomonadales;f__Veillonellaceae;g__Veillonella;s__	0.965414072340311
f0a84c30addb3bf19b95bfdd74ce57a0	d__Bacteria;p__Firmicutes;c__Clostridia;o__Lachnospirales;f__Lachnospiraceae;g__[Ruminococcus]_torques_group;s__	0.8482333522778732
abcd8b02a8529a826ccea2f10625f722	d__Bacteria;p__Firmicutes;c__Negativicutes;o__Veillonellales-Selenomonadales;f__Veillonellaceae;g__Veillonella;s__	0.9956587394113119
4c841116b59e2a138aaa8382868dba50	d__Bacteria;p__Firmicutes;c__Clostridia;o__Lachnospirales;f__Lachnospiraceae	0.9986231079613442
5baacd4bd4c7d5a9763fc4150e50d70e	d__Bacteria;p__Firmicutes;c__Clostridia;o__Oscillospirales;f__Ruminococcaceae;g__Faecalibacterium;s__	0.9992577977116465
64bef94f21e3894e126516de6a3870da	d__Bacteria;p__Firmicutes;c__Clostridia;o__Lachnospirales;f__Lachnospiraceae	0.9999270291853078
e4cffe51d26d6f765161d4eec2b0d413	d__Bacteria;p__Firmicutes;c__Clostridia;o__Lachnospirales;f__Lachnospiraceae;g__Agathobacter;s__	0.9866787378260846
e261d4e5177398af66eae489efbc174e	d__Bacteria;p__Firmicutes;c__Clostridia;o__Lachnospirales;f__Lachnospiraceae;g__Fusicatenibacter;s__	0.9989621911197314
cc4a26af9de40428f28e50ceda392a5f	d__Bacteria;p__Firmicutes;c__Clostridia;o__Lachnospirales;f__Lachnospiraceae;g__Blautia;s__	0.8807940198231357
7e0243bc81c8f03cfc4057abe3cdd3c0	d__Bacteria;p__Actinobacteriota;c__Coriobacteriia;o__Coriobacteriales;f__Coriobacteriaceae;g__Collinsella;s__	0.999960685437779
a452bab7cb45bdb11d647f4dbc457ddd	d__Bacteria;p__Actinobacteriota;c__Actinobacteria;o__Bifidobacteriales;f__Bifidobacteriaceae;g__Bifidobacterium;s__	0.9999134656287328
2c1ac30bc53b301a09a33207e2fe0dff	d__Bacteria;p__Firmicutes;c__Clostridia;o__Oscillospirales;f__Ruminococcaceae;g__Faecalibacterium;s__	0.999467554152057
53689ef4018967579e4257c78153557b	d__Bacteria;p__Firmicutes;c__Clostridia;o__Lachnospirales;f__Lachnospiraceae	0.9998910224601275
c6202deb4cc2a3226c0f796b84c9c6da	d__Bacteria;p__Firmicutes;c__Clostridia;o__Oscillospirales;f__Ruminococcaceae;g__Faecalibacterium;s__	0.9995212099241494
1989c6cb62bd464001357c33dd24dedd	d__Bacteria;p__Firmicutes;c__Clostridia;o__Lachnospirales;f__Lachnospiraceae;g__Fusicatenibacter;s__	0.9996192621090324
65c361a3b6b64f1841697888dccf3c8b	d__Bacteria;p__Bacteroidota;c__Bacteroidia;o__Bacteroidales;f__Bacteroidaceae;g__Bacteroides;s__	0.9961191179946713
cc311df130314abfd47f7c91e425dc6a	d__Bacteria;p__Bacteroidota;c__Bacteroidia;o__Bacteroidales;f__Prevotellaceae;g__Prevotella_9;s__	0.9999718389968594
00fd3f1971368a69b6b224568090cde0	d__Bacteria;p__Firmicutes;c__Clostridia;o__Lachnospirales;f__Lachnospiraceae;g__Blautia;s__	0.9315663373929534
042b15f86bec94e3d60402b5ad3c006f	d__Bacteria;p__Firmicutes;c__Clostridia;o__Oscillospirales;f__Ruminococcaceae;g__Faecalibacterium;s__	0.9991895926527923
4e16cc242102f8af71e110afc92ba5c9	d__Bacteria;p__Bacteroidota;c__Bacteroidia;o__Bacteroidales;f__Tannerellaceae;g__Parabacteroides;s__	0.9998752911437857
c2ac03377f32d0ea19a7f4943ada3dff	d__Bacteria;p__Firmicutes;c__Clostridia;o__Oscillospirales;f__Ruminococcaceae;g__Faecalibacterium;s__	0.9997222331194325
3a86802af74601f8ddc0104baa5b73fb	d__Bacteria;p__Firmicutes;c__Clostridia;o__Oscillospirales;f__Ruminococcaceae;g__Faecalibacterium;s__	0.9994389314139789
09b54dc4c85bf0b118d4aa8c29fc364b	d__Bacteria;p__Firmicutes;c__Clostridia;o__Lachnospirales;f__Lachnospiraceae;g__Lachnospiraceae_UCG-010;s__	0.823190103765228
89462575b83fff032164238195efba01	d__Bacteria;p__Firmicutes;c__Clostridia;o__Oscillospirales;f__Ruminococcaceae;g__Faecalibacterium;s__	0.9993442364180285
2753288ffe6f4c48d8c28c9b1cde3395	d__Bacteria;p__Firmicutes;c__Clostridia;o__Oscillospirales;f__Ruminococcaceae;g__Faecalibacterium;s__	0.9997067748909353
d925f587329509146b4a9ed10b6bd242	d__Bacteria;p__Firmicutes;c__Clostridia;o__Lachnospirales;f__Lachnospiraceae;g__Lachnoclostridium;s__	0.7596858170476626
6fa23e5436e6417eab705e7df395190a	d__Bacteria;p__Firmicutes;c__Clostridia;o__Oscillospirales;f__Ruminococcaceae;g__Subdoligranulum;s__	0.9992831842981389
76196c106fea36a4395ece1d25068a8d	d__Bacteria;p__Firmicutes;c__Clostridia;o__Lachnospirales;f__Lachnospiraceae;g__Blautia;s__	0.9612210142509856
7280d38754f8e1d2c6d34265b3ee1570	d__Bacteria;p__Firmicutes;c__Clostridia;o__Oscillospirales;f__Butyricicoccaceae;g__Butyricicoccus;s__	0.9999191423224909
3cc0421c33cbf43f0997d589e5e53540	d__Bacteria;p__Firmicutes;c__Clostridia;o__Oscillospirales;f__Ruminococcaceae;g__Faecalibacterium;s__	0.9995639150938517
80ef108200773e73626a027014dd4b89	d__Bacteria;p__Fusobacteriota;c__Fusobacteriia;o__Fusobacteriales;f__Fusobacteriaceae;g__Fusobacterium;s__	0.9998081127039906
12d50cfe330fa40f3e4c4676d6051d4e	d__Bacteria;p__Bacteroidota;c__Bacteroidia;o__Bacteroidales;f__Bacteroidaceae;g__Bacteroides;s__	0.999796921483353
f82e3ee1d44bb1f22266625d860d4fd2	d__Bacteria;p__Firmicutes;c__Clostridia;o__Lachnospirales;f__Lachnospiraceae	0.999888050881382
64ebf3846b5e1144edf07ac044bbf3de	d__Bacteria;p__Firmicutes;c__Clostridia;o__Oscillospirales;f__Ruminococcaceae;g__Faecalibacterium;s__	0.9987791559177651
e2a2a88d884a4b5fed88b5aca8bdd8c1	d__Bacteria;p__Firmicutes;c__Clostridia;o__Lachnospirales;f__Lachnospiraceae;g__Dorea;s__	0.9241319038947309
9325ba157e9fe52b3fff069d6314602c	d__Bacteria;p__Firmicutes;c__Clostridia;o__Oscillospirales;f__Butyricicoccaceae;g__Butyricicoccus;s__	0.9998931122130452
4b97f9ae3f3fdebc511b3ceb32a62054	d__Bacteria;p__Firmicutes;c__Clostridia;o__Lachnospirales;f__Lachnospiraceae;g__Blautia;s__	0.8352586639286933
9ceeeec104e474dc34d34ed67bcd0a3a	d__Bacteria;p__Firmicutes;c__Clostridia;o__Lachnospirales;f__Lachnospiraceae;g__Dorea;s__	0.9717016489843088
4089e5b4e188d9859199bc5a9240d7ac	d__Bacteria;p__Firmicutes;c__Clostridia;o__Lachnospirales;f__Lachnospiraceae;g__[Eubacterium]_hallii_group;s__	0.9930766297607216
476cb89d7b633406b35d374b51781bdd	d__Bacteria;p__Firmicutes;c__Clostridia;o__Lachnospirales;f__Lachnospiraceae	0.9986397153552256
84ccfe2e978265523975f9e5551b1ef9	d__Bacteria;p__Firmicutes;c__Bacilli;o__Lactobacillales;f__Streptococcaceae;g__Streptococcus;s__	0.9999534878870038
ca3bf26118a14f94b6ae2e4aafcf400f	d__Bacteria;p__Firmicutes;c__Clostridia;o__Oscillospirales;f__Ruminococcaceae;g__Faecalibacterium;s__	0.9992315648813769
32c9609aca424b6f6bd3543342624862	d__Bacteria;p__Firmicutes;c__Clostridia;o__Lachnospirales;f__Lachnospiraceae;g__Lachnoclostridium;s__	0.8436514497221287
fbafd64bf65435e539046dc7d362fa75	d__Bacteria;p__Firmicutes;c__Clostridia;o__Lachnospirales;f__Lachnospiraceae;g__Blautia;s__	0.9649212458170674
a42782b59519b44f6c672156e4f12806	d__Bacteria;p__Firmicutes;c__Clostridia;o__Lachnospirales;f__Lachnospiraceae	0.9971853572180105
7de8f7faa00021e7b65a8fba2bdbf0aa	d__Bacteria;p__Firmicutes;c__Clostridia;o__Oscillospirales;f__Ruminococcaceae;g__Subdoligranulum;s__	0.9836617887346308
1a42a7a69c5253ba2d5b00dcbda65716	d__Bacteria;p__Firmicutes;c__Clostridia;o__Lachnospirales;f__Lachnospiraceae	0.9986816820509703
4dd9c40a90379428f7b3bc64cabf1068	d__Bacteria;p__Bacteroidota;c__Bacteroidia;o__Bacteroidales;f__Rikenellaceae;g__Alistipes;s__	0.9952839517515973
34de496bfe2a665c2b730ccb0a4030d0	d__Bacteria;p__Firmicutes;c__Negativicutes;o__Veillonellales-Selenomonadales;f__Veillonellaceae;g__Veillonella;s__	0.9999982898937944
ca7fd2fa6a4db90ec1cf268a7ab1aaf7	d__Bacteria;p__Firmicutes;c__Clostridia;o__Lachnospirales;f__Lachnospiraceae;g__[Eubacterium]_hallii_group;s__	0.9957185018021791
c6427fbc6cb2dd86c0e172c9e1958145	d__Bacteria;p__Proteobacteria;c__Gammaproteobacteria;o__Burkholderiales;f__Sutterellaceae;g__Sutterella;s__	0.9997484399825606
69e67ddb37b15df399b36052ae00cedd	d__Bacteria;p__Firmicutes;c__Clostridia;o__Lachnospirales;f__Lachnospiraceae;g__Lachnospiraceae_UCG-004;s__	0.8725831364653224
3f3f245663b1e25a0282b6f96412047b	d__Bacteria;p__Firmicutes;c__Clostridia;o__Lachnospirales;f__Lachnospiraceae;g__Blautia;s__	0.8699245344099737
f8209f83c326b16c05372fabd439c1cd	d__Bacteria;p__Firmicutes;c__Clostridia;o__Oscillospirales;f__Ruminococcaceae;g__Subdoligranulum;s__	0.9787868123499766
d1d23488000539ea6a0f407725b4e03b	d__Bacteria;p__Proteobacteria;c__Gammaproteobacteria;o__Enterobacterales;f__Pasteurellaceae;g__Haemophilus;s__	0.989895823007116
1ca980c85a982f9a42320fc796ad7033	d__Bacteria;p__Firmicutes;c__Negativicutes;o__Veillonellales-Selenomonadales;f__Veillonellaceae;g__Veillonella;s__	0.9999989980691356
893df487b57e6256f5d0c142c1ae6f39	d__Bacteria;p__Bacteroidota;c__Bacteroidia;o__Bacteroidales;f__Bacteroidaceae;g__Bacteroides;s__	0.9956691495605331
56b2063f056cc8da71babf0ea981b67c	d__Bacteria;p__Firmicutes;c__Bacilli;o__Lactobacillales;f__Streptococcaceae;g__Streptococcus;s__	0.9999864733962726
374c30f364f6aa53b7cc4d08c9bccb4b	d__Bacteria;p__Firmicutes;c__Clostridia;o__Lachnospirales;f__Lachnospiraceae;g__Blautia;s__	0.9537919282554254
a5eb55a8870996fbe49dd6f85a430b2e	d__Bacteria;p__Firmicutes;c__Clostridia;o__Lachnospirales;f__Lachnospiraceae;g__Blautia;s__	0.9259336036842734
2fa4dc6039f17a8a7d984bd08df78844	d__Bacteria;p__Firmicutes;c__Bacilli;o__Lactobacillales;f__Streptococcaceae;g__Streptococcus;s__	0.9999226274502535
6fe6fc235ba9bb9f94cf29d315426a8e	d__Bacteria;p__Firmicutes;c__Clostridia;o__Lachnospirales;f__Lachnospiraceae;g__[Eubacterium]_hallii_group;s__	0.9847517293072842
ee33f2c12c657cead87dc3191350cc57	d__Bacteria;p__Firmicutes;c__Clostridia;o__Lachnospirales;f__Lachnospiraceae	0.9999725944364215
2b7213dc7312e4c993957afb620e921a	d__Bacteria;p__Firmicutes;c__Clostridia;o__Lachnospirales;f__Lachnospiraceae;g__Blautia;s__	0.9349177356923026
4139cbc324684194e3adb4f38ea9322f	d__Bacteria;p__Firmicutes;c__Clostridia;o__Oscillospirales;f__Ruminococcaceae;g__Faecalibacterium;s__	0.9973947476271997
93e80583cdf0148cc107598c47230cfe	d__Bacteria;p__Firmicutes;c__Clostridia;o__Lachnospirales;f__Lachnospiraceae;g__Dorea;s__	0.8556472628866062
204a58a5a8599ad5bcd4333022079dea	d__Bacteria;p__Actinobacteriota;c__Actinobacteria;o__Actinomycetales;f__Actinomycetaceae;g__Actinomyces;s__	0.9875467040083531
22dfa220e6e8888d976b3a123d5091f0	d__Bacteria;p__Proteobacteria;c__Gammaproteobacteria;o__Enterobacterales;f__Pasteurellaceae;g__Haemophilus;s__	0.9884098381087236
2355208c4e2e14257b998988c48c2715	d__Bacteria;p__Firmicutes;c__Clostridia;o__Oscillospirales;f__Ruminococcaceae;g__Faecalibacterium;s__	0.9975839809061778
d67ca366db7f3f1febf2f37fb469c18d	d__Bacteria;p__Firmicutes;c__Negativicutes;o__Veillonellales-Selenomonadales;f__Veillonellaceae;g__Veillonella;s__	0.9999994066139861
eb1af82feeb06314bd59bd5827277c66	d__Bacteria;p__Firmicutes;c__Clostridia;o__Lachnospirales;f__Lachnospiraceae	0.9998209568121245
c5595905e5066f10ce4eb7c255688c14	d__Bacteria;p__Proteobacteria;c__Gammaproteobacteria;o__Enterobacterales;f__Pasteurellaceae;g__Haemophilus;s__	0.9564201927290507
a90d5e60782b6b1c47afcb93bef341e9	d__Bacteria;p__Firmicutes;c__Bacilli;o__Lactobacillales;f__Streptococcaceae;g__Streptococcus;s__	0.9999677610571445
73f3805079ce29bd50965a4aa2db5be2	d__Bacteria;p__Firmicutes;c__Bacilli;o__Lactobacillales;f__Streptococcaceae;g__Streptococcus;s__	0.9999467270089781
156f252df14c9a8a99ba10a3a6cce937	d__Bacteria;p__Bacteroidota;c__Bacteroidia;o__Bacteroidales;f__Bacteroidaceae;g__Bacteroides;s__	0.9980675428015527
183483b4d6d1bf6e925b03db21a7a0b4	d__Bacteria;p__Firmicutes;c__Clostridia;o__Lachnospirales;f__Lachnospiraceae;g__Lachnospiraceae_UCG-010;s__	0.9804558837703916
62982561c37d427f0f2a41490758bdf2	d__Bacteria;p__Firmicutes;c__Clostridia;o__Lachnospirales;f__Lachnospiraceae	0.9997224401430501
096a693802cba5eefc6265b760fd62b7	d__Bacteria;p__Firmicutes;c__Clostridia;o__Lachnospirales;f__Lachnospiraceae	0.9882727242172373
4a561c76d4008d9c165e398c5267e34b	d__Bacteria;p__Firmicutes;c__Clostridia;o__Lachnospirales;f__Lachnospiraceae	0.9964469505510091
a7f8a47ac6cc5afa3486e65e7bad1003	d__Bacteria;p__Proteobacteria;c__Gammaproteobacteria;o__Enterobacterales;f__Pasteurellaceae;g__Haemophilus;s__	0.9700593656534418
7fad39b0aabe2f5bd005e83d3aa3e895	d__Bacteria;p__Firmicutes;c__Clostridia;o__Lachnospirales;f__Lachnospiraceae;g__Dorea;s__	0.8550606689388446
00108f1a257af79161597ab4d4978974	d__Bacteria;p__Firmicutes;c__Clostridia;o__Lachnospirales;f__Lachnospiraceae;g__[Ruminococcus]_torques_group;s__	0.9301342748908349
509db8945e8803f76c4489b290e5933e	d__Bacteria;p__Firmicutes;c__Bacilli;o__Lactobacillales;f__Streptococcaceae;g__Streptococcus;s__	0.9999511443995779
dd469a984298a737b436bd9823387937	d__Bacteria;p__Firmicutes;c__Clostridia;o__Lachnospirales;f__Lachnospiraceae	0.9993286573699818
c083f308ac6b955c0f68639ac24a9c72	d__Bacteria;p__Firmicutes;c__Clostridia;o__Lachnospirales;f__Lachnospiraceae;g__[Eubacterium]_hallii_group;s__	0.9953141010616929
d5c1d992c1364c91411c91310f8265bc	d__Bacteria;p__Firmicutes;c__Clostridia;o__Monoglobales;f__Monoglobaceae;g__Monoglobus;s__	0.9991170164099241
f75c284ea900684852bde52faf80d23b	d__Bacteria;p__Firmicutes;c__Clostridia;o__Oscillospirales;f__Ruminococcaceae;g__Subdoligranulum;s__	0.9786221607963628
95e13f015e89a5165a10c3c13a49d955	d__Bacteria;p__Firmicutes;c__Clostridia;o__Oscillospirales;f__Oscillospiraceae	0.9461362826600377
c5b85d31b9623dde93a515689438964a	d__Bacteria;p__Firmicutes;c__Clostridia;o__Lachnospirales;f__Lachnospiraceae	0.9997626633125564
5966c31ac35e32e869445d5faff7031d	d__Bacteria;p__Firmicutes;c__Clostridia;o__Oscillospirales;f__Ruminococcaceae;g__Subdoligranulum;s__	0.9751234736343527
7c21a63f0a2e8a36cdd1e9e9181e7f3f	d__Bacteria;p__Firmicutes;c__Clostridia;o__Lachnospirales;f__Lachnospiraceae	0.9840778600643758
dcf1c95696e6ce04b1c136de5e4336fe	d__Bacteria;p__Firmicutes;c__Clostridia;o__Lachnospirales;f__Lachnospiraceae;g__Blautia;s__	0.9556174500699508
dec7a6ccbd6704d5f338669a0126bf93	d__Bacteria;p__Firmicutes;c__Bacilli;o__Lactobacillales;f__Streptococcaceae;g__Streptococcus;s__	0.9884184000324091
32233d47b720beced164b0eca4aa46f6	d__Bacteria;p__Actinobacteriota;c__Actinobacteria;o__Actinomycetales;f__Actinomycetaceae;g__Actinomyces;s__	0.9603745517049382
22a985b9cf748a182acffde2c84ab345	d__Bacteria;p__Firmicutes;c__Clostridia;o__Peptostreptococcales-Tissierellales;f__Anaerovoracaceae;g__[Eubacterium]_brachy_group;s__	0.9728518886884251
9a5e0a63863aa3677f6a63b2e2eb4be9	d__Bacteria;p__Firmicutes;c__Bacilli;o__Bacillales;f__Bacillaceae;g__Bacillus;s__	0.9959304817090092
4f9456c78b84914f3b49017f0af02bbf	d__Bacteria;p__Firmicutes;c__Clostridia;o__Lachnospirales;f__Lachnospiraceae;g__Blautia;s__	0.9629454360109864
a77c1cc73d2a188a6d0d9cc88519ec1f	d__Bacteria;p__Firmicutes;c__Clostridia;o__Lachnospirales;f__Lachnospiraceae	0.9995200035266072
84d28a74490a9867289a06248b46beb6	d__Bacteria;p__Firmicutes;c__Bacilli;o__Erysipelotrichales;f__Erysipelotrichaceae;g__[Clostridium]_innocuum_group;s__	0.999267722544403
369f3a3334e5ba07bcb84282b6228bc8	d__Bacteria;p__Actinobacteriota;c__Actinobacteria;o__Actinomycetales;f__Actinomycetaceae;g__Actinomyces;s__	0.9924655982772586
a3c4f902cf15a36696ddf507266f0431	d__Bacteria;p__Firmicutes;c__Clostridia;o__Lachnospirales;f__Lachnospiraceae;g__Blautia;s__	0.9507325500730271
59d586c3733d0dae3a1893feba1b7960	d__Bacteria;p__Actinobacteriota;c__Actinobacteria;o__Actinomycetales;f__Actinomycetaceae;g__Actinomyces;s__	0.9911168911552259
6cd6f8bfffe4fb81741ab6a8cd69ab2d	d__Bacteria;p__Firmicutes;c__Clostridia;o__Lachnospirales;f__Lachnospiraceae	0.9993051820278809
c20fe17d270f10cf399a3ecbce508eb0	d__Bacteria;p__Firmicutes;c__Clostridia;o__Lachnospirales;f__Lachnospiraceae	0.998479102379173
631fcf7fb8fe25a1422fe41f01b4ea2c	d__Bacteria;p__Firmicutes;c__Clostridia;o__Lachnospirales;f__Lachnospiraceae;g__[Eubacterium]_hallii_group;s__	0.9963718673599091
278fe0d035d138756685de588e5c9652	d__Bacteria;p__Firmicutes;c__Bacilli;o__Lactobacillales;f__Streptococcaceae;g__Streptococcus;s__	0.9998569902868522
19dd3f6b30399cea3763695efadaf5e7	d__Bacteria;p__Firmicutes;c__Clostridia;o__Lachnospirales;f__Lachnospiraceae;g__Blautia;s__	0.9408994812624828
098968b5c27c16a702a3c10dc5da772a	d__Bacteria;p__Firmicutes;c__Clostridia;o__Lachnospirales;f__Lachnospiraceae	0.9993012034033757
90782e9c5415fb18199cba4342192529	d__Bacteria;p__Firmicutes;c__Clostridia;o__Oscillospirales;f__Ruminococcaceae;g__Faecalibacterium;s__	0.9993821126225946
2a39c6cfdc3ec331c43a808db576139e	d__Bacteria;p__Verrucomicrobiota;c__Verrucomicrobiae;o__Verrucomicrobiales;f__Akkermansiaceae;g__Akkermansia;s__	0.9999984242542916
4f0846a90d46b744309ffebba97850d7	d__Bacteria;p__Firmicutes;c__Clostridia;o__Lachnospirales;f__Lachnospiraceae	0.9985555997306486
1b71d2fb9c59fffff5934ea8701c57d2	d__Bacteria;p__Firmicutes;c__Negativicutes;o__Veillonellales-Selenomonadales;f__Veillonellaceae;g__Veillonella;s__	0.9999967027418893
7d0dfa62e6604afbaf4502181e337c57	d__Bacteria;p__Firmicutes;c__Clostridia;o__Lachnospirales;f__Lachnospiraceae;g__Lachnoclostridium;s__	0.7822142832792136
6dbc558ea364cb62d6d6fe089550591c	d__Bacteria;p__Firmicutes;c__Bacilli;o__Lactobacillales;f__Streptococcaceae;g__Streptococcus;s__	0.9999854985602789
f105487ed91d63cfa8ff1814eb5915a2	d__Bacteria;p__Firmicutes;c__Negativicutes;o__Veillonellales-Selenomonadales;f__Veillonellaceae;g__Veillonella;s__	0.999999606952108
d4676e5d625b386d00c7ae43deb3484d	d__Bacteria;p__Firmicutes;c__Clostridia;o__Lachnospirales;f__Lachnospiraceae;g__Blautia;s__	0.9055691416204302
2c784a5436b129465507f6dacdb30921	d__Bacteria;p__Proteobacteria;c__Gammaproteobacteria;o__Enterobacterales;f__Enterobacteriaceae	0.9203338686537252
ec63070edf0044757b2b58db76e8211a	d__Bacteria;p__Firmicutes;c__Negativicutes;o__Veillonellales-Selenomonadales;f__Veillonellaceae;g__Veillonella;s__	0.9999985227271222
6b18dcdbb63918748049015d78f405e4	d__Bacteria;p__Firmicutes;c__Clostridia;o__Lachnospirales;f__Lachnospiraceae	0.984633541312536
246503b80aa58662015f80cefcace0fe	d__Bacteria;p__Firmicutes;c__Bacilli;o__Staphylococcales;f__Gemellaceae;g__Gemella;s__	0.9999983374545884
f8edbd4d095f5252dc1d6ac7260b6ae5	d__Bacteria;p__Firmicutes;c__Bacilli;o__Lactobacillales;f__Streptococcaceae;g__Streptococcus;s__	0.9999330316677149
60cda8f2679438ff2cf4b078f11c6e90	d__Bacteria;p__Firmicutes;c__Clostridia;o__Lachnospirales;f__Lachnospiraceae	0.9997760848800334
dc897edfbf26a964e32440ba11cd186a	d__Bacteria;p__Firmicutes;c__Clostridia;o__Lachnospirales;f__Lachnospiraceae;g__Lachnoclostridium;s__	0.7770859227229084
5377a21761d89f8fbe9fcd066b911ba7	d__Bacteria;p__Firmicutes;c__Bacilli;o__Lactobacillales;f__Streptococcaceae;g__Streptococcus;s__	0.9995775299165663
c8fcd6403212f0071f43944bf9caa2bb	d__Bacteria;p__Firmicutes;c__Clostridia;o__Lachnospirales;f__Lachnospiraceae;g__Blautia;s__	0.822171411705218
014d531b6f9a9941f7988219a4eb2cb0	d__Bacteria;p__Firmicutes;c__Clostridia;o__Lachnospirales;f__Lachnospiraceae	0.9996395915696564
b321c25e9c059c924c3108f7bb562f7e	d__Bacteria;p__Firmicutes;c__Bacilli;o__Lactobacillales;f__P5D1-392;g__P5D1-392;s__	0.7404680792016342
cd84700e34c45e5a2c35746c99e93f5d	d__Bacteria;p__Firmicutes;c__Clostridia;o__Lachnospirales;f__Lachnospiraceae;g__Marvinbryantia;s__	0.893928124443859
668788feab6fe2804a466ea794a9a312	d__Bacteria;p__Firmicutes;c__Bacilli;o__Lactobacillales;f__Streptococcaceae;g__Streptococcus;s__	0.999975991001573
48f6a04a5e4482b86abfac07839bc6d0	d__Bacteria;p__Firmicutes;c__Bacilli;o__Bacillales;f__Bacillaceae;g__Bacillus;s__	0.9957586816280244
a7e76e226d7bcc090d16de0c186a2395	d__Bacteria;p__Firmicutes;c__Bacilli;o__Erysipelotrichales;f__Erysipelotrichaceae;g__[Clostridium]_innocuum_group;s__	0.9999283604890159
d12bfc2177e7f8c472119d9f743157a3	d__Bacteria;p__Firmicutes;c__Clostridia;o__Peptostreptococcales-Tissierellales;f__Peptostreptococcaceae;g__Intestinibacter;s__	0.9975565416720197
75b15e91fb60c334abc8570e223372e0	d__Bacteria;p__Proteobacteria;c__Gammaproteobacteria;o__Enterobacterales;f__Enterobacteriaceae;g__Pseudocitrobacter;s__	0.7099980295136373
5bb4cf004509f27640c40de5f7fd5810	d__Bacteria;p__Firmicutes;c__Bacilli;o__Lactobacillales;f__Streptococcaceae;g__Streptococcus;s__	0.9985009974941977
b9732b7346cefcb6d79e96d072280927	d__Bacteria;p__Firmicutes;c__Clostridia;o__Lachnospirales;f__Lachnospiraceae;g__Blautia;s__	0.8899530422734322
f2feaa08bc67e42d9d480a6975cd48ce	d__Bacteria;p__Firmicutes;c__Clostridia;o__Lachnospirales;f__Lachnospiraceae;g__Blautia;s__	0.925930586772639
3c2918440be742e92d727bd559788cd5	d__Bacteria;p__Firmicutes;c__Bacilli;o__Lactobacillales;f__Streptococcaceae;g__Streptococcus;s__	0.9999796869937527
a0d2d3db47b92c9b20bdcbf350f60687	d__Bacteria;p__Firmicutes;c__Bacilli;o__Lactobacillales;f__Streptococcaceae;g__Streptococcus;s__	0.9999876631362957
ac3c967e70cc698b50b0e615e47a245f	d__Bacteria;p__Firmicutes;c__Clostridia;o__Lachnospirales;f__Lachnospiraceae;g__Lachnospiraceae_FCS020_group;s__	0.8902929018549133
559bc558a8388dc2e3a6ed7c06e5dc9a	d__Bacteria;p__Firmicutes;c__Clostridia;o__Lachnospirales;f__Lachnospiraceae;g__[Eubacterium]_hallii_group;s__	0.9947565658753473
9f392c07802d5cfb9a2b4b728eaa24db	d__Bacteria;p__Firmicutes;c__Bacilli;o__Bacillales;f__Bacillaceae;g__Bacillus;s__	0.9978037039703223
fe411ac6696679828a3455da049cbc11	d__Bacteria;p__Firmicutes;c__Clostridia;o__Lachnospirales;f__Lachnospiraceae;g__Blautia;s__	0.9444765418206668
d109028a90286da0c4d9ee7b867ddba1	d__Bacteria;p__Firmicutes;c__Clostridia;o__Peptostreptococcales-Tissierellales;f__Anaerovoracaceae;g__[Eubacterium]_brachy_group;s__	0.9124335308396243
e1e583bdf443d25f7b55ce5a62588219	d__Bacteria;p__Firmicutes;c__Clostridia;o__Lachnospirales;f__Lachnospiraceae	0.9976247377007141
f1636d85afe46f5d5a737eb031158efc	d__Bacteria;p__Firmicutes;c__Clostridia;o__Lachnospirales;f__Lachnospiraceae;g__Lachnospiraceae_FCS020_group;s__	0.933700781520497
29fa2425be0d0ee0188c60c12ba874c8	d__Bacteria;p__Firmicutes;c__Bacilli;o__Lactobacillales;f__Enterococcaceae;g__Enterococcus;s__	0.820909959697948
9ebeff65ea17bf4c3561259c0e2a8f11	d__Bacteria;p__Firmicutes;c__Clostridia;o__Lachnospirales;f__Lachnospiraceae;g__Blautia;s__	0.951389122863781
a14fdb1985dff2ab280e3f7b94c90306	d__Bacteria;p__Firmicutes;c__Clostridia;o__Lachnospirales;f__Lachnospiraceae;g__Blautia;s__	0.8920603641289833
a0dae91adeca76f6a7a96ffb166d6981	d__Bacteria;p__Firmicutes;c__Clostridia;o__Lachnospirales;f__Lachnospiraceae;g__Lachnospiraceae_ND3007_group;s__	0.9997345836001897
fbcb34110f26339f1c09b853b0b10b1e	d__Bacteria;p__Firmicutes;c__Bacilli;o__Bacillales;f__Bacillaceae;g__Bacillus;s__	0.9981379574377793
05fe43b001d5d91b6a1691c983003473	d__Bacteria;p__Proteobacteria;c__Gammaproteobacteria;o__Enterobacterales;f__Pasteurellaceae;g__Actinobacillus;s__	0.7953392958655549
6285b274c87dd32939f03f565570496f	d__Bacteria;p__Firmicutes;c__Bacilli;o__Lactobacillales;f__P5D1-392;g__P5D1-392;s__	0.7601919254514401
297d7136b4d658d3b8d8da0617f22182	d__Bacteria;p__Firmicutes;c__Clostridia;o__Lachnospirales;f__Lachnospiraceae	0.9991826271543014
ed6482b08e6b130e2d4964bddf396c56	d__Bacteria;p__Bacteroidota;c__Bacteroidia;o__Bacteroidales;f__Prevotellaceae	0.9626105936938961
b55116661fccf5b2bec50b23257de05f	d__Bacteria;p__Firmicutes;c__Clostridia;o__Lachnospirales;f__Lachnospiraceae;g__Lachnospiraceae_ND3007_group;s__	0.999887696170032
91359f212df59967ca055441f49ac61c	d__Bacteria;p__Proteobacteria;c__Gammaproteobacteria;o__Enterobacterales;f__Enterobacteriaceae	0.965494261544239
d0be399338e5ab9db76294a6a0d7a522	d__Bacteria;p__Firmicutes;c__Clostridia;o__Lachnospirales;f__Lachnospiraceae	0.9992382850346893
a42ad0bc0cc3fd247c33ace2b6bfcf5e	d__Bacteria;p__Firmicutes;c__Clostridia;o__Lachnospirales;f__Lachnospiraceae	0.9994401559835194
a25b0452f59f2d8402ee9b896b3ac65f	d__Bacteria;p__Actinobacteriota;c__Actinobacteria;o__Actinomycetales;f__Actinomycetaceae;g__Actinomyces;s__	0.9804498152982349
345bf024d7c4f6bdee5c0d912250b33d	d__Bacteria;p__Firmicutes;c__Clostridia;o__Lachnospirales;f__Lachnospiraceae;g__Blautia;s__	0.9572624048801373
1ec201e184d7b787201f451a766f71f2	d__Bacteria;p__Firmicutes;c__Clostridia;o__Lachnospirales;f__Lachnospiraceae	0.9993912724390075
42a0f02a5d0ad8d832aed5166c7073e1	d__Bacteria;p__Firmicutes;c__Clostridia;o__Lachnospirales;f__Lachnospiraceae	0.9997005297027983
7bc0304d2cf6cc0b001bbe557a76d5c9	d__Bacteria;p__Firmicutes;c__Clostridia;o__Lachnospirales;f__Lachnospiraceae;g__Anaerostignum;s__	0.9968665581344839
17500cc612cbefaf8cd44e2eb832624c	d__Bacteria;p__Firmicutes;c__Bacilli;o__Erysipelotrichales;f__Erysipelotrichaceae;g__[Clostridium]_innocuum_group;s__	0.9999107124047723
411ed7955620777c3fc2cab678ee1a10	d__Bacteria;p__Firmicutes;c__Clostridia;o__Lachnospirales;f__Lachnospiraceae;g__Blautia;s__	0.8786871064363183
e12802eb26097424d73df8ece1682afe	d__Bacteria;p__Firmicutes;c__Clostridia;o__Lachnospirales;f__Lachnospiraceae;g__[Ruminococcus]_gnavus_group;s__	0.995256846905929
d6e46e4acb258ed6729e82c8c7455422	d__Bacteria;p__Firmicutes;c__Clostridia;o__Lachnospirales;f__Lachnospiraceae;g__Blautia;s__	0.9070223723644586
2a45251391874d8f117056b5c9db1467	d__Bacteria;p__Firmicutes;c__Bacilli;o__Lactobacillales;f__Streptococcaceae;g__Streptococcus;s__	0.9994542929424806
811d1ddf0f8e8b7300f9f62c329fe635	d__Bacteria;p__Firmicutes;c__Clostridia;o__Lachnospirales;f__Lachnospiraceae;g__Lachnospiraceae_FCS020_group;s__	0.9040718896317388
9ab00214f687adcce4fd72d6593db8e7	d__Bacteria;p__Firmicutes;c__Clostridia;o__Lachnospirales;f__Lachnospiraceae;g__Blautia;s__	0.9554025785848074
332e0bde8372a148c622a2685fe8c4aa	d__Bacteria;p__Firmicutes;c__Clostridia;o__Lachnospirales;f__Lachnospiraceae;g__Blautia;s__	0.9663880706296603
e615b0269f4892a9829c656cfbe99e52	d__Bacteria;p__Firmicutes;c__Clostridia;o__Lachnospirales;f__Lachnospiraceae;g__Blautia;s__	0.927127644311615
f6398cb890b2f254e2ee4ef1a78fc6dc	d__Bacteria;p__Firmicutes;c__Clostridia;o__Lachnospirales;f__Lachnospiraceae;g__Lachnospiraceae_FCS020_group;s__	0.9649022052174967
9c060061cc369072678e7ebe0a604479	d__Bacteria;p__Firmicutes;c__Negativicutes;o__Veillonellales-Selenomonadales;f__Selenomonadaceae;g__Megamonas;s__	0.9999999408933622
d51cf7f8ef4824cd9c7e5c97f450c366	d__Bacteria;p__Bacteroidota;c__Bacteroidia;o__Bacteroidales;f__Bacteroidaceae;g__Bacteroides;s__	0.9993930229023709
5ae125f86cabfea89c1ce3a21e522f7d	d__Bacteria;p__Firmicutes;c__Negativicutes;o__Veillonellales-Selenomonadales;f__Selenomonadaceae;g__Megamonas;s__	0.9999999260695801
d095db64e5428f6ad61e31bd858ef101	d__Bacteria;p__Bacteroidota;c__Bacteroidia;o__Bacteroidales;f__Bacteroidaceae;g__Bacteroides;s__	0.9997565172287755
16a11fef3aa790e5a12af5252baefab7	d__Bacteria;p__Proteobacteria;c__Gammaproteobacteria;o__Enterobacterales;f__Enterobacteriaceae;g__Escherichia-Shigella;s__	0.9125785656329235
2e7d1143211b5a843551ec8eb1df9efe	d__Bacteria;p__Firmicutes;c__Clostridia;o__Lachnospirales;f__Lachnospiraceae	0.9997888124474936
3c6b623b95f756b50d544c3185603a92	d__Bacteria;p__Bacteroidota;c__Bacteroidia;o__Bacteroidales;f__Tannerellaceae;g__Parabacteroides;s__	0.9995928189800285
84d967894b47e16556fb7919fbff7c30	d__Bacteria;p__Proteobacteria;c__Gammaproteobacteria;o__Burkholderiales;f__Sutterellaceae;g__Parasutterella;s__	0.9999995484723623
53c6eb02e276c12a769be3f2ced3c903	d__Bacteria;p__Firmicutes;c__Negativicutes;o__Veillonellales-Selenomonadales;f__Selenomonadaceae;g__Megamonas;s__	0.9999998462558441
6bbf2220e71f42de89087454b60def67	d__Bacteria;p__Actinobacteriota;c__Actinobacteria;o__Bifidobacteriales;f__Bifidobacteriaceae;g__Bifidobacterium;s__	0.9995724306995709
935e6c10aee1e4810cb84402bb0d88bb	d__Bacteria;p__Bacteroidota;c__Bacteroidia;o__Bacteroidales;f__Barnesiellaceae;g__Barnesiella;s__	0.999940015838674
a982cb0e3de0be02b5139a2cdfe886d5	d__Bacteria;p__Firmicutes;c__Clostridia;o__Oscillospirales;f__Ruminococcaceae;g__Faecalibacterium;s__	0.9984368997499272
04577635a869dee1bfdaa0d5ae324044	d__Bacteria;p__Bacteroidota;c__Bacteroidia;o__Bacteroidales;f__Bacteroidaceae;g__Bacteroides;s__	0.9998004031033214
b1225cf36c4ad05d2f4664d71a904699	d__Bacteria;p__Firmicutes;c__Clostridia;o__Oscillospirales;f__Ruminococcaceae;g__Faecalibacterium;s__	0.9995065962017439
b80ff6389462c3669d4bdabb5f1da00d	d__Bacteria;p__Proteobacteria;c__Gammaproteobacteria;o__Enterobacterales;f__Enterobacteriaceae	0.9321209999439167
802cbd596d0f1885a6f3b12ac8473ee0	d__Bacteria;p__Firmicutes;c__Clostridia;o__Lachnospirales;f__Lachnospiraceae;g__Blautia;s__	0.9629166762833802
28643d3d434d0fee16c2b5673f5f83ef	d__Bacteria;p__Bacteroidota;c__Bacteroidia;o__Bacteroidales;f__Bacteroidaceae;g__Bacteroides;s__	0.999146369586666
ede767434e2738cc7c6d1ee127a776ec	d__Bacteria;p__Firmicutes;c__Bacilli;o__Erysipelotrichales;f__Erysipelatoclostridiaceae;g__Candidatus_Stoquefichus;s__	0.9998043193038382
3b38f8ebb90cab989de94729819646c3	d__Bacteria;p__Firmicutes;c__Clostridia;o__Lachnospirales;f__Lachnospiraceae;g__Dorea;s__	0.9695908738995068
aae6ed8dd48bbc65725a2fc7d261f296	d__Bacteria;p__Bacteroidota;c__Bacteroidia;o__Bacteroidales;f__Bacteroidaceae;g__Bacteroides;s__	0.9982899080215377
1e66b88b9ee7b7e887ad23a4cd217d8a	d__Bacteria;p__Firmicutes;c__Clostridia;o__Lachnospirales;f__Lachnospiraceae;g__Dorea;s__	0.8783109495090962
55467439a4e514f893cae27d914ff072	d__Bacteria;p__Proteobacteria;c__Gammaproteobacteria;o__Enterobacterales;f__Enterobacteriaceae;g__Escherichia-Shigella;s__	0.7093447303433869
ca9c018b8a71187744484f79db212fe0	d__Bacteria;p__Firmicutes;c__Clostridia;o__Lachnospirales;f__Lachnospiraceae	0.9946660197599337
97daa17868cdc7f0a396677bbb8c91af	d__Bacteria;p__Firmicutes;c__Clostridia;o__Lachnospirales;f__Lachnospiraceae;g__Lachnospira;s__	0.9733684267716152
9d96c6564b2da85b48e9ab9486f90b9d	d__Bacteria;p__Fusobacteriota;c__Fusobacteriia;o__Fusobacteriales;f__Fusobacteriaceae;g__Fusobacterium;s__	0.9999105801796111
cca509e6728db0fcc0bca1951ed1407c	d__Bacteria;p__Firmicutes;c__Clostridia;o__Lachnospirales;f__Lachnospiraceae;g__[Ruminococcus]_gnavus_group;s__	0.9954404389746846
680f7c70a8855b1c2dcb09c8f01008f7	d__Bacteria;p__Firmicutes;c__Clostridia;o__Lachnospirales;f__Lachnospiraceae;g__Blautia;s__	0.9201684754940808
e513b16d054923252aa0a1d2384a0086	d__Bacteria;p__Firmicutes;c__Bacilli;o__Erysipelotrichales;f__Erysipelotrichaceae;g__Faecalitalea;s__	0.986169155314824
80e8197ca4e24087a66d4fc67d96b6b6	d__Bacteria;p__Firmicutes;c__Clostridia;o__Lachnospirales;f__Lachnospiraceae	0.9997283553742984
a6d9c3410efe1da1fcfb82fd81edc0ee	d__Bacteria;p__Firmicutes;c__Negativicutes;o__Acidaminococcales;f__Acidaminococcaceae;g__Phascolarctobacterium;s__	0.9998406142602965
2ab9bea243d6c4dd35249604ccc565d3	d__Bacteria;p__Desulfobacterota;c__Desulfovibrionia;o__Desulfovibrionales;f__Desulfovibrionaceae;g__Bilophila;s__	0.999995848650334
9b822d52217a0fb62e8b601c20d501af	d__Bacteria;p__Firmicutes;c__Bacilli;o__Erysipelotrichales;f__Erysipelotrichaceae;g__Faecalitalea;s__	0.975226484782861
43ae9528f625b8e92975afbc80538c9c	d__Bacteria;p__Proteobacteria;c__Gammaproteobacteria;o__Burkholderiales;f__Sutterellaceae;g__Parasutterella;s__	0.9999993655965819
bebb8dcc30fb6bdd26f94f081ecc408f	d__Bacteria;p__Firmicutes;c__Clostridia;o__Lachnospirales;f__Lachnospiraceae;g__Lachnospira;s__	0.9865081861234516
8f71b4561170378d38ced25f0de74219	d__Bacteria;p__Firmicutes;c__Clostridia;o__Lachnospirales;f__Lachnospiraceae;g__Lachnospira;s__	0.9702104684907866
cefe97cb1c231f1042a79c8faabdff49	d__Bacteria;p__Firmicutes;c__Clostridia;o__Lachnospirales;f__Lachnospiraceae;g__[Ruminococcus]_gnavus_group;s__	0.9628207679986597
fce4a04305071049ea1454b7fde4ad42	d__Bacteria;p__Bacteroidota;c__Bacteroidia;o__Bacteroidales;f__Bacteroidaceae;g__Bacteroides;s__	0.9994737846751485
f9eecf5f08cd420e54fd9fd72ba10cc9	d__Bacteria;p__Firmicutes;c__Clostridia;o__Lachnospirales;f__Lachnospiraceae	0.9998389160105934
4b2c94814e6b1f0e9d01254e2b3a882b	d__Bacteria;p__Proteobacteria;c__Gammaproteobacteria;o__Burkholderiales;f__Sutterellaceae;g__Parasutterella;s__	0.999997848807138
7f99728a97f8a8d7ab643d100f6b9edf	d__Bacteria;p__Firmicutes;c__Bacilli;o__Lactobacillales;f__Enterococcaceae;g__Enterococcus;s__	0.8833399080425535
16d97177a504940f530c1bb315de6496	d__Bacteria;p__Bacteroidota;c__Bacteroidia;o__Bacteroidales;f__Marinifilaceae;g__Odoribacter;s__	0.9999849562299066
54201900c8ba801803e1027175c82af0	d__Bacteria;p__Firmicutes;c__Clostridia;o__Lachnospirales;f__Lachnospiraceae;g__Lachnospiraceae_UCG-004;s__	0.9227096661513255
bc836ee3ab129f127fa11ac657cd1aaf	d__Bacteria;p__Firmicutes;c__Bacilli;o__Lactobacillales;f__Enterococcaceae;g__Enterococcus;s__	0.9463472983626147
56086e0f06e491b39af541d963a0d58c	d__Bacteria;p__Proteobacteria;c__Gammaproteobacteria;o__Enterobacterales;f__Enterobacteriaceae	0.9257603930137795
3431667e3026781d27d078402aaa1b9f	d__Bacteria;p__Firmicutes;c__Clostridia;o__Lachnospirales;f__Lachnospiraceae	0.999696897265144
a8c674ab1a2631221f3f6b54ffc0cd4d	d__Bacteria;p__Bacteroidota;c__Bacteroidia;o__Bacteroidales;f__Barnesiellaceae;g__uncultured;s__	0.9966713796177126
839eb48b49d60b8fb575f5dcaff9251b	d__Bacteria;p__Firmicutes;c__Clostridia;o__Lachnospirales;f__Lachnospiraceae;g__[Ruminococcus]_gnavus_group;s__	0.9875617214807574
2a01d10e449b02eff5265194e65cc848	d__Bacteria;p__Firmicutes;c__Clostridia;o__Lachnospirales;f__Lachnospiraceae	0.9971714972332737
cb2d94dfaf774747bd15b75594aaf6fc	d__Bacteria;p__Firmicutes;c__Clostridia;o__Lachnospirales;f__Lachnospiraceae	0.9850008250744702
f15a7188d1df15a1134c4ac264da9b3c	d__Bacteria;p__Bacteroidota;c__Bacteroidia;o__Bacteroidales;f__Bacteroidaceae;g__Bacteroides;s__	0.997675679459066
fe61aa6f02d186a02208874e674c464d	d__Bacteria;p__Fusobacteriota;c__Fusobacteriia;o__Fusobacteriales;f__Fusobacteriaceae;g__Fusobacterium;s__	0.999764874639986
539cb209e2c02d0053a2f3849ef408e8	d__Bacteria;p__Firmicutes;c__Clostridia;o__Lachnospirales;f__Lachnospiraceae;g__Lachnospiraceae_UCG-004;s__	0.9364977219398227
fb38646c2287fc2cbcbeecaaf3ec1b9e	d__Bacteria;p__Firmicutes;c__Clostridia;o__Lachnospirales;f__Lachnospiraceae;g__Lachnospira;s__	0.9729040341297721
41ff628a6ba179ddf46717fd9ca5f527	d__Bacteria;p__Firmicutes;c__Clostridia;o__Lachnospirales;f__Lachnospiraceae;g__Lachnospira;s__	0.9636718427240667
560a30f647080055bd304d2e4ecd150f	d__Bacteria;p__Firmicutes;c__Clostridia;o__Lachnospirales;f__Lachnospiraceae	0.992255563998218
a857fde17741fc561595bf2ecd11e3ed	d__Bacteria;p__Firmicutes;c__Clostridia;o__Lachnospirales;f__Lachnospiraceae	0.9963233548819785
3e7acb57920abd7460a6c588d7bf0aee	d__Bacteria;p__Firmicutes;c__Clostridia;o__Lachnospirales;f__Lachnospiraceae;g__[Ruminococcus]_torques_group;s__	0.9256799307514686
583dd8437ae3f60bbb03ba621e4110bb	d__Bacteria;p__Firmicutes;c__Clostridia;o__Lachnospirales;f__Lachnospiraceae	0.9895756204131645
03d107d4340762a93e2fdaf4ad07d057	d__Bacteria;p__Firmicutes;c__Clostridia;o__Lachnospirales;f__Lachnospiraceae	0.994486437658947
4d9bd2a8d049294b8f5740ea315c0362	d__Bacteria;p__Proteobacteria;c__Gammaproteobacteria;o__Enterobacterales;f__Enterobacteriaceae	0.9749048959910503
75b561d60c95e2437b4cfffa79b8c042	d__Bacteria;p__Firmicutes;c__Clostridia;o__Lachnospirales;f__Lachnospiraceae;g__Lachnospiraceae_UCG-004;s__	0.9195995652002731
5ff80d96b4f6a43d3694b6c0aa7f1092	d__Bacteria;p__Firmicutes;c__Clostridia;o__Lachnospirales;f__Lachnospiraceae	0.9944775627966956
e06a576699b044b7ca5d2d091ed6d4f0	d__Bacteria;p__Firmicutes;c__Clostridia;o__Lachnospirales;f__Lachnospiraceae;g__Lachnoclostridium;s__	0.7917643808568148
6eb7b76f1d61f2d86aea58d1c392da0a	d__Bacteria;p__Firmicutes;c__Clostridia;o__Oscillospirales;f__Oscillospiraceae;g__Flavonifractor;s__	0.8493395250509902
1c799e761be96ee8756169d9eadcebb5	d__Bacteria;p__Firmicutes;c__Clostridia;o__Lachnospirales;f__Lachnospiraceae	0.9965190016282514
ec6479b8c11e8341528d1f657dd2c990	d__Bacteria;p__Firmicutes;c__Clostridia;o__Lachnospirales;f__Lachnospiraceae	0.9884615710402974
6dd883b79bbd142214302b12bec78342	d__Bacteria;p__Firmicutes;c__Clostridia;o__Oscillospirales;f__Oscillospiraceae;g__Flavonifractor;s__	0.9999211404004649
664bc96e2b70b3d0a39ace20e8f3127b	d__Bacteria;p__Firmicutes;c__Clostridia;o__Lachnospirales;f__Lachnospiraceae	0.9973778779446966
81a1b5462f9109f0bf6d22c99e445327	d__Bacteria;p__Firmicutes;c__Clostridia;o__Lachnospirales;f__Lachnospiraceae;g__Sellimonas;s__	0.9961798366065525
a8e4f57ffe99308b166976b40ba7d732	d__Bacteria;p__Firmicutes;c__Bacilli;o__Lactobacillales;f__Enterococcaceae;g__Enterococcus;s__	0.9476468670993482
88e471335f6c2543de521c4ad76f0f99	d__Bacteria;p__Firmicutes;c__Clostridia;o__Lachnospirales;f__Lachnospiraceae	0.9993712181507066
328777d9ce9623fe2895cf3173749c2e	d__Bacteria;p__Bacteroidota;c__Bacteroidia;o__Bacteroidales;f__Barnesiellaceae;g__uncultured;s__	0.9940623040730199
4d16c755f04fb48375ac4be4190dae74	d__Bacteria;p__Firmicutes;c__Clostridia;o__Peptostreptococcales-Tissierellales;f__Peptostreptococcaceae;g__Terrisporobacter;s__	0.9937905367910465
42bb6ffd4c10c114e008c94ee8066fc7	d__Bacteria;p__Firmicutes;c__Clostridia;o__Lachnospirales;f__Lachnospiraceae;g__Lachnospiraceae_UCG-010;s__	0.9867579792995081
13943df555a6f419f3352cf241e59f68	d__Bacteria;p__Bacteroidota;c__Bacteroidia;o__Bacteroidales;f__Rikenellaceae;g__Alistipes;s__	0.9319975509210242
015152c7eec11c6ec8bb0e3698e0dd3c	d__Bacteria;p__Firmicutes;c__Clostridia;o__Lachnospirales;f__Lachnospiraceae	0.9833938592081372
274385801cbad623d9f512ceddd176be	d__Bacteria;p__Firmicutes;c__Clostridia;o__Lachnospirales;f__Lachnospiraceae	0.9994437032448422
7bbecfd577fa42add5b855847f0fac4c	d__Bacteria;p__Firmicutes;c__Clostridia;o__Oscillospirales;f__Butyricicoccaceae;g__Butyricicoccus;s__	0.9996868661741205
00de51e9db6e1df1832c84e418f38a78	d__Bacteria;p__Firmicutes;c__Clostridia;o__Clostridiales;f__Clostridiaceae;g__Clostridium_sensu_stricto_1;s__	0.9926918357997946
d6fcc6ad25b7377b995a511945857099	d__Bacteria;p__Bacteroidota;c__Bacteroidia;o__Bacteroidales;f__Marinifilaceae;g__Butyricimonas;s__	0.9999982018488505
e01f62ae12f47ae06f8215c52d007266	d__Bacteria;p__Bacteroidota;c__Bacteroidia;o__Bacteroidales;f__Marinifilaceae;g__Butyricimonas;s__	0.9999995697345627
654edef3c1865d90f26b9a9127d84c60	d__Bacteria;p__Proteobacteria;c__Alphaproteobacteria;o__Sphingomonadales;f__Sphingomonadaceae	0.9993244195576317
33fab3674f842eaf485b954024c2ed73	d__Bacteria;p__Firmicutes;c__Bacilli;o__Lactobacillales;f__Streptococcaceae;g__Streptococcus;s__	0.9994011441609983
36e425d7968b402438969c336607cc52	d__Bacteria;p__Firmicutes;c__Clostridia;o__Lachnospirales;f__Lachnospiraceae;g__Fusicatenibacter;s__	0.9611975945285213
fd62652903b23b8e66a534de280c4d66	d__Bacteria;p__Firmicutes;c__Negativicutes;o__Acidaminococcales;f__Acidaminococcaceae;g__Phascolarctobacterium;s__	0.9992766649705059
784a0d9ce0a2adf7552b8c5ddf358599	d__Bacteria;p__Bacteroidota;c__Bacteroidia;o__Bacteroidales;f__Tannerellaceae;g__Parabacteroides;s__	0.999692647760397
c4aa7ef736d05de4f7744e5c228375bf	d__Bacteria;p__Firmicutes;c__Negativicutes;o__Veillonellales-Selenomonadales;f__Veillonellaceae;g__Veillonella;s__	0.9999996561149823
11119ef834f0c139d7b36b07387430fe	d__Bacteria;p__Firmicutes;c__Clostridia;o__Lachnospirales;f__Lachnospiraceae;g__Blautia;s__	0.8957201261836867
4823ad6d07bb46f560e89a698737188e	d__Bacteria;p__Firmicutes;c__Clostridia;o__Peptostreptococcales-Tissierellales;f__Family_XI;g__Parvimonas;s__	0.9999974390338161
e6a77da65dbb68ba07764d96a1f310f5	d__Bacteria;p__Firmicutes;c__Clostridia;o__Lachnospirales;f__Lachnospiraceae	0.9984128883511697
5e7a1cb03ab16aca0c8bede178ee5b46	d__Bacteria;p__Firmicutes;c__Clostridia;o__Lachnospirales;f__Lachnospiraceae;g__[Eubacterium]_hallii_group;s__	0.9228599206279293
709b5c6faa3f86484407780cdb74e7a0	d__Bacteria;p__Firmicutes;c__Clostridia;o__Lachnospirales;f__Lachnospiraceae	0.9986176117037375
a67afc0b586a84dbfcf059109754e046	d__Bacteria;p__Firmicutes;c__Bacilli;o__Lactobacillales;f__Streptococcaceae;g__Streptococcus;s__	0.9999830562026272
3b45f802e76814211a1aa8a8367881d9	d__Bacteria;p__Firmicutes;c__Bacilli;o__Lactobacillales;f__Streptococcaceae;g__Streptococcus;s__	0.9999852132361167
63ab66098f24091be331884adc712b9c	d__Bacteria;p__Firmicutes;c__Clostridia;o__Oscillospirales;f__Ruminococcaceae;g__DTU089;s__	0.999528377166817
50e767d49404fe74c81448776cb83b86	d__Bacteria;p__Firmicutes;c__Clostridia;o__Peptostreptococcales-Tissierellales;f__Peptostreptococcaceae;g__Terrisporobacter;s__	0.9992296210241738
84f31f972fdbbaa388df38363bbecf46	d__Bacteria;p__Firmicutes;c__Clostridia;o__Oscillospirales;f__Oscillospiraceae	0.9463607371854188
78917ed467062a179d2139f2f967dfa8	d__Bacteria;p__Firmicutes;c__Clostridia;o__Oscillospirales;f__Oscillospiraceae	0.9914290764460657
10767b1b9921e9ab2c225388122dcbe7	d__Bacteria;p__Proteobacteria;c__Gammaproteobacteria;o__Enterobacterales;f__Pasteurellaceae;g__Haemophilus;s__	0.9267536360124473
f6d9f0343747ce1307e70e236191109c	d__Bacteria;p__Firmicutes;c__Clostridia;o__Lachnospirales;f__Lachnospiraceae	0.97958357476741
ccf9b932c82b73cccdead42235a4c1a5	d__Bacteria;p__Firmicutes;c__Clostridia;o__Lachnospirales;f__Lachnospiraceae;g__Blautia;s__	0.9636008045478868
4503c50b5704fa785d8319ae7b74915f	d__Bacteria;p__Actinobacteriota;c__Actinobacteria;o__Actinomycetales;f__Actinomycetaceae;g__Actinomyces;s__	0.9905776626442694
398c6193c9d86454f81f5b9ceea02638	d__Bacteria;p__Firmicutes;c__Clostridia;o__Oscillospirales;f__Ruminococcaceae	0.7912549253448203
0a32919511a49fb55ab8ee35a41f6795	d__Bacteria;p__Proteobacteria;c__Gammaproteobacteria;o__Enterobacterales;f__Pasteurellaceae;g__Haemophilus;s__	0.9928930928493467
848c48e22ea9be44c54ed1d3ba24574b	d__Bacteria;p__Firmicutes;c__Bacilli;o__Lactobacillales;f__Streptococcaceae;g__Streptococcus;s__	0.9999636119994801
7d8d836fa45c2674bd23db704c5c2521	d__Bacteria;p__Firmicutes;c__Clostridia;o__Lachnospirales;f__Lachnospiraceae;g__[Eubacterium]_hallii_group;s__	0.9525280993167913
ae3e3d785e1a7367edf78313f3586a2d	d__Bacteria;p__Firmicutes;c__Clostridia;o__Oscillospirales;f__Oscillospiraceae	0.9837428417289988
c0de2466875c7a2dcfaa1db7277f8919	d__Bacteria;p__Firmicutes;c__Clostridia;o__Lachnospirales;f__Lachnospiraceae;g__Blautia;s__	0.8810592837989971
b81c9c2d5caedbf87f73d0582397a814	d__Bacteria;p__Bacteroidota;c__Bacteroidia;o__Bacteroidales;f__Marinifilaceae;g__Butyricimonas;s__	0.9999988742546518
426ff2efdd8e2b71dd1af9f11cc704dc	d__Bacteria;p__Firmicutes;c__Clostridia;o__Oscillospirales;f__Ruminococcaceae;g__Incertae_Sedis;s__	0.8801756516497112
5555f683260730b49c090f0f152f46d8	d__Bacteria;p__Firmicutes;c__Bacilli;o__Lactobacillales;f__Streptococcaceae;g__Streptococcus;s__	0.9997459675856809
e6251934d960a4fc58689dcb68a3b29b	d__Bacteria;p__Firmicutes;c__Clostridia;o__Lachnospirales;f__Lachnospiraceae;g__[Eubacterium]_hallii_group;s__	0.9338802463500123
e55fec967210cbdddeae89a31ed81ca0	d__Bacteria;p__Firmicutes;c__Clostridia;o__Lachnospirales;f__Lachnospiraceae	0.9984410882062418
b9d98802962d89a893d53a8d89ec74d9	d__Bacteria;p__Firmicutes;c__Clostridia;o__Lachnospirales;f__Lachnospiraceae;g__Lachnoclostridium;s__	0.7945994595866258
3e68b29442fbfafa90573a9eff6bf153	d__Bacteria;p__Firmicutes;c__Clostridia;o__Lachnospirales;f__Lachnospiraceae	0.9983440324431347
1805038e68e950c29da0c4af68ea5b0c	d__Bacteria;p__Proteobacteria;c__Gammaproteobacteria;o__Burkholderiales;f__Sutterellaceae;g__Sutterella;s__	0.999316783777454
abbccde8e7f045dcacf923b879ca87ee	d__Bacteria;p__Firmicutes;c__Clostridia;o__Lachnospirales;f__Lachnospiraceae	0.9969968352682377
4ac4f33321e370b167f1cc3818cf6b0a	d__Bacteria;p__Firmicutes;c__Clostridia;o__Lachnospirales;f__Lachnospiraceae;g__[Ruminococcus]_gnavus_group;s__	0.9608698785361344
d04b74632035f71bdede93265f60d0d7	d__Bacteria;p__Firmicutes;c__Clostridia;o__Lachnospirales;f__Lachnospiraceae	0.9997417120326233
157ea7887d6003fb326a46066248bdc4	d__Bacteria;p__Firmicutes;c__Clostridia;o__Lachnospirales;f__Lachnospiraceae;g__[Ruminococcus]_gnavus_group;s__	0.9788259890829519
e7fb075580b96a2525aa1e2558106788	d__Bacteria;p__Firmicutes;c__Clostridia;o__Lachnospirales;f__Lachnospiraceae	0.9936723234736857
68f207e8a9fd052ff6489b2b5a6e52e8	d__Bacteria;p__Firmicutes;c__Clostridia;o__Lachnospirales;f__Lachnospiraceae	0.9998322581912674
405c7fbf505d0bc22aeb57ae64efe0ca	d__Bacteria;p__Firmicutes;c__Clostridia;o__Lachnospirales;f__Lachnospiraceae	0.9982758319775491
f9104a639850ce9215ce8d09e7f490d8	d__Bacteria;p__Bacteroidota;c__Bacteroidia;o__Bacteroidales;f__Bacteroidaceae;g__Bacteroides;s__	0.9938487960469018
36d9b6dfe0c9d77add2f75d29eb7c0e8	d__Bacteria;p__Firmicutes;c__Clostridia;o__Lachnospirales;f__Lachnospiraceae	0.9998476870316021
fb7be0e764f1630ed27a9928832caf01	d__Bacteria;p__Firmicutes;c__Clostridia;o__Lachnospirales;f__Lachnospiraceae	0.9977062729981497
247c118fca75d2f9399bf078b6dbe19d	d__Bacteria;p__Firmicutes;c__Clostridia;o__Oscillospirales;f__Oscillospiraceae;g__Oscillibacter;s__	0.9006826592359779
a05b8070ae9fdeb8ae1d4fa66d635b28	d__Bacteria;p__Proteobacteria;c__Gammaproteobacteria;o__Burkholderiales;f__Sutterellaceae;g__Sutterella;s__	0.9982150839112565
8148c31877c0d5e0245f2a36bfbde24e	d__Bacteria;p__Bacteroidota;c__Bacteroidia;o__Bacteroidales;f__Bacteroidaceae;g__Bacteroides;s__	0.9990217476399554
371f25ca30ab4e12f54653867a71822e	d__Bacteria;p__Firmicutes;c__Clostridia;o__Lachnospirales;f__Lachnospiraceae	0.9923658011265318
89cc785f5aba76d622a75ed2de642203	d__Bacteria;p__Bacteroidota;c__Bacteroidia;o__Bacteroidales;f__Bacteroidaceae;g__Bacteroides;s__	0.9997320075720225
979d4a3589170a6bdfcf13382292d75c	d__Bacteria;p__Firmicutes;c__Clostridia;o__Oscillospirales;f__Butyricicoccaceae;g__Butyricicoccus;s__	0.9991942789267377
1e1ef8ed6f0cb22d72cdf4225e3a903d	d__Bacteria;p__Firmicutes;c__Clostridia;o__Lachnospirales;f__Lachnospiraceae	0.9918726083569723
e2f08df54ca9d145e220f7868deff249	d__Bacteria;p__Firmicutes;c__Clostridia;o__Lachnospirales;f__Lachnospiraceae;g__Sellimonas;s__	0.9032122620447657
e989c7e1a2e6a3283fd0c1b15bbfa484	d__Bacteria;p__Firmicutes;c__Clostridia;o__Lachnospirales;f__Lachnospiraceae	0.9967912859411338
a0b2a063be050db80d50bec744a18e38	d__Bacteria;p__Firmicutes;c__Clostridia;o__Lachnospirales;f__Lachnospiraceae	0.9996488901704379
9dc2ff17019a120da4da2449c55a020e	d__Bacteria;p__Firmicutes;c__Clostridia;o__Lachnospirales;f__Lachnospiraceae;g__Lachnoclostridium;s__	0.809919189239053
bca9f033eef982f86f849bb69192b2bc	d__Bacteria;p__Firmicutes;c__Clostridia;o__Lachnospirales;f__Lachnospiraceae	0.9990770096482706
a93ffe5441373f52e33ddbd598cbb0b4	d__Bacteria;p__Firmicutes;c__Clostridia;o__Lachnospirales;f__Lachnospiraceae	0.7598240607017235
0e4a49f95f276a98ea68bb42f1cad27e	d__Bacteria;p__Bacteroidota;c__Bacteroidia;o__Bacteroidales;f__Tannerellaceae;g__Tannerellaceae;s__	0.9987429815846387
4c2ebfd31e4932d9f48a8cb28222e9de	d__Bacteria;p__Firmicutes;c__Clostridia;o__Lachnospirales;f__Lachnospiraceae	0.999805095905718
5461038cb383a604be87a3402d63a043	d__Bacteria;p__Firmicutes;c__Clostridia;o__Lachnospirales;f__Lachnospiraceae	0.9983084838996638
c522897e91eca789aa28a0899398489b	d__Bacteria;p__Firmicutes;c__Clostridia;o__Lachnospirales;f__Lachnospiraceae	0.99572079898301
1babf6cea3c6c269959378222d878d79	d__Bacteria;p__Firmicutes;c__Clostridia;o__Lachnospirales;f__Lachnospiraceae;g__Lachnoclostridium;s__	0.8258033185059414
7280a5a34306baae4de29b30d88b5932	d__Bacteria;p__Firmicutes;c__Clostridia;o__Lachnospirales;f__Lachnospiraceae	0.9973281877646765
9995a7fe141fa82330a21765ff7d56de	d__Bacteria;p__Firmicutes;c__Bacilli;o__Erysipelotrichales;f__Erysipelotrichaceae;g__[Clostridium]_innocuum_group;s__	0.9996962052991938
b0c2fc2fc575c1028004edc063c18035	d__Bacteria;p__Firmicutes;c__Bacilli;o__Lactobacillales;f__Lactobacillaceae;g__Lactobacillus;s__	0.9975755074168509
7a7bcfc147fcb8181f636d1ef20c94dd	d__Bacteria;p__Firmicutes;c__Clostridia;o__Lachnospirales;f__Lachnospiraceae	0.997066928984352
61aab820c83b681ecfff379638ca40d0	d__Bacteria;p__Bacteroidota;c__Bacteroidia;o__Bacteroidales;f__Bacteroidaceae;g__Bacteroides;s__	0.9997198167027724
c4f0507d0d3cefb6ef1346268b094136	d__Bacteria;p__Firmicutes;c__Clostridia;o__Oscillospirales;f__Ruminococcaceae;g__Fournierella;s__	0.997596191147673
e3b8d3d07456b3f501d528c04b278ffb	d__Bacteria;p__Firmicutes;c__Clostridia;o__Lachnospirales;f__Lachnospiraceae	0.8128997112118245
6442eac2892caea0088eca2e9dfac52a	d__Bacteria;p__Firmicutes;c__Clostridia;o__Lachnospirales;f__Lachnospiraceae;g__Blautia;s__	0.9064156764326934
65c1337bc803fedda907995f9cb9a5f5	d__Bacteria;p__Actinobacteriota;c__Coriobacteriia;o__Coriobacteriales;f__Eggerthellaceae;g__Eggerthella;s__	0.9997217547704456
4aaed2df35cfc8569477a4acb8f13f90	d__Bacteria;p__Firmicutes;c__Clostridia;o__Lachnospirales;f__Lachnospiraceae;g__Lachnospira;s__	0.9708514083041003
9b74aa1924b1a5ca78f408b037f61790	d__Bacteria;p__Firmicutes;c__Clostridia;o__Oscillospirales;f__Oscillospiraceae	0.9972744668611324
8a4c777c18c93cf2305225c2a0ac4dc0	d__Bacteria;p__Firmicutes;c__Clostridia;o__Lachnospirales;f__Lachnospiraceae	0.9996557007256629
d224928dc63f1cfa1d3cebff7cd18c26	d__Bacteria;p__Firmicutes;c__Bacilli;o__Erysipelotrichales;f__Erysipelotrichaceae;g__Merdibacter;s__	0.9999999305195526
4698c979805013cbb740d767698f409a	d__Bacteria;p__Firmicutes;c__Clostridia;o__Oscillospirales;f__Ruminococcaceae	0.93764990276135
39abdb3a4a4bf3017b66be61a779359d	d__Bacteria;p__Firmicutes;c__Clostridia;o__Oscillospirales;f__Oscillospiraceae;g__Flavonifractor;s__	0.9999501548181934
15c1b5e5fc1a1c936c33395bb3117131	d__Bacteria;p__Firmicutes;c__Clostridia;o__Lachnospirales;f__Lachnospiraceae	0.9990465945078585
505ce89d91d197da12e7bb750ba59a1c	d__Bacteria;p__Firmicutes;c__Bacilli;o__Lactobacillales;f__Streptococcaceae;g__Streptococcus;s__	0.9999994665311365
368a62b9c93c23f1d0cf9657301607ce	d__Bacteria;p__Firmicutes;c__Clostridia;o__Clostridiales;f__Clostridiaceae;g__Clostridium_sensu_stricto_1;s__	0.9919240896995878
589a03a165314ff28efec9efc5221e63	d__Bacteria;p__Firmicutes;c__Clostridia;o__Eubacteriales;f__Eubacteriaceae;g__Eubacterium;s__	0.9999584103479018
79545f28358026ca0ea64202cfc77de7	d__Bacteria;p__Firmicutes;c__Clostridia;o__Lachnospirales;f__Lachnospiraceae	0.9981758339248294
05e7e6552fba924828073d4a893f511e	d__Bacteria;p__Firmicutes;c__Clostridia;o__Lachnospirales;f__Lachnospiraceae	0.999679140466039
1305d5655c41542ee1954f9774c71c67	d__Bacteria;p__Firmicutes;c__Clostridia;o__Oscillospirales;f__Butyricicoccaceae;g__Butyricicoccus;s__	0.9999147576056306
31d836ec2b23c00e816924d39d52b6bb	d__Bacteria;p__Firmicutes;c__Clostridia;o__Oscillospirales;f__Ruminococcaceae	0.7457171588593324
3b5c354acaa712c95f74969cd895b63f	d__Bacteria;p__Firmicutes;c__Clostridia;o__Oscillospirales;f__Ruminococcaceae;g__uncultured;s__	0.7733231258404989
71e65246c5ad614157c9d2e62e99d5c3	d__Bacteria;p__Firmicutes;c__Clostridia;o__Oscillospirales;f__Ruminococcaceae;g__uncultured;s__	0.7644444168118072
f975762e279a099cf84d0359e8442c69	d__Bacteria;p__Firmicutes;c__Clostridia;o__Oscillospirales;f__Ruminococcaceae;g__uncultured;s__	0.8018024796815924
3a0da712caef6d01d4d13a691e11ee08	d__Bacteria;p__Proteobacteria;c__Gammaproteobacteria;o__Enterobacterales;f__Enterobacteriaceae	0.9741912588117572
acfa813cada83a9c6c5ffd6aaf736b0c	d__Bacteria;p__Firmicutes;c__Clostridia;o__Lachnospirales;f__Lachnospiraceae	0.9998218258096883
9e8955245317df392584455b65ee9d11	d__Bacteria;p__Firmicutes;c__Bacilli;o__Lactobacillales;f__Enterococcaceae;g__Enterococcus;s__	0.9768310873638978
ca4eed707924cfc5d2d2d3bd8213227f	d__Bacteria;p__Firmicutes;c__Bacilli;o__Lactobacillales;f__Lactobacillaceae;g__Lactobacillus;s__	0.9996226046068795
fee64d60a6cef48fd96d72bb1ce27cd3	d__Bacteria;p__Firmicutes;c__Clostridia;o__Oscillospirales;f__Ruminococcaceae;g__Fournierella;s__	0.9770560319356835
fd35545a5ea62de4f8cb509eddb28c46	d__Bacteria;p__Firmicutes;c__Bacilli;o__Lactobacillales;f__Streptococcaceae;g__Streptococcus;s__	0.9749840647055269
ca4dabf9859abd364ca59aa11f0d5b7d	d__Bacteria;p__Firmicutes;c__Clostridia;o__Lachnospirales;f__Lachnospiraceae	0.9996059233978511
b3f823fa459b0703ad6a6c7680951cf4	d__Bacteria;p__Actinobacteriota;c__Coriobacteriia;o__Coriobacteriales;f__Eggerthellaceae;g__Gordonibacter;s__	0.9971046297680708
5237d34e883e5592c0455ee78b99dded	d__Bacteria;p__Firmicutes;c__Clostridia;o__Lachnospirales;f__Lachnospiraceae	0.9966664545186346
d0a67681341cf3d9c0d5109f51180e24	d__Bacteria;p__Firmicutes;c__Clostridia;o__Oscillospirales;f__Butyricicoccaceae;g__Butyricicoccus;s__	0.9946569046345862
d864458611f0ba694d106954ec29e328	d__Bacteria;p__Firmicutes;c__Negativicutes;o__Veillonellales-Selenomonadales;f__Veillonellaceae;g__Veillonella;s__	0.9999980456771224
a3fda99636e543f15c5ff01aaf0a8f47	d__Bacteria;p__Firmicutes;c__Clostridia;o__Lachnospirales;f__Lachnospiraceae;g__Tuzzerella;s__	0.9182845108700305
791405f7ba0a1f90b2e4c8a8499e0f7f	d__Bacteria;p__Firmicutes;c__Clostridia;o__Lachnospirales;f__Lachnospiraceae	0.999782777462144
863659a57444572e23015a46ddd4abb0	d__Bacteria;p__Firmicutes;c__Clostridia;o__Lachnospirales;f__Lachnospiraceae	0.9925831432098428
90c7c5f7f0b7c3898af1e792b570a21f	d__Bacteria;p__Firmicutes;c__Clostridia;o__Lachnospirales;f__Lachnospiraceae	0.9997919147954438
0888533c84bbe7328bcfd92caf320295	d__Bacteria;p__Firmicutes;c__Clostridia;o__Eubacteriales;f__Eubacteriaceae;g__Eubacterium;s__	0.9999757207300195
6cc43b0ff43cef20738b83284fe823c4	d__Bacteria;p__Firmicutes;c__Clostridia;o__Lachnospirales;f__Lachnospiraceae	0.9898184548767949
d78be5111f3e86aef9fae23c38d3953e	d__Bacteria;p__Firmicutes;c__Clostridia;o__Lachnospirales;f__Lachnospiraceae	0.9982894131847386
d5fe3156be6d81c12f22f392b9dac480	d__Bacteria;p__Bacteroidota;c__Bacteroidia;o__Bacteroidales;f__Marinifilaceae;g__Odoribacter;s__	0.9999745552490394
44e951badda020c5afe4a8121e80d432	d__Bacteria;p__Firmicutes;c__Clostridia;o__Lachnospirales;f__Lachnospiraceae;g__Blautia;s__	0.9161695062037435
04a84c38ac34251d6edcc3d538655226	d__Bacteria;p__Firmicutes;c__Clostridia;o__Lachnospirales;f__Lachnospiraceae	0.9966296064257748
34f7ecb0d18b5a4201f80a8864a76159	d__Bacteria;p__Firmicutes;c__Clostridia;o__Oscillospirales	0.9468186892246211
7da32128a33591798f85683a4c1cc9c8	d__Bacteria;p__Firmicutes;c__Clostridia;o__Lachnospirales;f__Lachnospiraceae;g__[Eubacterium]_hallii_group;s__	0.9149246119419792
834599cc0c125fbf2291eb4917c89a73	d__Bacteria;p__Bacteroidota;c__Bacteroidia;o__Bacteroidales;f__Bacteroidaceae;g__Bacteroides;s__	0.9994626788958384
ff3a56f7b661a7adb47400f54d17424b	d__Bacteria;p__Firmicutes;c__Clostridia;o__Oscillospirales;f__Butyricicoccaceae;g__Butyricicoccus;s__	0.9639040286895829
de46aa9266273faa34b43c6f305493a2	d__Bacteria;p__Firmicutes;c__Clostridia;o__Oscillospirales;f__Butyricicoccaceae;g__Butyricicoccus;s__	0.9998893791519227
1627af7a22bae15024f8935acbeb8508	d__Bacteria;p__Firmicutes;c__Clostridia;o__Oscillospirales;f__Ruminococcaceae	0.7947016030538163
d2727142c66150df339f38ee867bb839	d__Bacteria;p__Firmicutes;c__Clostridia;o__Lachnospirales;f__Lachnospiraceae;g__Blautia;s__	0.9585132981426902
262e5211147951168ac156f70cf955ae	d__Bacteria;p__Firmicutes;c__Clostridia;o__Clostridiales;f__Clostridiaceae;g__Clostridium_sensu_stricto_1;s__	0.9935499420304488
bb2f3816cc98c2ee0f1396c61ef0598f	d__Bacteria;p__Firmicutes;c__Clostridia;o__Lachnospirales;f__Lachnospiraceae	0.9965564360782221
eb07991714d727e7d9120a676b65a646	d__Bacteria;p__Firmicutes;c__Clostridia;o__Lachnospirales;f__Lachnospiraceae	0.9953475165710125
acb329de1ccecf6cf88134751aac5503	d__Bacteria;p__Firmicutes;c__Clostridia;o__Oscillospirales;f__Ruminococcaceae;g__uncultured;s__	0.8530536377492218
cc7074eead7c67b43c459d1b072c8755	d__Bacteria;p__Firmicutes;c__Clostridia;o__Lachnospirales;f__Lachnospiraceae	0.9984436001641616
158944170ea3d2e87a5c97a0153b789c	d__Bacteria;p__Firmicutes;c__Clostridia;o__Peptostreptococcales-Tissierellales;f__Peptostreptococcaceae;g__Intestinibacter;s__	0.9949068389424467
d808975619ba83d1ea9b1bf78c40eb16	d__Bacteria;p__Firmicutes;c__Bacilli;o__Erysipelotrichales;f__Erysipelotrichaceae;g__[Clostridium]_innocuum_group;s__	0.9997261142422315
f644622db1cef5d06356f83557caa58b	d__Bacteria;p__Bacteroidota;c__Bacteroidia;o__Bacteroidales;f__Bacteroidaceae;g__Bacteroides;s__	0.9991051382073084
ec6f9a206f6c4606f4b6276f9ce5768f	d__Bacteria;p__Bacteroidota;c__Bacteroidia;o__Bacteroidales;f__Bacteroidaceae;g__Bacteroides;s__	0.9978528438608207
52ae101db9eff05adaab5f5d96c2d69d	d__Bacteria;p__Bacteroidota;c__Bacteroidia;o__Bacteroidales;f__Barnesiellaceae;g__Barnesiella;s__	0.9999892223202947
dfa4987212adcfc35c234b999c1a9ff4	d__Bacteria;p__Bacteroidota;c__Bacteroidia;o__Bacteroidales;f__Bacteroidaceae;g__Bacteroides;s__	0.9947240829006383
466f285c58af37c9fd0737570ad1020f	d__Bacteria;p__Firmicutes;c__Clostridia;o__Lachnospirales;f__Lachnospiraceae;g__[Eubacterium]_hallii_group;s__	0.9955330507438919
3ae65f9788f035084da751d024be2de6	d__Bacteria;p__Actinobacteriota;c__Coriobacteriia;o__Coriobacteriales;f__Eggerthellaceae;g__Senegalimassilia;s__	0.999983345099988
f4d43d5f208d2f8750d81e1cab1b65c2	d__Bacteria;p__Bacteroidota;c__Bacteroidia;o__Bacteroidales;f__Bacteroidaceae;g__Bacteroides;s__	0.9996586655228015
15bee04e22a6c52f462f9af9b6dc7b8d	d__Bacteria;p__Firmicutes;c__Clostridia;o__Oscillospirales;f__Ruminococcaceae;g__Negativibacillus;s__	0.9999126945575135
fe026400c4a531053fbe8af819749cdd	d__Bacteria;p__Firmicutes;c__Clostridia;o__Oscillospirales;f__[Eubacterium]_coprostanoligenes_group;g__[Eubacterium]_coprostanoligenes_group;s__	0.7188875677485521
38668dda5178b1b76ac71cc53fedaeae	d__Bacteria;p__Firmicutes;c__Clostridia;o__Lachnospirales;f__Lachnospiraceae;g__[Eubacterium]_hallii_group;s__	0.9919499246789204
920215b48317e99178ef765d287a4fc7	d__Bacteria;p__Firmicutes;c__Bacilli;o__Erysipelotrichales;f__Erysipelatoclostridiaceae;g__Erysipelatoclostridium;s__	0.9901515773580281
73f83e837c9f9e19cc8d2cf5886a75e9	d__Bacteria;p__Bacteroidota;c__Bacteroidia;o__Bacteroidales;f__Rikenellaceae;g__Alistipes;s__	0.9937233161255052
d7c2db9e6dff792cb7f7e7b0b0134a99	d__Bacteria;p__Firmicutes;c__Clostridia;o__Lachnospirales;f__Lachnospiraceae;g__[Eubacterium]_hallii_group;s__	0.9970863381190205
5725ecb4d38541453d8fe3329ec19bab	d__Bacteria;p__Firmicutes;c__Clostridia;o__Oscillospirales;f__Ruminococcaceae;g__Ruminococcus;s__	0.9666920696938873
22bacc0aa9400c0a125413568f891a61	d__Bacteria;p__Firmicutes;c__Clostridia;o__Oscillospirales	0.8629028664988235
bfa908b0611ea32d3c3622a25a7b4fe1	d__Bacteria;p__Firmicutes;c__Clostridia;o__Lachnospirales;f__Lachnospiraceae;g__[Eubacterium]_hallii_group;s__	0.9942053483887842
fa4e3f6183f6256bc425b01920c5d84f	d__Bacteria;p__Firmicutes;c__Clostridia;o__Lachnospirales;f__Lachnospiraceae	0.9991762866059192
073e7ba9c483811fcd7aa45d4db28b26	d__Bacteria;p__Bacteroidota;c__Bacteroidia;o__Bacteroidales;f__Bacteroidaceae;g__Bacteroides;s__	0.9952029315256135
425b73804287eeb087b25bf623a21321	d__Bacteria;p__Desulfobacterota;c__Desulfovibrionia;o__Desulfovibrionales;f__Desulfovibrionaceae;g__Bilophila;s__	0.9999963848595973
234b9fe4da2255ff4a7e8f110f62ed59	d__Bacteria;p__Bacteroidota;c__Bacteroidia;o__Bacteroidales;f__Barnesiellaceae;g__uncultured;s__	0.9956664385467502
604cc977956923aa48a2f8c84d6e22ed	d__Bacteria;p__Firmicutes;c__Clostridia;o__Oscillospirales;f__Ruminococcaceae;g__[Eubacterium]_siraeum_group;s__	0.9336666022998231
45e6a08fb134b1d4c739a7ef232b5453	d__Bacteria;p__Firmicutes;c__Clostridia;o__Oscillospirales;f__Ruminococcaceae	0.7635982480322437
7a8b434e70518a66108189b6b906558a	d__Bacteria;p__Firmicutes;c__Clostridia;o__Oscillospirales;f__Ruminococcaceae	0.9405866545281392
7a5910714eef00a049d539647641a0c9	d__Bacteria;p__Firmicutes;c__Clostridia;o__Lachnospirales;f__Lachnospiraceae;g__[Eubacterium]_eligens_group;s__	0.9999413027395557
6832371be52db99c027c3578080856cf	d__Bacteria;p__Firmicutes;c__Clostridia;o__Oscillospirales;f__Ruminococcaceae;g__Ruminococcus;s__	0.8383290426732918
43ab0b1ee4884e4f5f1c8a935555854a	d__Bacteria;p__Bacteroidota;c__Bacteroidia;o__Bacteroidales;f__Bacteroidaceae;g__Bacteroides;s__	0.9990692363261491
cf7f2e54f3584be0082d440fe06a3934	d__Bacteria;p__Bacteroidota;c__Bacteroidia;o__Bacteroidales;f__Bacteroidaceae;g__Bacteroides;s__	0.9996923241313486
83e165e3b54a86551832866b2a192b2e	d__Bacteria;p__Firmicutes;c__Clostridia;o__Oscillospirales;f__Ruminococcaceae	0.7716360513476229
c8c6387f1e8da44ffe20bc1f3393e22d	d__Bacteria;p__Firmicutes;c__Clostridia;o__Oscillospirales;f__Oscillospiraceae	0.9944368939615981
ee6fdf3298f21a0930f571a31964a78b	d__Bacteria;p__Firmicutes;c__Clostridia;o__Lachnospirales;f__Lachnospiraceae;g__Fusicatenibacter;s__	0.999249582394284
4395b513cb5ff17c881721f6463fb57c	d__Bacteria;p__Firmicutes;c__Clostridia;o__Lachnospirales;f__Lachnospiraceae;g__Blautia;s__	0.8589528522359061
a5570c2dc1260dc4ba8526f619ccd212	d__Bacteria;p__Firmicutes;c__Bacilli;o__Lactobacillales;f__Streptococcaceae;g__Streptococcus;s__	0.9998918656903518
956ff1aecc136cc9dd19ec514f27feba	d__Bacteria;p__Firmicutes;c__Clostridia;o__Oscillospirales;f__Ruminococcaceae;g__Ruminococcus;s__	0.9624973411966605
37511ffa7eb80fc6324b7d8cc2d188f2	d__Bacteria;p__Firmicutes;c__Negativicutes;o__Acidaminococcales;f__Acidaminococcaceae;g__Phascolarctobacterium;s__	0.9999085251601135
65bbe543d7ba9307b4248ab9631f77ce	d__Bacteria;p__Verrucomicrobiota;c__Verrucomicrobiae;o__Verrucomicrobiales;f__Akkermansiaceae;g__Akkermansia;s__	0.9999992392542845
f24f5eee03e165b1fab188650b43f23c	d__Bacteria;p__Firmicutes;c__Clostridia;o__Lachnospirales;f__Lachnospiraceae	0.9084654657659431
cc213c9297b10c691f82373f482ee0b8	d__Bacteria;p__Firmicutes;c__Clostridia;o__Lachnospirales;f__Lachnospiraceae;g__Fusicatenibacter;s__	0.9989262356700463
4d1f5f2c5b0aff982808cc6ecefcf355	d__Bacteria;p__Actinobacteriota;c__Actinobacteria;o__Bifidobacteriales;f__Bifidobacteriaceae;g__Bifidobacterium;s__	0.9998246501228715
0b9aecc59294e10435e997d157b9971e	d__Bacteria;p__Bacteroidota;c__Bacteroidia;o__Bacteroidales;f__Rikenellaceae;g__Alistipes;s__	0.7371202486293955
699f579d50ffc96ae85c95b476a78f8a	d__Bacteria;p__Bacteroidota;c__Bacteroidia;o__Bacteroidales;f__Rikenellaceae;g__Alistipes;s__	0.9894173315331481
9e2d199c89a96c9d3b019f257686cc1a	d__Bacteria;p__Firmicutes;c__Clostridia;o__Lachnospirales;f__Lachnospiraceae	0.9987650789066572
5412792f1d08a7b51d5f309efbe1ab55	d__Bacteria;p__Firmicutes;c__Clostridia;o__Oscillospirales	0.7670762759403875
9bf88c0fdd9a8364e976065906caf702	d__Bacteria;p__Bacteroidota;c__Bacteroidia;o__Bacteroidales;f__Bacteroidaceae;g__Bacteroides;s__	0.9999604433178821
7f0005c664beb23ac3d149c88e07c217	d__Bacteria;p__Actinobacteriota;c__Actinobacteria;o__Bifidobacteriales;f__Bifidobacteriaceae;g__Bifidobacterium;s__	0.9999593436433999
7622d3481d08b6f379f3fb8b9ec4e112	d__Bacteria;p__Actinobacteriota;c__Coriobacteriia;o__Coriobacteriales;f__Eggerthellaceae;g__Enterorhabdus;s__	0.9976922854543543
748e4b24d7a9249b90928832e90ddec7	d__Bacteria;p__Firmicutes;c__Clostridia;o__Clostridiales;f__Clostridiaceae;g__Clostridium_sensu_stricto_1;s__	0.9719471485595259
9010a7a476e25edead65a25e6d20a223	d__Bacteria;p__Firmicutes;c__Clostridia	0.9984453169934311
376faa637d66820a8aa2d26fc3f8371f	d__Bacteria;p__Bacteroidota;c__Bacteroidia;o__Bacteroidales;f__Barnesiellaceae;g__Coprobacter;s__	0.9982199239397294
ebee5fabf369dfd58374e3b91fff3585	d__Bacteria;p__Firmicutes;c__Clostridia;o__Oscillospirales;f__Ruminococcaceae;g__Negativibacillus;s__	0.9998406067482435
76302220270ab41f143356bb6bacaf8c	d__Bacteria;p__Firmicutes;c__Clostridia;o__Lachnospirales;f__Lachnospiraceae;g__Dorea;s__	0.908596598803063
689448b064fc90ae0c5426e22b5ac4a7	d__Bacteria;p__Bacteroidota;c__Bacteroidia;o__Bacteroidales;f__Marinifilaceae;g__Butyricimonas;s__	0.9999915263946281
2b4375c17731e3bb9f4747052000faeb	d__Bacteria;p__Firmicutes;c__Clostridia;o__Lachnospirales;f__Lachnospiraceae	0.9988622390036127
6dd647a5de1254136725214cc8592267	d__Bacteria;p__Firmicutes;c__Clostridia;o__Lachnospirales;f__Lachnospiraceae	0.979439574940261
3899484d3df280a4517e4c89e3d00099	d__Bacteria;p__Firmicutes;c__Bacilli;o__Lactobacillales;f__Streptococcaceae;g__Lactococcus;s__	0.9999964397634497
bd316caf5bec9204b5e0b231619f8a72	d__Bacteria;p__Firmicutes;c__Clostridia;o__Peptostreptococcales-Tissierellales;f__Anaerovoracaceae;g__Family_XIII_AD3011_group;s__	0.8565087668452879
a70f213404388d6c60f386832443bccb	d__Bacteria;p__Firmicutes;c__Clostridia;o__Lachnospirales;f__Lachnospiraceae;g__Frisingicoccus;s__	0.8251953434634693
d9a8fb7e917db1b8c583523f0db4acc9	d__Bacteria;p__Firmicutes;c__Clostridia;o__Lachnospirales;f__Lachnospiraceae	0.9995118362840743
07875639d6dc599e7423a6e0241eb584	d__Bacteria;p__Firmicutes;c__Clostridia;o__Lachnospirales;f__Lachnospiraceae;g__Catenibacillus;s__	0.9897452486363377
0ed9b98478608ad4626c495c61363e33	d__Bacteria;p__Firmicutes;c__Clostridia;o__Lachnospirales;f__Lachnospiraceae	0.9946084755514634
ceb1d56b7a34d395779e2b5b7477ae01	d__Bacteria;p__Desulfobacterota;c__Desulfovibrionia;o__Desulfovibrionales;f__Desulfovibrionaceae;g__uncultured;s__	0.7486470257655344
9b271d5bf439798fa775ba89d22091df	d__Bacteria;p__Bacteroidota;c__Bacteroidia;o__Bacteroidales;f__Bacteroidaceae;g__Bacteroides;s__	0.9968747147920123
073d59b130f36afc3e07a845b504725f	d__Bacteria;p__Actinobacteriota;c__Coriobacteriia;o__Coriobacteriales;f__Eggerthellaceae;g__Adlercreutzia;s__	0.8676581972692186
e563769a4b2b88049a730e028f306b09	d__Bacteria;p__Bacteroidota;c__Bacteroidia;o__Bacteroidales;f__Marinifilaceae;g__Butyricimonas;s__	0.999999835120817
5f806b50d65b78b8b13c4cc7ad7cbe4e	d__Bacteria;p__Bacteroidota;c__Bacteroidia;o__Bacteroidales;f__Rikenellaceae;g__Alistipes;s__	0.999500151253479
345877cb6676031aa7caddc6cc32af5a	d__Bacteria;p__Actinobacteriota;c__Coriobacteriia;o__Coriobacteriales;f__Coriobacteriales_Incertae_Sedis;g__uncultured;s__	0.988246972400295
494e605439065f033a43100554ab5e6a	d__Bacteria;p__Proteobacteria;c__Gammaproteobacteria;o__Burkholderiales;f__Sutterellaceae;g__Parasutterella;s__	0.9999990729492969
6cd9502fb1a4f0e1b762c7a72506e6c6	d__Bacteria;p__Firmicutes;c__Clostridia;o__Peptostreptococcales-Tissierellales;f__Anaerovoracaceae;g__Family_XIII_AD3011_group;s__	0.9014701559877193
33ef792797f4d0b936e5e4dac2a520bb	d__Bacteria;p__Firmicutes;c__Clostridia;o__Oscillospirales;f__Oscillospiraceae	0.9845324652172103
47d7d35f0815f91e37f68cc173d9fd2a	d__Bacteria;p__Actinobacteriota;c__Coriobacteriia;o__Coriobacteriales;f__Coriobacteriales_Incertae_Sedis;g__uncultured;s__	0.9913594908844322
ec8d9bb39a83de3acf20b176dacd119e	d__Bacteria;p__Firmicutes;c__Clostridia;o__Oscillospirales;f__Ruminococcaceae;g__Incertae_Sedis;s__	0.9424675774759085
d6c0e18b47f591a68597fcd74b6a2bdb	d__Bacteria;p__Proteobacteria;c__Gammaproteobacteria;o__Burkholderiales;f__Sutterellaceae;g__Sutterella;s__	0.9998746501697647
e5da721943f37ce96b96b710af456347	d__Bacteria;p__Verrucomicrobiota;c__Lentisphaeria;o__Victivallales;f__Victivallaceae;g__Victivallis;s__	0.9999420789686824
8796aed550fa7414aa213acfe8659514	d__Bacteria;p__Firmicutes;c__Clostridia;o__Oscillospirales;f__Ruminococcaceae;g__Incertae_Sedis;s__	0.8544556085049609
a0c09eea596615e79a0a971e434a2e23	d__Bacteria;p__Firmicutes;c__Clostridia;o__Lachnospirales;f__Lachnospiraceae;g__Dorea;s__	0.8239944269521178
b1efc083c14070b45c03ef1361a6ad63	d__Bacteria;p__Bacteroidota;c__Bacteroidia;o__Bacteroidales;f__Bacteroidaceae;g__Bacteroides;s__	0.9981855079575418
861c88b93c97d2637bc73f66439993bb	d__Bacteria;p__Firmicutes;c__Clostridia;o__Oscillospirales;f__Oscillospiraceae;g__Flavonifractor;s__	0.9998293349658258
1e1239ea4089e839cee8dddd4eb98d4f	d__Bacteria;p__Firmicutes;c__Clostridia;o__Lachnospirales;f__Lachnospiraceae	0.9994888909058203
ff22ac7130fbd3c1249b36c035d24fa4	d__Bacteria;p__Firmicutes;c__Bacilli;o__Lactobacillales;f__Lactobacillaceae;g__Lactiplantibacillus;s__	0.9999998474229389
73db71778f9f5c83a042521a46c451de	d__Bacteria;p__Firmicutes;c__Clostridia;o__Oscillospirales;f__Ruminococcaceae;g__UBA1819;s__	0.9999300933735186
6463fe7eb9c46b7625a82c78110eaf89	d__Bacteria;p__Firmicutes;c__Clostridia;o__Oscillospirales;f__Ruminococcaceae;g__Faecalibacterium;s__	0.9995551973325305
258f031590030480398edd97d72df0ac	d__Bacteria;p__Firmicutes;c__Clostridia;o__Lachnospirales;f__Lachnospiraceae	0.9969086562165257
f3714982280a7c3db5a78d72b656967d	d__Bacteria;p__Firmicutes;c__Clostridia;o__Lachnospirales;f__Lachnospiraceae	0.9995049925911317
6746221cecf559a4a2ae8c6d0d4e1bc8	d__Bacteria;p__Firmicutes;c__Clostridia;o__Lachnospirales;f__Lachnospiraceae;g__Dorea;s__	0.8474407177991212
bb334b49952c618ca3698e2453786afd	d__Bacteria;p__Firmicutes;c__Bacilli;o__Erysipelotrichales;f__Erysipelotrichaceae;g__Holdemania;s__	0.9993100732155955
adab33215719325875e6cc570a183eca	d__Bacteria;p__Actinobacteriota;c__Coriobacteriia;o__Coriobacteriales;f__Atopobiaceae	0.7858437124138749
e474c55fc4e2a346af25cbbb3941617e	d__Bacteria;p__Firmicutes;c__Clostridia;o__Lachnospirales;f__Defluviitaleaceae;g__Defluviitaleaceae_UCG-011;s__	0.8081741059940303
1a17310e58a71c17b58459db719439e1	d__Bacteria;p__Firmicutes;c__Clostridia;o__Oscillospirales	0.712635223405122
cd2de17a0167c03a7641f314c5d4e08f	d__Bacteria;p__Firmicutes;c__Bacilli;o__Lactobacillales;f__Lactobacillaceae;g__Leuconostoc;s__	0.9999974053203697
48256bcf7370d4472aad0cd4ab5ecb1a	d__Bacteria;p__Firmicutes;c__Bacilli;o__Erysipelotrichales;f__Erysipelotrichaceae;g__Faecalitalea;s__	0.9745444330350899
e1f42b027c524f33e06f264c95170819	d__Bacteria;p__Firmicutes;c__Clostridia;o__Lachnospirales;f__Lachnospiraceae	0.8935962820827018
abb41b09073cea3c7cc3edf749462d73	d__Bacteria;p__Firmicutes;c__Clostridia;o__Lachnospirales;f__Lachnospiraceae	0.9293660180353019
4e24e5f8962a48cdbce9ec999a98c561	d__Bacteria;p__Firmicutes;c__Bacilli;o__Lactobacillales;f__Streptococcaceae;g__Streptococcus;s__	0.9999921125725263
68cb321ea9130e16108b09b3d6505109	d__Bacteria;p__Firmicutes;c__Clostridia;o__Peptostreptococcales-Tissierellales;f__Peptostreptococcaceae;g__Intestinibacter;s__	0.952363623562916
36f69a1859bca5e6c3111d34fc6ba23d	d__Bacteria;p__Firmicutes;c__Clostridia;o__Oscillospirales;f__Ruminococcaceae	0.817355830363099
aaba5e992cfd6e2a52924956552e7914	d__Bacteria;p__Firmicutes;c__Clostridia;o__Lachnospirales;f__Lachnospiraceae;g__Sellimonas;s__	0.9959722514855279
c105a51075fbeedf840f2f26264c9dc8	d__Bacteria;p__Firmicutes;c__Clostridia;o__Oscillospirales;f__Ruminococcaceae;g__uncultured;s__	0.7061557774443202
647db930c021529e8f391548122a5aab	d__Bacteria;p__Firmicutes;c__Clostridia;o__Lachnospirales;f__Lachnospiraceae	0.9949980537180786
74fcd4913f96359effa1e270c9912987	d__Bacteria;p__Firmicutes;c__Clostridia;o__Lachnospirales;f__Lachnospiraceae;g__[Eubacterium]_ventriosum_group;s__	0.8019025623740347
8aab18f846339c31dab4c94b491894a2	d__Bacteria;p__Firmicutes;c__Clostridia;o__Oscillospirales;f__Ruminococcaceae;g__Subdoligranulum;s__	0.9907862598830657
67b8125a4d9e9317f7975932a5acb482	d__Bacteria;p__Firmicutes;c__Clostridia;o__Lachnospirales;f__Lachnospiraceae;g__Lachnoclostridium;s__	0.7799392809234991
79bde00895b1180ade80f4698bb7f313	d__Bacteria;p__Firmicutes;c__Clostridia;o__Oscillospirales;f__Ruminococcaceae;g__Faecalibacterium;s__	0.9993301465854927
63213f23aff7dbf497cc972a6275486f	d__Bacteria;p__Firmicutes;c__Clostridia;o__Lachnospirales;f__Lachnospiraceae;g__Blautia;s__	0.9580837465834314
6753eb1944ff0711a2182b965d82137d	d__Bacteria;p__Firmicutes;c__Clostridia;o__Peptostreptococcales-Tissierellales;f__Anaerovoracaceae;g__[Eubacterium]_nodatum_group;s__	0.9171063290426886
4a4cad356f49a69d60dce01922465b5a	d__Bacteria;p__Actinobacteriota;c__Coriobacteriia;o__Coriobacteriales;f__Eggerthellaceae	0.9999999811289411
4a0b6264479afbf7944a2906c6c6fee0	d__Bacteria;p__Firmicutes;c__Clostridia;o__Lachnospirales;f__Lachnospiraceae	0.9037859796346069
3c8e4ebcb98dbb646d7151995d59bb64	d__Bacteria;p__Firmicutes;c__Clostridia;o__Peptostreptococcales-Tissierellales;f__Anaerovoracaceae;g__[Eubacterium]_nodatum_group;s__	0.912603886968555
8203652b44d3b39d944f6c3d044b0d5d	d__Bacteria;p__Firmicutes;c__Clostridia;o__Lachnospirales;f__Lachnospiraceae	0.9997919901864258
cc264dcae900ebfdc350f97a0feb568e	d__Bacteria;p__Firmicutes;c__Clostridia	0.9982487999173089
23e489fbbc80ab944759ac4862fb53a5	d__Bacteria;p__Firmicutes;c__Clostridia;o__Oscillospirales;f__Ruminococcaceae;g__Incertae_Sedis;s__	0.9479024730654761
d2cd2a2651692f00b90e80e75eea2f91	d__Bacteria;p__Bacteroidota;c__Bacteroidia;o__Bacteroidales;f__Marinifilaceae;g__Odoribacter;s__	0.9999911998138744
0e3f63d2ba776042f2af3079b381b9e8	d__Bacteria;p__Firmicutes;c__Clostridia;o__Lachnospirales;f__Lachnospiraceae;g__[Eubacterium]_fissicatena_group;s__	0.9909754291669618
8946e7163a5fee77e173b90c932b7860	d__Bacteria;p__Firmicutes;c__Clostridia;o__Lachnospirales;f__Lachnospiraceae;g__Blautia;s__	0.9506527662691897
c1fd4951c2f507445f8cb9323dd6e175	d__Bacteria;p__Firmicutes;c__Clostridia;o__Lachnospirales;f__Lachnospiraceae;g__Blautia;s__	0.9508694720172013
778a27bee05e6c22bf2b64aa18ce6b68	d__Bacteria;p__Firmicutes;c__Clostridia;o__Oscillospirales;f__Ruminococcaceae;g__Faecalibacterium;s__	0.9989260982072612
02fac844c58aed360874565dd4a0c992	d__Bacteria;p__Firmicutes;c__Clostridia;o__Lachnospirales;f__Defluviitaleaceae;g__Defluviitaleaceae_UCG-011;s__	0.7888026181349699
16d979f472d09979e587b047df154199	d__Bacteria;p__Firmicutes;c__Clostridia;o__Oscillospirales;f__Ruminococcaceae	0.7394986384295814
f5e62e37cd316f92dd5134651602a6ca	d__Bacteria;p__Firmicutes;c__Clostridia;o__Lachnospirales;f__Lachnospiraceae	0.9981246760594837
6135a1a43c57816afbbea6a544cf636a	d__Bacteria;p__Firmicutes;c__Clostridia;o__Peptostreptococcales-Tissierellales;f__Peptostreptococcaceae	0.9999916137824691
b1405a907999de4057b00b74f339dda2	d__Bacteria;p__Firmicutes;c__Clostridia;o__Oscillospirales;f__Ruminococcaceae;g__Incertae_Sedis;s__	0.9605412908065118
bdb49312b2eab0e37410e0f561d5f95d	d__Bacteria;p__Firmicutes;c__Clostridia;o__Lachnospirales;f__Lachnospiraceae	0.9974654052733094
0bee9acfbbd6f4ab2944be6c6f8f71a9	d__Bacteria;p__Firmicutes;c__Clostridia;o__Lachnospirales;f__Lachnospiraceae	0.9980333845413578
5c6e4184760422185bc0a5e315f2abdb	d__Bacteria;p__Firmicutes;c__Clostridia;o__Lachnospirales;f__Lachnospiraceae	0.9936794070649264
d04b4c1f6640cb3365543fa16149096a	d__Bacteria;p__Firmicutes;c__Clostridia;o__Peptostreptococcales-Tissierellales;f__Peptostreptococcaceae;g__Romboutsia;s__	0.7086323836818945
458c16bd9d3ac687643262313df20afb	d__Bacteria;p__Firmicutes;c__Clostridia;o__Lachnospirales;f__Lachnospiraceae	0.9996344419544969
d807b6f6fe30a5289a6cd739aabfe8c6	d__Bacteria;p__Firmicutes;c__Bacilli;o__Lactobacillales;f__Streptococcaceae;g__Streptococcus;s__	0.9999877436878868
3c31fa4ed664fd239308a8bf70737c90	d__Bacteria;p__Firmicutes;c__Bacilli;o__Erysipelotrichales;f__Erysipelotrichaceae;g__Holdemania;s__	0.9355287489512706
88e42300c52b84464cde1b315a8911e0	d__Bacteria;p__Firmicutes;c__Clostridia;o__Lachnospirales;f__Lachnospiraceae;g__[Eubacterium]_fissicatena_group;s__	0.9344696264938209
f63a837f99eefb7583a9a79c9ec226f6	d__Bacteria;p__Firmicutes;c__Clostridia;o__Lachnospirales;f__Lachnospiraceae;g__Lachnoclostridium;s__	0.8025106850155884
5b3e25336ff14178b075c4b913d3991d	d__Bacteria;p__Firmicutes;c__Clostridia;o__Lachnospirales;f__Lachnospiraceae;g__[Ruminococcus]_gnavus_group;s__	0.9770177014720971
455adc94e9b7dddce7fe7dcab4620a72	d__Bacteria;p__Firmicutes;c__Bacilli;o__Erysipelotrichales;f__Erysipelotrichaceae;g__[Clostridium]_innocuum_group;s__	0.9994157856474551
d0932e17806ab4213c6c6a0a941a78a0	d__Bacteria;p__Firmicutes;c__Clostridia;o__Lachnospirales;f__Lachnospiraceae	0.99600246511587
0d4db8a738050c1af9c41942cea73eb6	d__Bacteria;p__Firmicutes;c__Clostridia;o__Peptostreptococcales-Tissierellales;f__Peptostreptococcaceae;g__Romboutsia;s__	0.7884133773684047
5fc6f382d96314fdf722b8e76bf8e345	d__Bacteria;p__Firmicutes;c__Clostridia;o__Lachnospirales;f__Lachnospiraceae;g__Lachnoclostridium;s__	0.7785794798865414
9986701c3bff0758121d2005555bd04f	d__Bacteria;p__Firmicutes;c__Clostridia;o__Lachnospirales;f__Lachnospiraceae	0.9863781979721618
67a1712e15d94d5a56f688ffe430cab4	d__Bacteria;p__Firmicutes;c__Clostridia;o__Peptostreptococcales-Tissierellales;f__Anaerovoracaceae;g__Family_XIII_UCG-001;s__	0.9047235663391832
8092cde03eb263c44a1964ca796431b3	d__Bacteria;p__Firmicutes;c__Clostridia;o__Clostridiales;f__Clostridiaceae;g__Clostridium_sensu_stricto_1;s__	0.9739888941862964
5279585f4c3cee99c7bdb6ac1a1be0b1	d__Bacteria;p__Firmicutes;c__Clostridia;o__Lachnospirales;f__Lachnospiraceae	0.9850658183562697
43019094124aed25f0b319cf8ce26529	d__Bacteria;p__Firmicutes;c__Clostridia;o__Oscillospirales;f__Ruminococcaceae;g__DTU089;s__	0.9998013932448343
54c68afb64133026499d6e604fdba98d	d__Bacteria;p__Firmicutes;c__Clostridia;o__Lachnospirales;f__Lachnospiraceae	0.9949671866194034
8804baa30cabda1b3b6b5731a1e1fd2e	d__Bacteria;p__Firmicutes;c__Clostridia;o__Lachnospirales;f__Lachnospiraceae	0.9983604798298662
7903977a0093218d7d48195a580aa831	d__Bacteria;p__Firmicutes;c__Clostridia;o__Oscillospirales;f__Ethanoligenenaceae;g__Acetanaerobacterium;s__	0.8134453542800855
64a7a2f2eff68a1deb2b87f782987757	d__Bacteria;p__Firmicutes;c__Clostridia;o__Lachnospirales;f__Lachnospiraceae;g__Lachnoclostridium;s__	0.7546635130781827
d6e72d1689125fd30dc0dda4e39fa400	d__Bacteria;p__Firmicutes;c__Clostridia;o__Lachnospirales;f__Lachnospiraceae	0.9982005011872522
f4e7d09e72922661f89a455fd2aa7ae5	d__Bacteria;p__Firmicutes;c__Clostridia;o__Lachnospirales;f__Lachnospiraceae;g__Blautia;s__	0.9443014856654355
06a54c05edfb77316bdcd0f65ddce950	d__Bacteria;p__Firmicutes;c__Clostridia;o__Lachnospirales;f__Lachnospiraceae	0.9997955887518828
dda14c68d7edaf041e08577607fcf764	d__Bacteria;p__Firmicutes;c__Clostridia;o__Lachnospirales;f__Lachnospiraceae;g__Blautia;s__	0.9334255129551905
0dbb083fb40ff7b7d620935530c51bdb	d__Bacteria;p__Firmicutes;c__Clostridia;o__Oscillospirales	0.7613559574257717
848a39caabddbf89e7be1ffd7bdde6b2	d__Bacteria;p__Firmicutes;c__Clostridia;o__Lachnospirales;f__Lachnospiraceae;g__[Eubacterium]_fissicatena_group;s__	0.9904414564254392
89834b3c6fbec8a7e5f2b8b3ee039a24	d__Bacteria;p__Firmicutes;c__Clostridia;o__Lachnospirales;f__Lachnospiraceae	0.9995776120283595
ab7f616b5720dbc02d95918bc920f5f1	d__Bacteria;p__Actinobacteriota;c__Actinobacteria;o__Bifidobacteriales;f__Bifidobacteriaceae;g__Bifidobacterium;s__	0.9999256054451467
dbcea47a971c6da171631571b83e65c8	d__Bacteria;p__Firmicutes;c__Clostridia;o__Lachnospirales;f__Lachnospiraceae	0.9997443153637917
c38f288c3657cfe9d2a3e7fb9ce4f2aa	d__Bacteria;p__Firmicutes;c__Clostridia;o__Oscillospirales;f__Oscillospiraceae	0.937478914977429
5bcef173305e9f5c2f887f3169cb5dfc	d__Bacteria;p__Firmicutes;c__Clostridia;o__Lachnospirales;f__Lachnospiraceae	0.9994834374886451
8fef6d7eb4b68c84c0a283a4f888d8be	d__Bacteria;p__Actinobacteriota;c__Coriobacteriia;o__Coriobacteriales;f__Eggerthellaceae;g__Enterorhabdus;s__	0.997862189257068
f70fc5e405d472ce63bbcb031e195a36	d__Bacteria;p__Firmicutes;c__Clostridia;o__Peptostreptococcales-Tissierellales;f__Peptostreptococcaceae	0.9999828427392801
7d8f908b94efcaaeda4b385a6539bae4	d__Bacteria;p__Bacteroidota;c__Bacteroidia;o__Bacteroidales;f__Marinifilaceae;g__Odoribacter;s__	0.999985553864757
a1aa9bb0178e5f119889b23b6a7003ba	d__Bacteria;p__Proteobacteria;c__Gammaproteobacteria;o__Burkholderiales;f__Sutterellaceae;g__Parasutterella;s__	0.9999995036993093
7782de13409e85bd991a5cd7552fd551	d__Bacteria;p__Firmicutes;c__Clostridia;o__Lachnospirales;f__Lachnospiraceae	0.9991666549276113
b98c6fee9a0de9bd35869499e195c2ce	d__Bacteria;p__Firmicutes;c__Clostridia;o__Oscillospirales;f__Ruminococcaceae;g__Incertae_Sedis;s__	0.8807670568549487
0a6c39b8a565e06d485657c8315443ec	d__Bacteria;p__Firmicutes;c__Bacilli;o__Lactobacillales;f__Streptococcaceae;g__Streptococcus;s__	0.9995488956089927
93e852bbb9745baa4593240f2380502f	d__Bacteria;p__Bacteroidota;c__Bacteroidia;o__Bacteroidales;f__Bacteroidaceae;g__Bacteroides;s__	0.9213142891894591
cd3428e39175c7305aef36ec4e16b977	d__Bacteria;p__Bacteroidota;c__Bacteroidia;o__Bacteroidales;f__Bacteroidaceae;g__Bacteroides;s__	0.9973861728400144
129063fda8ca768d07afc08e892e901f	d__Bacteria;p__Bacteroidota;c__Bacteroidia;o__Bacteroidales;f__Bacteroidaceae;g__Bacteroides;s__	0.9955090118087723
fe14e4c5cf28191c0a720ce642cb6c07	d__Bacteria;p__Firmicutes;c__Negativicutes;o__Veillonellales-Selenomonadales;f__Veillonellaceae;g__Dialister;s__	0.8138621239605304
3e42b8aa893ef8ceff5da56eb3746c9c	d__Bacteria;p__Proteobacteria;c__Gammaproteobacteria;o__Burkholderiales;f__Sutterellaceae;g__Sutterella;s__	0.9959066843684271
c111801404e6ed1dfcc5bf3c9ea01259	d__Bacteria;p__Bacteroidota;c__Bacteroidia;o__Bacteroidales;f__Tannerellaceae;g__Parabacteroides;s__	0.9832902651859571
550836185bf0ade2129322e145aca072	d__Bacteria;p__Firmicutes;c__Clostridia;o__Lachnospirales;f__Lachnospiraceae;g__Lachnospira;s__	0.9871719345612234
9e5bbbb7ca329562d767b6be22638447	d__Bacteria;p__Bacteroidota;c__Bacteroidia;o__Bacteroidales;f__Bacteroidaceae;g__Bacteroides;s__	0.999939508460795
e2ff628ee4288443bbb65ee233ca05ce	d__Bacteria;p__Firmicutes;c__Clostridia;o__Lachnospirales;f__Lachnospiraceae;g__Fusicatenibacter;s__	0.9995814709860829
1b2910d60b3ac22350f4862fcf1409f6	d__Bacteria;p__Actinobacteriota;c__Actinobacteria;o__Bifidobacteriales;f__Bifidobacteriaceae;g__Bifidobacterium;s__	0.9998802601454441
f07fc908a039dfc50b7f58b0480a8054	d__Bacteria;p__Firmicutes;c__Bacilli;o__Erysipelotrichales;f__Erysipelatoclostridiaceae;g__Erysipelatoclostridium;s__	0.9999861807754976
1620bfd66f47b3c8bef85c4c727021af	d__Bacteria;p__Firmicutes;c__Clostridia;o__Lachnospirales;f__Lachnospiraceae;g__Fusicatenibacter;s__	0.9991420059117081
f6e8c2305b14851f2fa619f2a36a1c01	d__Bacteria;p__Firmicutes;c__Clostridia;o__Lachnospirales;f__Lachnospiraceae;g__[Eubacterium]_eligens_group;s__	0.9290398715252761
dfd4e6fdcb68d79c49821009ae9c2ea7	d__Bacteria;p__Firmicutes;c__Clostridia;o__Oscillospirales;f__Oscillospiraceae;g__NK4A214_group;s__	0.9417976478445876
baae8ab1650ddf399d51e81669733034	d__Bacteria;p__Firmicutes;c__Clostridia;o__Lachnospirales;f__Lachnospiraceae;g__[Eubacterium]_eligens_group;s__	0.9939400077168864
3db05ab11ebdb83e923cac28c8ba9f29	d__Bacteria;p__Bacteroidota;c__Bacteroidia;o__Bacteroidales;f__Bacteroidaceae;g__Bacteroides;s__	0.9959968983274333
edfd513752335ba9abee11d102d080c1	d__Bacteria;p__Firmicutes;c__Clostridia;o__Lachnospirales;f__Lachnospiraceae;g__[Eubacterium]_hallii_group;s__	0.9953272038232396
8c9df87ea30429d5f991c14882828fb3	d__Bacteria;p__Bacteroidota;c__Bacteroidia;o__Bacteroidales;f__Bacteroidaceae;g__Bacteroides;s__	0.9995643081305682
551d087334b1726e60cb7747a2b2b382	d__Bacteria;p__Firmicutes;c__Clostridia;o__Lachnospirales;f__Lachnospiraceae;g__[Eubacterium]_hallii_group;s__	0.9934480230049123
72babdeb2002d1147d5d6d06f4963608	d__Bacteria;p__Firmicutes;c__Clostridia;o__Lachnospirales;f__Lachnospiraceae;g__Lachnospira;s__	0.9297881248503892
3c11019b0c9704d9fe260658f9a5e0ae	d__Bacteria;p__Firmicutes;c__Clostridia;o__Lachnospirales;f__Lachnospiraceae;g__Dorea;s__	0.9381013931654346
7a12585be1b00da8230a1508baf791e1	d__Bacteria;p__Firmicutes;c__Clostridia;o__Lachnospirales;f__Lachnospiraceae;g__[Eubacterium]_hallii_group;s__	0.9938352484489584
cb67b7d1b53cf1511363ce09f81bf867	d__Bacteria;p__Firmicutes;c__Clostridia;o__Lachnospirales;f__Lachnospiraceae;g__Coprococcus;s__	0.9273675461115453
0778691dba906554a2f055e5631768b0	d__Bacteria;p__Firmicutes;c__Clostridia;o__Oscillospirales;f__Ruminococcaceae;g__Negativibacillus;s__	0.9995256001332721
be421e175385938062335bf57dca52b2	d__Bacteria;p__Firmicutes;c__Clostridia;o__Lachnospirales;f__Lachnospiraceae;g__[Eubacterium]_hallii_group;s__	0.9829397320868696
647fb74c18a2deba6d2fab216c2a14d8	d__Bacteria;p__Bacteroidota;c__Bacteroidia;o__Bacteroidales;f__Bacteroidaceae;g__Bacteroides;s__	0.8514150501813076
2f9fbe380829ebd8ceef9c2a629f1621	d__Bacteria;p__Firmicutes;c__Clostridia;o__Lachnospirales;f__Lachnospiraceae	0.9973071185711792
1ebf1f5c6091bb4ebf68077d82141164	d__Bacteria;p__Bacteroidota;c__Bacteroidia;o__Bacteroidales;f__Bacteroidaceae;g__Bacteroides;s__	0.9999166839107456
0a8081e6e28513c6a54210e542489834	d__Bacteria;p__Bacteroidota;c__Bacteroidia;o__Bacteroidales;f__Bacteroidaceae;g__Bacteroides;s__	0.9600465598262687
acccb68ff7457405e09b7c36a8431883	d__Bacteria;p__Firmicutes;c__Clostridia;o__Lachnospirales;f__Lachnospiraceae;g__Blautia;s__	0.9084903532427873
5f7fdc83b772147708e603b6575dea33	d__Bacteria;p__Firmicutes;c__Clostridia;o__Lachnospirales;f__Lachnospiraceae	0.9996524724091927
e2bc588f5a001c2c0faa86c47222c958	d__Bacteria;p__Firmicutes;c__Clostridia;o__Oscillospirales;f__Ruminococcaceae;g__Faecalibacterium;s__	0.9996134428764616
d1c6ea48ddd3273abadc7cd87a14308d	d__Bacteria;p__Firmicutes;c__Clostridia;o__Lachnospirales;f__Lachnospiraceae;g__Agathobacter;s__	0.9712763911144072
9e5ba56ff27b2b6c7cb8d662ffe66e0e	d__Bacteria;p__Firmicutes;c__Clostridia;o__Lachnospirales;f__Lachnospiraceae;g__Eisenbergiella;s__	0.9988735889200163
5131f0654db23cbab51a1185f2ea67fe	d__Bacteria;p__Firmicutes;c__Clostridia;o__Oscillospirales;f__Ruminococcaceae;g__Faecalibacterium;s__	0.9994306400546884
88d36a462688152fb3f998ed4fe2995e	d__Bacteria;p__Firmicutes;c__Clostridia;o__Monoglobales;f__Monoglobaceae;g__Monoglobus;s__	0.9981287033116085
7533656982ff7f8c230f96a06d95b64b	d__Bacteria;p__Firmicutes;c__Clostridia;o__Lachnospirales;f__Lachnospiraceae;g__[Eubacterium]_hallii_group;s__	0.9953294901908221
ea51ec798eb5d1e968922d223c4e0ccc	d__Bacteria;p__Firmicutes;c__Clostridia;o__Oscillospirales;f__Ruminococcaceae;g__Faecalibacterium;s__	0.9994133881282606
2560b82ce82ae635089538aba7bfd171	d__Bacteria;p__Firmicutes;c__Clostridia;o__Lachnospirales;f__Lachnospiraceae;g__Coprococcus;s__	0.8871778661457658
13fb433ab8d307b5d9c2d17897e13e26	d__Bacteria;p__Firmicutes;c__Clostridia;o__Lachnospirales;f__Lachnospiraceae;g__Eisenbergiella;s__	0.9989151327158224
401939ef2be91c480daf06192c700d2c	d__Bacteria;p__Firmicutes;c__Clostridia;o__Lachnospirales;f__Lachnospiraceae;g__Dorea;s__	0.9486083013691958
e3190794cdde8848b4d3df076f75e87b	d__Bacteria;p__Firmicutes;c__Clostridia;o__Oscillospirales;f__Ruminococcaceae;g__Negativibacillus;s__	0.9998214204401907
7c2cf0891e2816fa0467905b9ec11126	d__Bacteria;p__Firmicutes;c__Clostridia;o__Lachnospirales;f__Lachnospiraceae;g__Blautia;s__	0.9567691939320069
df94362e716a953092f9c8f298f60754	d__Bacteria;p__Bacteroidota;c__Bacteroidia;o__Bacteroidales;f__Bacteroidaceae;g__Bacteroides;s__	0.9993853837579668
d383576f6d5b0c5ae7ea28a873156fcb	d__Bacteria;p__Firmicutes;c__Clostridia;o__Lachnospirales;f__Lachnospiraceae;g__Blautia;s__	0.9203170782960242
d450f91a9632b617c8d42904deec6e42	d__Bacteria;p__Firmicutes;c__Clostridia;o__Lachnospirales;f__Lachnospiraceae	0.9993179401212485
52a9c453af0b41a0d6bb90a0f3fcacbd	d__Bacteria;p__Firmicutes;c__Clostridia;o__Lachnospirales;f__Lachnospiraceae;g__Blautia;s__	0.9572572937451025
9bc0d6cd10b5234dfaf192920cc3a130	d__Bacteria;p__Firmicutes;c__Clostridia;o__Lachnospirales;f__Lachnospiraceae;g__Eisenbergiella;s__	0.9982154525874312
9a35ecfa66a8625a3f36e8436030f6ac	d__Bacteria;p__Bacteroidota;c__Bacteroidia;o__Bacteroidales;f__Bacteroidaceae;g__Bacteroides;s__	0.9050964300524073
5a3b298aeb416a4359110d33a9d9c0fa	d__Bacteria;p__Bacteroidota;c__Bacteroidia;o__Bacteroidales;f__Bacteroidaceae;g__Bacteroides;s__	0.9765781303346922
78f0922dd27fc473864806e2352ed120	d__Bacteria;p__Firmicutes;c__Clostridia;o__Lachnospirales;f__Lachnospiraceae;g__Coprococcus;s__	0.8986334060505364
0474f1dfb2e3f50fabc3f518eca71ce6	d__Bacteria;p__Bacteroidota;c__Bacteroidia;o__Bacteroidales;f__Bacteroidaceae;g__Bacteroides;s__	0.9996424558132125
0aca44f5f534c6fdab2a3c0ac2413dca	d__Bacteria;p__Firmicutes;c__Clostridia;o__Lachnospirales;f__Lachnospiraceae;g__Eisenbergiella;s__	0.9991194872500428
48747404bc2464faba999bcf2b4264b5	d__Bacteria;p__Firmicutes;c__Clostridia;o__Lachnospirales;f__Lachnospiraceae;g__Blautia;s__	0.8743555741293502
cb1c8f977592c576b4f773d50cb96e04	d__Bacteria;p__Firmicutes;c__Clostridia;o__Oscillospirales;f__Ruminococcaceae;g__Incertae_Sedis;s__	0.8755169541645922
e8c249c15f8e937764650882dff626a2	d__Bacteria;p__Firmicutes;c__Bacilli;o__Erysipelotrichales;f__Erysipelotrichaceae;g__Faecalitalea;s__	0.9999922146300493
83e8ffb85d6f1bccec908913b3a1891b	d__Bacteria;p__Firmicutes;c__Clostridia;o__Lachnospirales;f__Lachnospiraceae;g__Blautia;s__	0.9146522829684407
89eeedb3364e3e7309619e4960d53ca0	d__Bacteria;p__Firmicutes;c__Clostridia;o__Lachnospirales;f__Lachnospiraceae	0.9993485538377946
53bfbf909b8add46e09885132593af37	d__Bacteria;p__Firmicutes;c__Clostridia;o__Lachnospirales;f__Lachnospiraceae;g__Blautia;s__	0.9010616833263005
4c15f7c357d7f515a6ba6f2712ab365e	d__Bacteria;p__Firmicutes;c__Clostridia;o__Oscillospirales;f__Ruminococcaceae;g__Faecalibacterium;s__	0.9979535468944402
1e7e268ce1c907f961f9d1c7a4e1da22	d__Bacteria;p__Firmicutes;c__Clostridia;o__Oscillospirales;f__Ruminococcaceae;g__uncultured;s__	0.8479590380107195
e4a32bd66610efd8ea88aef6cf4c8172	d__Bacteria;p__Firmicutes;c__Clostridia;o__Monoglobales;f__Monoglobaceae;g__Monoglobus;s__	0.9989643709254852
f66c0407e1a3b577f33c2623a2c33d87	d__Bacteria;p__Firmicutes;c__Clostridia;o__Oscillospirales;f__Ruminococcaceae;g__Faecalibacterium;s__	0.9990349850137413
e38d38a0184db25f81e9aa04bfbb67c9	d__Bacteria;p__Firmicutes;c__Clostridia;o__Oscillospirales;f__Ruminococcaceae;g__Faecalibacterium;s__	0.9990478044806194
fe431bc5dc3420e1dcd6d288601ce3e5	d__Bacteria;p__Firmicutes;c__Clostridia;o__Lachnospirales;f__Lachnospiraceae;g__Dorea;s__	0.9562689044343077
43f9a458d166f55aa5d5eeded38ed1ed	d__Bacteria;p__Firmicutes;c__Clostridia;o__Oscillospirales;f__Ruminococcaceae;g__Faecalibacterium;s__	0.9993670220011017
9f3dc7abcebc2beab83cb807e99fca7c	d__Bacteria;p__Firmicutes;c__Clostridia;o__Lachnospirales;f__Lachnospiraceae	0.9998312731584476
b2741997837ab840d1a0ba869446e622	d__Bacteria;p__Firmicutes;c__Clostridia;o__Oscillospirales;f__Ruminococcaceae;g__Faecalibacterium;s__	0.9964611728873501
5739fca66e113e2e30ed14be250dbc98	d__Bacteria;p__Firmicutes;c__Clostridia;o__Lachnospirales;f__Lachnospiraceae;g__Blautia;s__	0.9179307309057713
ad453ddce337a731306c16600a5fed12	d__Bacteria;p__Firmicutes;c__Clostridia;o__Oscillospirales	0.7807145041067611
d22ac0f2ca7b6ec6efd8478670638b62	d__Bacteria;p__Firmicutes;c__Clostridia;o__Lachnospirales;f__Lachnospiraceae;g__Blautia;s__	0.8589085950501729
36999068d3e22e50e54118e3c9648b04	d__Bacteria;p__Firmicutes;c__Clostridia;o__Lachnospirales;f__Lachnospiraceae	0.9914892423645196
3bd235281280539089bcf0b7a2b0f33c	d__Bacteria;p__Firmicutes;c__Clostridia;o__Lachnospirales;f__Lachnospiraceae;g__Blautia;s__	0.8761319529489732
7f6b3783bac37207b2a0711f9d7baf71	d__Bacteria;p__Firmicutes;c__Clostridia;o__Lachnospirales;f__Lachnospiraceae	0.990043475715685
76f76ef1091bd437684e7d20e8ec8f4d	d__Bacteria;p__Bacteroidota;c__Bacteroidia;o__Bacteroidales;f__Prevotellaceae;g__Prevotellaceae_NK3B31_group;s__	0.9998871390070478
a686b94a0bf13b0505f7f523786c23b5	d__Bacteria;p__Firmicutes;c__Clostridia;o__Lachnospirales;f__Lachnospiraceae;g__Blautia;s__	0.8964795298349276
a2e79c1e14732154062ea0b69b13d73e	d__Bacteria;p__Firmicutes;c__Clostridia;o__Lachnospirales;f__Lachnospiraceae;g__Blautia;s__	0.9321379676828108
ef1b266898082d44011bf9a6d34bacd0	d__Bacteria;p__Firmicutes;c__Clostridia;o__Lachnospirales;f__Lachnospiraceae;g__Hungatella;s__	0.9983485719070535
a5ef762bb0741d57c3f1eb2732983606	d__Bacteria;p__Firmicutes;c__Clostridia;o__Lachnospirales;f__Lachnospiraceae;g__Blautia;s__	0.9081862854447958
2c15b7a7e0fd1f1e8ce3f773dc144ff9	d__Bacteria;p__Firmicutes;c__Clostridia;o__Lachnospirales;f__Lachnospiraceae	0.984553657666727
7439402fea77609d03da804dea402086	d__Bacteria;p__Firmicutes;c__Clostridia;o__Lachnospirales;f__Lachnospiraceae;g__Blautia;s__	0.9106101251756368
283a92e747fc24ad6183dcc99d73734d	d__Bacteria;p__Firmicutes;c__Clostridia;o__Lachnospirales;f__Lachnospiraceae	0.9982709113847426
b9af0d2db8163eeaed4ed9a9c3099535	d__Bacteria;p__Firmicutes;c__Clostridia;o__Oscillospirales;f__Ruminococcaceae;g__Incertae_Sedis;s__	0.8243713008657952
7e435d3f9f9c061ad40feeda41c1da2a	d__Bacteria;p__Firmicutes;c__Clostridia;o__Oscillospirales;f__Oscillospiraceae	0.8739325065405725
45cd212cd298d37657c6e0f58a1f38d5	d__Bacteria;p__Firmicutes;c__Clostridia;o__Oscillospirales;f__Butyricicoccaceae;g__Butyricicoccus;s__	0.999804180806129
a875fa76c15fa05c818368796d5ed93c	d__Bacteria;p__Firmicutes;c__Clostridia;o__Lachnospirales;f__Lachnospiraceae;g__Blautia;s__	0.8592666043822337
b9b856ca3a382fee4c9e00386d81021a	d__Bacteria;p__Firmicutes;c__Bacilli;o__Lactobacillales;f__Streptococcaceae;g__Streptococcus;s__	0.9999875078599941
2c490aed7dd7619d2484d26b6e4e61ba	d__Bacteria;p__Firmicutes;c__Clostridia;o__Lachnospirales;f__Lachnospiraceae	0.9997780083896817
59341e66a8fbfd1972975100e9bc0dec	d__Bacteria;p__Firmicutes;c__Clostridia;o__Lachnospirales;f__Lachnospiraceae;g__Blautia;s__	0.9227575146098599
e36e351af7664745f8c8e59e3683a5cc	d__Bacteria;p__Firmicutes;c__Clostridia;o__Lachnospirales;f__Lachnospiraceae;g__Lachnoclostridium;s__	0.7752213861185457
46e5d0fb3836744c5c448063e3cef474	d__Bacteria;p__Firmicutes;c__Bacilli;o__Lactobacillales;f__Streptococcaceae;g__Streptococcus;s__	0.9718315460218555
3a9f4d58fd9e1d84da10319e15af9b7c	d__Bacteria;p__Firmicutes;c__Clostridia;o__Lachnospirales;f__Lachnospiraceae;g__Hungatella;s__	0.9928291528501313
b52cb3d627ef7d7dfeb398ae9c565d40	d__Bacteria;p__Firmicutes;c__Clostridia;o__Lachnospirales;f__Lachnospiraceae	0.9998891959983337
df9989dad36af5074cbf38e8cf2ec10e	d__Bacteria;p__Firmicutes;c__Clostridia;o__Lachnospirales;f__Lachnospiraceae	0.9998087696133461
146ab1c176bc4aa9eef47626d3d3d825	d__Bacteria;p__Firmicutes;c__Clostridia;o__Lachnospirales;f__Lachnospiraceae	0.9891398006740435
a18ee59bd5390c9fabeb906bd33d4f7a	d__Bacteria;p__Actinobacteriota;c__Actinobacteria;o__Bifidobacteriales;f__Bifidobacteriaceae;g__Bifidobacterium;s__	0.9994343264399865
66dc9146e356f3529a0f0c8bf44f4f42	d__Bacteria;p__Firmicutes;c__Clostridia;o__Lachnospirales;f__Lachnospiraceae;g__Hungatella;s__	0.9971391285444102
dffa289838a537f41791db6586d42d4d	d__Bacteria;p__Firmicutes;c__Clostridia;o__Lachnospirales;f__Lachnospiraceae;g__Marvinbryantia;s__	0.9128489177016537
68d53b8ae1864d6c6ae8c38c0448a41e	d__Bacteria;p__Firmicutes;c__Clostridia;o__Lachnospirales;f__Lachnospiraceae	0.997582223025445
af1beb2141c5df92f8e1ac3a2b648aa7	d__Bacteria;p__Firmicutes;c__Clostridia;o__Clostridiales;f__Clostridiaceae;g__Clostridium_sensu_stricto_1;s__	0.9455956848817463
d73fe87ca8a632ec3be2c1b819809743	d__Bacteria;p__Firmicutes;c__Bacilli;o__Lactobacillales;f__Streptococcaceae;g__Streptococcus;s__	0.9998978106847479
b12c671f0192f9362f74bce73a02cc05	d__Bacteria;p__Firmicutes;c__Clostridia;o__Lachnospirales;f__Lachnospiraceae;g__Blautia;s__	0.95579138178109
160673cfb30efae53e92a432cc0d9bcb	d__Bacteria;p__Firmicutes;c__Clostridia;o__Lachnospirales;f__Lachnospiraceae;g__Blautia;s__	0.9042231884845536
d1992556a4aec413a329a5944c64e20f	d__Bacteria;p__Firmicutes;c__Clostridia;o__Lachnospirales;f__Lachnospiraceae;g__Hungatella;s__	0.9857440526731264
46627f275fcee88a6192223207025211	d__Bacteria;p__Firmicutes;c__Clostridia	0.9632345471339232
0a5586d6092c418b4a358dc2aa472af2	d__Bacteria;p__Firmicutes;c__Clostridia;o__Oscillospirales;f__Ruminococcaceae;g__Faecalibacterium;s__	0.9984729206844437
bf0d813592e9fc1a0f420bf9c9bd3a08	d__Bacteria;p__Firmicutes;c__Clostridia;o__Lachnospirales;f__Lachnospiraceae	0.9995085254970919
161489affa75a7e28e5796c980eff74d	d__Bacteria;p__Firmicutes;c__Clostridia;o__Lachnospirales;f__Lachnospiraceae	0.9987485610831991
96e97364554a9ab4420cd4ef14dd30e5	d__Bacteria;p__Firmicutes;c__Clostridia;o__Lachnospirales;f__Lachnospiraceae	0.9973171120871146
098dccbe2640057d21118ddde10e3df1	d__Bacteria;p__Firmicutes;c__Clostridia;o__Lachnospirales;f__Lachnospiraceae;g__Blautia;s__	0.9475990863183643
d50b013edb73286e4a7157ec5d768220	d__Bacteria;p__Firmicutes;c__Clostridia;o__Lachnospirales;f__Lachnospiraceae	0.9992237218043737
1776e8fe9268d14982fc51efe01dfbd2	d__Bacteria;p__Synergistota;c__Synergistia;o__Synergistales;f__Synergistaceae;g__Pyramidobacter;s__	0.9999941383404249
89b89286435b093fc0bfeb097208d170	d__Bacteria;p__Firmicutes;c__Clostridia;o__Oscillospirales;f__Ruminococcaceae;g__uncultured;s__	0.7753663538759789
ac018fc2f4cc80b4cd3a4820883e66ea	d__Bacteria;p__Firmicutes;c__Clostridia;o__Lachnospirales;f__Lachnospiraceae;g__Blautia;s__	0.8939840232282207
694395a5038c6892eaa705e7e74b3d89	d__Bacteria;p__Actinobacteriota;c__Actinobacteria;o__Bifidobacteriales;f__Bifidobacteriaceae;g__Bifidobacterium;s__	0.9996221763345685
86d5f6b256240355833eb5a7d6522deb	d__Bacteria;p__Firmicutes;c__Clostridia;o__Lachnospirales;f__Lachnospiraceae	0.9991902365867207
f5c51e74bc2b499fa64bce93c5c53043	d__Bacteria;p__Firmicutes;c__Clostridia;o__Lachnospirales;f__Lachnospiraceae;g__Marvinbryantia;s__	0.8745889388234063
6589344d73c5b0ab931aa3082d127954	d__Bacteria;p__Actinobacteriota;c__Coriobacteriia;o__Coriobacteriales;f__Eggerthellaceae;g__Eggerthella;s__	0.9631822234338815
8be5b35353daffd1e8be4811209f62c1	d__Bacteria;p__Actinobacteriota;c__Actinobacteria;o__Bifidobacteriales;f__Bifidobacteriaceae;g__Bifidobacterium;s__	0.9992886638872652
5c497fc4c99b1719a122737a85e0e96d	d__Bacteria;p__Firmicutes;c__Bacilli;o__Lactobacillales;f__Streptococcaceae;g__Streptococcus;s__	0.9999326297601699
05601f641971044993ac62e1c490d28a	d__Bacteria;p__Firmicutes;c__Clostridia;o__Lachnospirales;f__Lachnospiraceae	0.9923285846684975
2e537ec1b7a01e8aa7ca4592a572ba9e	d__Bacteria;p__Firmicutes;c__Clostridia;o__Lachnospirales;f__Lachnospiraceae;g__Blautia;s__	0.9099904733062183
f2d9de6e8f5efe8f427fd0e3c1de8e7a	d__Bacteria;p__Firmicutes;c__Bacilli;o__Lactobacillales;f__Streptococcaceae;g__Streptococcus;s__	0.9753487838035834
3c81ac193d7abb823c33ef781841a4e6	d__Bacteria;p__Firmicutes;c__Clostridia;o__Lachnospirales;f__Lachnospiraceae	0.9999479878964476
90018b502363f429c26457177f4a9141	d__Bacteria;p__Firmicutes;c__Clostridia;o__Eubacteriales;f__Anaerofustaceae;g__Anaerofustis;s__	0.9664267727188168
2495f2ec2359ba5009fd499ce5e2ebae	d__Bacteria;p__Firmicutes;c__Clostridia;o__Lachnospirales;f__Lachnospiraceae;g__Blautia;s__	0.9227774871197059
acf4bb4f73dfb33afa91b391fda1e737	d__Bacteria;p__Firmicutes;c__Clostridia;o__Oscillospirales	0.7115205085551154
7182265266c1f0859d14194f273e9ffd	d__Bacteria;p__Firmicutes;c__Clostridia;o__Peptostreptococcales-Tissierellales;f__Peptostreptococcaceae;g__Intestinibacter;s__	0.9904121410236699
9c46b9516c2b5fcc208b39828ae426a3	d__Bacteria;p__Firmicutes;c__Clostridia;o__Lachnospirales;f__Lachnospiraceae;g__Blautia;s__	0.9503283944129601
38e41f195ebcb4978e622ec243188395	d__Bacteria;p__Actinobacteriota;c__Coriobacteriia;o__Coriobacteriales;f__Eggerthellaceae;g__Gordonibacter;s__	0.9980353235174271
0314b907dba63edbb33eb45535a6250d	d__Bacteria;p__Firmicutes;c__Clostridia;o__Peptostreptococcales-Tissierellales;f__Peptostreptococcaceae;g__Romboutsia;s__	0.9243912241630184
5e6c2faa86205bf22bc504397db27873	d__Bacteria;p__Firmicutes;c__Bacilli;o__Erysipelotrichales;f__Erysipelotrichaceae	0.9995519312340772
545ad45a71945d6f34b2974cc22507ee	d__Bacteria;p__Firmicutes;c__Clostridia;o__Oscillospirales;f__[Clostridium]_methylpentosum_group;g__[Clostridium]_methylpentosum_group;s__	0.9371012455506479
ddf2616f306cc3f051cef2fc31b9681a	d__Bacteria;p__Firmicutes;c__Clostridia;o__Lachnospirales;f__Lachnospiraceae	0.9995263877622567
e13355b4b713a135d34ad44968baf2fc	d__Bacteria;p__Bacteroidota;c__Bacteroidia;o__Bacteroidales;f__Prevotellaceae;g__Prevotella_9;s__	0.9999766494437455
46f771ef21e0ce9bddbefac64466bd04	d__Bacteria;p__Firmicutes;c__Clostridia;o__Oscillospirales;f__Ruminococcaceae;g__Anaerotruncus;s__	0.999098571432822
e9a34fb770c63c937a124cb205d02f92	d__Bacteria;p__Firmicutes;c__Bacilli;o__Lactobacillales;f__Streptococcaceae;g__Lactococcus;s__	0.9999998002070982
7953fcf1d79a0822d02c4b2b469df17e	d__Bacteria;p__Proteobacteria;c__Gammaproteobacteria;o__Enterobacterales;f__Pasteurellaceae;g__Haemophilus;s__	0.936200509129576
9f27394bd3d7511c384b91d4da5312fc	d__Bacteria;p__Bacteroidota;c__Bacteroidia;o__Bacteroidales;f__Prevotellaceae;g__Prevotellaceae_NK3B31_group;s__	0.9998310091422744
d90748c0e085fb8eb002d309477d2f60	d__Bacteria;p__Firmicutes;c__Bacilli;o__Erysipelotrichales;f__Erysipelotrichaceae;g__[Clostridium]_innocuum_group;s__	0.9990258372682255
a764d8ba4669e0d0124e540433f19816	d__Bacteria;p__Firmicutes;c__Clostridia;o__Lachnospirales;f__Lachnospiraceae	0.9998212696715018
31423305312245a2f5f3ee5d3462c561	d__Bacteria;p__Firmicutes;c__Clostridia;o__Lachnospirales;f__Lachnospiraceae;g__UC5-1-2E3;s__	0.9878245339409812
33ae2e92d035737d4775831d11d74daa	d__Bacteria;p__Firmicutes;c__Bacilli;o__Erysipelotrichales;f__Erysipelotrichaceae;g__Merdibacter;s__	0.9999999808445923
5bc4bbb7fd32b2154cf0c67f04436a45	d__Bacteria;p__Firmicutes;c__Negativicutes;o__Veillonellales-Selenomonadales;f__Selenomonadaceae;g__Mitsuokella;s__	0.9987136838897869
e31b8c61095157abe1f96680294b32b4	d__Bacteria;p__Firmicutes;c__Negativicutes;o__Veillonellales-Selenomonadales;f__Selenomonadaceae;g__Mitsuokella;s__	0.9995252181164366
88d8d357fc585f589e4826f57156834f	d__Bacteria;p__Firmicutes;c__Negativicutes;o__Veillonellales-Selenomonadales;f__Selenomonadaceae;g__Mitsuokella;s__	0.9996921620414497
60084956b4a7c47f617bc7e4de2a071d	d__Bacteria;p__Firmicutes;c__Negativicutes;o__Acidaminococcales;f__Acidaminococcaceae;g__Acidaminococcus;s__	0.9994869970714821
98b43b55d3c42a9c863f2a2e28f12232	d__Bacteria;p__Firmicutes;c__Clostridia;o__Lachnospirales;f__Lachnospiraceae;g__Fusicatenibacter;s__	0.9975520637412637
59ca4f3b20d28c2b8aed4350e3507aee	d__Bacteria;p__Firmicutes;c__Clostridia;o__Monoglobales;f__Monoglobaceae;g__Monoglobus;s__	0.9968487113093354
bbad773aa9f4d5b4bcfed086948fce05	d__Bacteria;p__Desulfobacterota;c__Desulfovibrionia;o__Desulfovibrionales;f__Desulfovibrionaceae;g__Bilophila;s__	0.9999917750184899
2f15fea2bf3980e243a0a7f806109f6d	d__Bacteria;p__Firmicutes;c__Clostridia;o__Lachnospirales;f__Lachnospiraceae	0.9996069443372267
b0c9da88f6067d0f0cf1aa3255ec563d	d__Bacteria;p__Firmicutes;c__Clostridia;o__Lachnospirales;f__Lachnospiraceae;g__Lachnoclostridium;s__	0.7550235015115411
124c7bb02a752d8db747fa845d0a44e9	d__Bacteria;p__Firmicutes;c__Clostridia;o__Lachnospirales;f__Lachnospiraceae	0.9997132846189752
3a85f24f18a5a957cfb0904dcccc3386	d__Bacteria;p__Firmicutes;c__Clostridia;o__Lachnospirales;f__Lachnospiraceae	0.9993397246290738
ad850f43871bad1a8e11084e15891b75	d__Bacteria;p__Firmicutes;c__Clostridia;o__Lachnospirales;f__Lachnospiraceae	0.9968773754439122
817ae2f0e2e1341d7bdc5c41bfd362b6	d__Bacteria;p__Firmicutes;c__Clostridia;o__Lachnospirales;f__Lachnospiraceae;g__Fusicatenibacter;s__	0.9989673344946431
c555a4de631a6af75f59dace757a8681	d__Bacteria;p__Firmicutes;c__Negativicutes;o__Veillonellales-Selenomonadales;f__Veillonellaceae;g__Veillonella;s__	0.9999985978016096
13ec6af895542988400bb4bf9bbf0ceb	d__Bacteria;p__Bacteroidota;c__Bacteroidia;o__Bacteroidales;f__Bacteroidaceae;g__Bacteroides;s__	0.9997464410798008
778e8c647a8d18129adbf2a7cdebd35c	d__Bacteria;p__Firmicutes;c__Clostridia;o__Lachnospirales;f__Lachnospiraceae	0.9992831595681217
da61a9e14f564d5e33c1b68a6b218f76	d__Bacteria;p__Firmicutes;c__Clostridia;o__Lachnospirales;f__Lachnospiraceae	0.995199566075594
fbc47876f6313dff54aa0cdb01bf84b2	d__Bacteria;p__Firmicutes;c__Clostridia;o__Lachnospirales;f__Lachnospiraceae;g__Lachnoclostridium;s__	0.8063054431057154
2f1d52652fb76e20002fc7b7532bdcb1	d__Bacteria;p__Firmicutes;c__Negativicutes;o__Veillonellales-Selenomonadales;f__Veillonellaceae;g__Veillonella;s__	0.9999997529467372
f308f75ea28d6539c6180dbaf3197839	d__Bacteria;p__Firmicutes;c__Clostridia;o__Lachnospirales;f__Lachnospiraceae	0.9933622374392812
f15985a58e349054830e03c268399433	d__Bacteria;p__Firmicutes;c__Clostridia	0.8225276960126671
7ad83ad6ddf233bbae36ffbd1c799472	d__Bacteria;p__Firmicutes;c__Clostridia;o__Lachnospirales;f__Lachnospiraceae	0.9998279049039724
906d53d1277ecf6558fddb46ea8f8381	d__Bacteria;p__Firmicutes;c__Clostridia;o__Lachnospirales;f__Lachnospiraceae	0.9944107205927282
d625ab41d4e776612d15af60bb67ef06	d__Bacteria;p__Firmicutes;c__Clostridia;o__Lachnospirales;f__Lachnospiraceae	0.9993243629832869
3e5ce4c8c46685afc1ac53d805b20df1	d__Bacteria;p__Firmicutes;c__Bacilli;o__Lactobacillales;f__Streptococcaceae;g__Streptococcus;s__	0.999611001899346
e79f864240bb3755d5e40f7feea049f0	d__Bacteria;p__Firmicutes;c__Clostridia;o__Peptostreptococcales-Tissierellales;f__Peptostreptococcaceae;g__Romboutsia;s__	0.7008058666568583
2b0783c643a4f48e0ea6c945d37b86ac	d__Bacteria;p__Firmicutes;c__Negativicutes;o__Acidaminococcales;f__Acidaminococcaceae;g__Acidaminococcus;s__	0.9996578223698814
6ce0d7b7a4f1e5a526fe99e1a9daa2be	d__Bacteria;p__Proteobacteria;c__Gammaproteobacteria;o__Enterobacterales;f__Enterobacteriaceae	0.9331268459053794
efbe10c2ffa6d9cf0f6ac54e80661413	d__Bacteria;p__Firmicutes;c__Clostridia;o__Lachnospirales;f__Lachnospiraceae;g__Blautia;s__	0.8429062907965226
097558d41540ec3ef8855be567ecfbb8	d__Bacteria;p__Firmicutes;c__Clostridia;o__Lachnospirales;f__Lachnospiraceae	0.9995638223777504
81602fc6fd5da911c536c04370eedbc6	d__Bacteria;p__Firmicutes;c__Bacilli;o__Lactobacillales;f__Lactobacillaceae;g__Ligilactobacillus;s__	0.9999877886406188
e90cf635eec249622975b4fac5eeb34e	d__Bacteria;p__Firmicutes;c__Bacilli;o__Lactobacillales;f__Lactobacillaceae;g__Ligilactobacillus;s__	0.9999652893337182
ad1a58edee26453fc95a86edce429eb6	d__Bacteria;p__Firmicutes;c__Clostridia;o__Lachnospirales;f__Lachnospiraceae;g__[Ruminococcus]_gnavus_group;s__	0.9894192033240016
e9f17b002e14b9eaf9f6bcbeedc6c972	d__Bacteria;p__Actinobacteriota;c__Actinobacteria;o__Bifidobacteriales;f__Bifidobacteriaceae;g__Bifidobacterium;s__	0.9995659577295476
a80fcd189f4221dabd808d194b77d46e	d__Bacteria;p__Proteobacteria;c__Gammaproteobacteria;o__Enterobacterales;f__Enterobacteriaceae;g__Escherichia-Shigella;s__	0.7181971729168581
66efb1fc5321124eecf465820774523e	d__Bacteria;p__Actinobacteriota;c__Actinobacteria;o__Actinomycetales;f__Actinomycetaceae;g__Actinomyces;s__	0.7418944737971798
cf01eb40adb70fb369f65c2bfbe4f61f	d__Bacteria;p__Firmicutes;c__Clostridia;o__Peptostreptococcales-Tissierellales;f__Peptostreptococcaceae;g__Romboutsia;s__	0.8698085921215556
acb316df1ec3936ffbb7d0caa7327110	d__Bacteria;p__Firmicutes;c__Bacilli;o__Lactobacillales;f__Lactobacillaceae;g__Ligilactobacillus;s__	0.9999727459628334
13dccecc0b3957e51df35ee835c5a9d1	d__Bacteria;p__Firmicutes;c__Clostridia;o__Lachnospirales;f__Lachnospiraceae;g__[Ruminococcus]_gnavus_group;s__	0.9940451990469324
192dbfd5084aa7894dbe735f4bbd5195	d__Bacteria;p__Firmicutes;c__Bacilli;o__Lactobacillales;f__Streptococcaceae;g__Streptococcus;s__	0.999884293420481
e186bef9688c9da2e7e2a674f8ec1ec5	d__Bacteria;p__Firmicutes;c__Bacilli;o__Lactobacillales;f__Lactobacillaceae;g__Ligilactobacillus;s__	0.9999784855091056
2de12ad82c79b832798b8214d66321f4	d__Bacteria;p__Actinobacteriota;c__Actinobacteria;o__Actinomycetales;f__Actinomycetaceae;g__Actinomyces;s__	0.9806618845379009
2999a052b0b597ee1511e4a4b9144c43	d__Bacteria;p__Firmicutes;c__Clostridia;o__Peptostreptococcales-Tissierellales;f__Peptostreptococcaceae;g__Intestinibacter;s__	0.990367142036208
f53ec68eef20a6b171899d2bf2c49c58	d__Bacteria;p__Actinobacteriota;c__Actinobacteria;o__Bifidobacteriales;f__Bifidobacteriaceae;g__Alloscardovia;s__	0.9999996336224332
50f38003319647fcf2c7687922bf7b0b	d__Bacteria;p__Firmicutes;c__Bacilli;o__Lactobacillales;f__Lactobacillaceae;g__Limosilactobacillus;s__	0.9928195447721617
03f949fd1336d6623fc93235f4029f6e	d__Bacteria;p__Firmicutes;c__Bacilli;o__Lactobacillales;f__Streptococcaceae;g__Streptococcus;s__	0.999875588816748
3f3b7bd50885fa59fce24c93536f8370	d__Bacteria;p__Bacteroidota;c__Bacteroidia;o__Bacteroidales;f__Bacteroidaceae;g__Bacteroides;s__	0.8563598657465074
dffe7ab7190546211eaa533148cdaf75	d__Bacteria;p__Bacteroidota;c__Bacteroidia;o__Bacteroidales;f__Muribaculaceae;g__Muribaculaceae;s__	0.9606397752385619
b52b957a79a994f02ac284f647104c8d	d__Bacteria;p__Bacteroidota;c__Bacteroidia;o__Bacteroidales;f__Bacteroidaceae;g__Bacteroides;s__	0.9918904031163839
91c1cb528f8f389ac2246a374be3eb67	d__Bacteria;p__Firmicutes;c__Clostridia;o__Oscillospirales;f__Ruminococcaceae;g__Ruminococcus;s__	0.9527231863275638
1e5a6f4bf00682966508a12b3a9665c0	d__Bacteria;p__Firmicutes;c__Bacilli;o__Erysipelotrichales;f__Erysipelatoclostridiaceae;g__Erysipelotrichaceae_UCG-003;s__	0.9999998029343028
fc175995fb30d26e2b3d6eaa10cc7b5b	d__Bacteria;p__Bacteroidota;c__Bacteroidia;o__Bacteroidales;f__Bacteroidaceae;g__Bacteroides;s__	0.8337276612062576
8c4814f610bdf3026288fb4f9e52aadb	d__Bacteria;p__Bacteroidota;c__Bacteroidia;o__Bacteroidales;f__Bacteroidaceae;g__Bacteroides;s__	0.8913404922376774
a127006be358a71529a8d6a4a2d8028d	d__Bacteria;p__Bacteroidota;c__Bacteroidia;o__Bacteroidales;f__Muribaculaceae;g__Muribaculaceae;s__	0.9717192473774512
7320cbcd6644feecd63c460d146829d0	d__Bacteria;p__Bacteroidota;c__Bacteroidia;o__Bacteroidales;f__Bacteroidaceae;g__Bacteroides;s__	0.7818200300715281
252048409c4be839cd6dcfa176e22a5d	d__Bacteria;p__Bacteroidota;c__Bacteroidia;o__Bacteroidales;f__Bacteroidaceae;g__Bacteroides;s__	0.9308327961634763
312a6617ed287faebdf2ecac6cf1c49c	d__Bacteria;p__Firmicutes;c__Clostridia;o__Lachnospirales;f__Lachnospiraceae;g__[Eubacterium]_ruminantium_group;s__	0.96814343487025
ab2e885791195ab57da9fb4ae10ee609	d__Bacteria;p__Firmicutes;c__Clostridia;o__Lachnospirales;f__Lachnospiraceae;g__Agathobacter;s__	0.9705321903155498
23a0abf85ad8adeaaf9cb5696a11ab4a	d__Bacteria;p__Firmicutes;c__Clostridia;o__Oscillospirales;f__Ruminococcaceae;g__Faecalibacterium;s__	0.9994694647603847
7c731ab35e3dd4c3c2cae3d8ffd8d285	d__Bacteria;p__Firmicutes;c__Clostridia;o__Oscillospirales;f__Ruminococcaceae	0.8789759874421192
a73f1e6b7a609ef8b753f20a89784195	d__Bacteria;p__Actinobacteriota;c__Coriobacteriia;o__Coriobacteriales;f__Coriobacteriaceae;g__Collinsella;s__	0.9997785274412454
deed12858e7586717f534c83ea4e88b9	d__Bacteria;p__Firmicutes;c__Clostridia;o__Oscillospirales;f__Ruminococcaceae;g__Subdoligranulum;s__	0.9813804136626241
e9f687cb7d0e6c4f61a8adfa5ad35f0d	d__Bacteria;p__Firmicutes;c__Clostridia;o__Oscillospirales;f__Ruminococcaceae;g__Subdoligranulum;s__	0.9842155039807952
551c5053fe6f793304f1d0f8c784251d	d__Bacteria;p__Firmicutes;c__Clostridia;o__Oscillospirales;f__Oscillospiraceae;g__UCG-002;s__	0.9490970158690938
2e2b288ab3e6968619aeca05326ed707	d__Bacteria;p__Firmicutes;c__Clostridia;o__Lachnospirales;f__Lachnospiraceae;g__Lachnospira;s__	0.8965900032569794
d71b09bfae595e7dd3276c320fcda44d	d__Bacteria;p__Firmicutes;c__Clostridia;o__Oscillospirales;f__Oscillospiraceae;g__UCG-002;s__	0.9814957885653982
1788b16f70dc9410bb940571cfb00534	d__Bacteria;p__Firmicutes;c__Clostridia;o__Oscillospirales;f__[Eubacterium]_coprostanoligenes_group;g__[Eubacterium]_coprostanoligenes_group;s__	0.7338452217462109
17a8673b8c0742a78e7a82767719795e	d__Bacteria;p__Actinobacteriota;c__Actinobacteria;o__Bifidobacteriales;f__Bifidobacteriaceae;g__Bifidobacterium;s__	0.9997275946656689
cd613bf625a2da4bf8c4a49494aa13b9	d__Bacteria;p__Firmicutes;c__Clostridia;o__Oscillospirales;f__Ruminococcaceae;g__Subdoligranulum;s__	0.9960061609889533
85938d7ed5d9a88a929b13cfad8de1b4	d__Bacteria;p__Bacteroidota;c__Bacteroidia;o__Bacteroidales;f__Bacteroidaceae;g__Bacteroides;s__	0.9994388411017798
e9a93c8ecb979ca0bd479e338c8dc528	d__Bacteria;p__Bacteroidota;c__Bacteroidia;o__Bacteroidales;f__Rikenellaceae;g__Alistipes;s__	0.9986193971582762
f2c0ac23213bfa424c246b05229dcf7f	d__Bacteria;p__Firmicutes;c__Clostridia;o__Oscillospirales;f__Ruminococcaceae;g__Faecalibacterium;s__	0.999206480070003
bb04a0c1f0b7d0c8c25beae4cfd87418	d__Bacteria;p__Firmicutes;c__Clostridia;o__Oscillospirales;f__Oscillospiraceae;g__NK4A214_group;s__	0.9034419924363309
7306ecd18436f88450a26644b2a66935	d__Bacteria;p__Firmicutes;c__Clostridia;o__Oscillospirales;f__Ruminococcaceae;g__Faecalibacterium;s__	0.9997730606561096
3e5229140b4ca0b092f78338dd8899f6	d__Bacteria;p__Firmicutes;c__Clostridia;o__Oscillospirales;f__Ruminococcaceae;g__Subdoligranulum;s__	0.9926147754832484
cfaf6df461c7c40e35c6caf2a740c016	d__Bacteria;p__Firmicutes;c__Clostridia;o__Oscillospirales;f__Ruminococcaceae;g__Subdoligranulum;s__	0.9974191444425726
a19f6926829dcb6cff7db4bf960fea7c	d__Bacteria;p__Firmicutes;c__Clostridia;o__Oscillospirales;f__Ruminococcaceae;g__Faecalibacterium;s__	0.9994108829549498
b302375f51dfbb82cb49429a65f19f13	d__Bacteria;p__Firmicutes;c__Clostridia;o__Oscillospirales;f__Oscillospiraceae;g__NK4A214_group;s__	0.9414058030988254
fdc65f23a5bdc660b6832bc578306a9f	d__Bacteria;p__Firmicutes;c__Clostridia;o__Oscillospirales;f__Ruminococcaceae	0.9197099914840676
0ac296f5057b858660ef7a0518d54f8a	d__Bacteria;p__Actinobacteriota;c__Actinobacteria;o__Bifidobacteriales;f__Bifidobacteriaceae;g__Bifidobacterium;s__	0.999993972327848
fc2b4e5e9c5fcc06f2ccbc9b88d86738	d__Bacteria;p__Firmicutes;c__Clostridia;o__Christensenellales;f__Christensenellaceae;g__Christensenellaceae_R-7_group;s__	0.7525258789447733
34fe9b5c8f8d7961f463a67bc391870e	d__Bacteria;p__Firmicutes;c__Clostridia;o__Lachnospirales;f__Lachnospiraceae;g__Fusicatenibacter;s__	0.9986964779084846
77dfc54105587aa6b4d5640e7b4b158a	d__Bacteria;p__Firmicutes;c__Clostridia;o__Oscillospirales;f__Ruminococcaceae;g__Faecalibacterium;s__	0.9991432018639823
47a774394a44ae14a0adad7667ee844e	d__Bacteria;p__Firmicutes;c__Clostridia;o__Lachnospirales;f__Lachnospiraceae;g__Lachnospira;s__	0.8874121787527669
3a744fb788786ea928097568cfd8f37f	d__Bacteria;p__Firmicutes;c__Clostridia;o__Lachnospirales;f__Lachnospiraceae;g__Fusicatenibacter;s__	0.9985121797451477
e716edeb36e44d4c2193544d718bfd7f	d__Bacteria;p__Firmicutes;c__Clostridia;o__Lachnospirales;f__Lachnospiraceae;g__CAG-56;s__	0.9912678641529756
e0fb6c05b1d6192f18ef0ca463181545	d__Bacteria;p__Firmicutes;c__Clostridia;o__Lachnospirales;f__Lachnospiraceae;g__[Ruminococcus]_torques_group;s__	0.8895576743419136
ca3652b6704c1526f30fb5b3e33a9ab8	d__Bacteria;p__Firmicutes;c__Clostridia;o__Oscillospirales;f__Oscillospiraceae;g__UCG-002;s__	0.9929802526044729
9714699428b327e90a0c1fc6b51d8c6f	d__Bacteria;p__Bacteroidota;c__Bacteroidia;o__Bacteroidales;f__Rikenellaceae;g__Alistipes;s__	0.9938207036685581
5539c32b251a40ef181e2d792cf32bbc	d__Bacteria;p__Firmicutes;c__Negativicutes;o__Acidaminococcales;f__Acidaminococcaceae;g__Phascolarctobacterium;s__	0.9997609383289383
3286b2bdc1417462e0b1e96060620327	d__Bacteria;p__Firmicutes;c__Clostridia;o__Lachnospirales;f__Lachnospiraceae;g__[Ruminococcus]_torques_group;s__	0.8582399049218667
202f11810e3067e76fcd5ccd9ae317f1	d__Bacteria;p__Firmicutes;c__Clostridia;o__Oscillospirales;f__Ruminococcaceae;g__Subdoligranulum;s__	0.9965491016181474
7e26347f89fcc9ecdcf8872c5de4d7d8	d__Bacteria;p__Firmicutes;c__Clostridia;o__Oscillospirales;f__Oscillospiraceae;g__UCG-003;s__	0.9855798190008809
2ceaa348ebc525be7992158e3eb93ee4	d__Bacteria;p__Firmicutes;c__Clostridia;o__Oscillospirales;f__Ruminococcaceae;g__Faecalibacterium;s__	0.999254465802219
9f3d9e9fb9cdc8aa3a5de80b4ab51daf	d__Bacteria;p__Bacteroidota;c__Bacteroidia;o__Bacteroidales;f__Marinifilaceae;g__Odoribacter;s__	0.9999923338817748
112ae37d887c9d627c8da8ca1407d20f	d__Bacteria;p__Firmicutes;c__Clostridia;o__Oscillospirales;f__Ruminococcaceae;g__Subdoligranulum;s__	0.9729960697256187
a6992d9ac49ceda43e36a34cc6f5a702	d__Bacteria;p__Firmicutes;c__Clostridia;o__Lachnospirales;f__Lachnospiraceae;g__Lachnospiraceae_UCG-001;s__	0.7728957769552565
fe0b5c3529a2a50aa0899fae6d4815d4	d__Bacteria;p__Bacteroidota;c__Bacteroidia;o__Bacteroidales;f__Bacteroidaceae;g__Bacteroides;s__	0.9976098313189492
0afbef634b915aa630d7be825aa05d93	d__Bacteria;p__Firmicutes;c__Clostridia;o__Oscillospirales;f__Oscillospiraceae;g__UCG-002;s__	0.9824902243058738
27dbb7f56c87f0d29f6ee25922700d77	d__Bacteria;p__Firmicutes;c__Clostridia;o__Oscillospirales;f__Ruminococcaceae;g__Faecalibacterium;s__	0.9996948627025146
1457e4c084e475f37f5440e202e73e84	d__Bacteria;p__Firmicutes;c__Clostridia;o__Oscillospirales;f__Ruminococcaceae	0.8555791060739228
5086e24e6ffff415450d146a93ed0f0a	d__Bacteria;p__Firmicutes;c__Clostridia;o__Lachnospirales;f__Lachnospiraceae;g__CAG-56;s__	0.9986129615631937
af9fd0c320e07863faae7fbbf0e0e44f	d__Bacteria;p__Firmicutes;c__Clostridia;o__Christensenellales;f__Christensenellaceae;g__Christensenellaceae_R-7_group;s__	0.9583740248612639
4d54bd2b7dea67733ef3898f8d8d0e23	d__Bacteria;p__Firmicutes;c__Clostridia;o__Lachnospirales;f__Lachnospiraceae;g__Fusicatenibacter;s__	0.9996904022974497
134f408f7b0acdb193a1c973772ce61b	d__Bacteria;p__Firmicutes;c__Clostridia;o__Lachnospirales;f__Lachnospiraceae;g__Dorea;s__	0.9302877276308957
3a61170bf10d9b959ba9d1f5ada34576	d__Bacteria;p__Firmicutes;c__Clostridia;o__Lachnospirales;f__Lachnospiraceae;g__Coprococcus;s__	0.8144841530077809
2c64f2ac08cb4ac32167dd4dc77d9229	d__Bacteria;p__Firmicutes;c__Clostridia;o__Oscillospirales;f__Ruminococcaceae;g__Faecalibacterium;s__	0.9976952330728278
12184abc5d44d7d07b481f2d9e927214	d__Bacteria;p__Firmicutes;c__Clostridia;o__Lachnospirales;f__Lachnospiraceae;g__Dorea;s__	0.9309144177617892
cac6f0ce6a7b71d1e2b31f411e549c3c	d__Bacteria;p__Firmicutes;c__Clostridia;o__Lachnospirales;f__Lachnospiraceae;g__Lachnospira;s__	0.7131950716900138
6e3038fdf862c812b25984b2b891bba1	d__Bacteria;p__Bacteroidota;c__Bacteroidia;o__Bacteroidales;f__Bacteroidaceae;g__Bacteroides;s__	0.998731212459781
fd64d3973127b6542777d239027050e5	d__Bacteria;p__Firmicutes;c__Clostridia;o__Lachnospirales;f__Lachnospiraceae;g__Lachnoclostridium;s__	0.7916935397116972
766dc5088723c1987eed455932aa79f8	d__Bacteria;p__Firmicutes;c__Negativicutes;o__Veillonellales-Selenomonadales;f__Veillonellaceae;g__Veillonellaceae;s__	0.714182582649024
5d13408b16c98dd2c838707a4824b499	d__Bacteria;p__Firmicutes;c__Clostridia;o__Lachnospirales;f__Lachnospiraceae	0.9976858586053557
0d7871c9921487020964b39190efe036	d__Bacteria;p__Firmicutes;c__Clostridia;o__Lachnospirales;f__Lachnospiraceae;g__[Ruminococcus]_torques_group;s__	0.873154448129049
84310dcfc43ab00e39fdacddb2edab0b	d__Bacteria;p__Firmicutes;c__Clostridia;o__Lachnospirales;f__Lachnospiraceae;g__[Ruminococcus]_gauvreauii_group;s__	0.8244071048101592
82bfdd8e22e73a592ea72684377eed8e	d__Bacteria;p__Firmicutes;c__Clostridia;o__Oscillospirales;f__Ruminococcaceae;g__Faecalibacterium;s__	0.9995234293817344
213b038b6309e51a6d44de0669eff59d	d__Bacteria;p__Firmicutes;c__Clostridia;o__Oscillospirales;f__Oscillospiraceae;g__UCG-003;s__	0.982441325178328
60c33c8eebdc2cc47da3846e02888745	d__Bacteria;p__Firmicutes;c__Clostridia;o__Lachnospirales;f__Lachnospiraceae	0.9967427509983143
c8226f55800b75728a675dcb9ff3813c	d__Bacteria;p__Proteobacteria;c__Gammaproteobacteria;o__Burkholderiales;f__Oxalobacteraceae;g__Oxalobacter;s__	0.9950170833343577
2a92ef1c51686d772211ab08f8bb69fd	d__Bacteria;p__Firmicutes;c__Bacilli;o__Lactobacillales;f__Streptococcaceae;g__Streptococcus;s__	0.9991490616078995
0857b1872429d2725bd29bbf417ba6e3	d__Bacteria;p__Firmicutes;c__Bacilli;o__Lactobacillales;f__Streptococcaceae;g__Streptococcus;s__	0.9988997270691804
99a8a6cdee974449ef5610ee8cb2f33d	d__Bacteria;p__Firmicutes;c__Clostridia;o__Lachnospirales;f__Lachnospiraceae;g__Blautia;s__	0.8999965612603517
2598d001f49aaf985cd8bc0d0892434f	d__Bacteria;p__Firmicutes;c__Negativicutes;o__Veillonellales-Selenomonadales;f__Veillonellaceae;g__Veillonellaceae;s__	0.7187609599131949
9645ee3eb792e32d7e20a86ef54feb14	d__Bacteria;p__Actinobacteriota;c__Actinobacteria;o__Bifidobacteriales;f__Bifidobacteriaceae;g__Bifidobacterium;s__	0.9995672241950511
058175d669fb691762c8025eaac41e98	d__Bacteria;p__Firmicutes;c__Clostridia;o__Lachnospirales;f__Lachnospiraceae;g__Agathobacter;s__	0.7683788810423614
4fa22af2160e26a415cb76ebba3ebcbd	d__Bacteria;p__Firmicutes;c__Clostridia;o__Lachnospirales;f__Lachnospiraceae	0.9990471874401826
b53724d8939a06ed397d634529acf101	d__Bacteria;p__Verrucomicrobiota;c__Lentisphaeria;o__Victivallales;f__Victivallaceae;g__Victivallis;s__	0.9999860429178253
1c2b9a286cecf1be3755e65f2182279b	d__Bacteria;p__Firmicutes;c__Clostridia;o__Lachnospirales;f__Lachnospiraceae	0.9860032676717668
e62ea1d853a216c34ba789fee2f8b0f4	d__Bacteria;p__Firmicutes;c__Clostridia;o__Peptostreptococcales-Tissierellales;f__Peptostreptococcaceae;g__Terrisporobacter;s__	0.9808569791842334
38daa0b2a9bc8beb2fc19f4e432649e1	d__Bacteria;p__Firmicutes;c__Clostridia;o__Lachnospirales;f__Lachnospiraceae;g__Fusicatenibacter;s__	0.9994540113181607
4c176eead41e4091207c60d84248daef	d__Bacteria;p__Firmicutes;c__Clostridia;o__Lachnospirales;f__Lachnospiraceae	0.9988017210301107
6831db7a71f59825ac375ea4ed0e7585	d__Bacteria;p__Firmicutes;c__Clostridia;o__Christensenellales;f__Christensenellaceae;g__Christensenellaceae_R-7_group;s__	0.9557256918871813
916954767f3fa945705a7c6768a51bba	d__Bacteria;p__Firmicutes;c__Clostridia;o__Lachnospirales;f__Lachnospiraceae;g__[Eubacterium]_xylanophilum_group;s__	0.9983626758886153
d201f7078a5a18d576d742f0da2462a7	d__Bacteria;p__Firmicutes;c__Clostridia;o__Lachnospirales;f__Lachnospiraceae;g__[Ruminococcus]_gauvreauii_group;s__	0.8816899843880576
dd08bff5507da0ad32333ae0cc5ea2fa	d__Bacteria;p__Firmicutes;c__Clostridia;o__Lachnospirales;f__Lachnospiraceae;g__[Eubacterium]_eligens_group;s__	0.9999642017167567
e72d60659208f5db3ec34a8fbf4fef99	d__Bacteria;p__Firmicutes;c__Clostridia;o__Clostridiales;f__Clostridiaceae;g__Clostridium_sensu_stricto_1;s__	0.994755883915829
2d3e7ae2613b97ce55889f03cf2f18d8	d__Bacteria;p__Firmicutes;c__Clostridia;o__Lachnospirales;f__Lachnospiraceae;g__[Ruminococcus]_gauvreauii_group;s__	0.8279410916066177
28a9e25aa35da1a7fc82edcbb7663fd9	d__Bacteria;p__Firmicutes;c__Clostridia;o__Lachnospirales;f__Lachnospiraceae;g__Dorea;s__	0.9537818683669516
f3674abb836ef010964e522eea5e7dad	d__Bacteria;p__Firmicutes;c__Clostridia;o__Lachnospirales;f__Lachnospiraceae	0.9983494593625779
22811afcdda734163d6d2c89468d6aa0	d__Bacteria;p__Firmicutes;c__Clostridia;o__Oscillospirales;f__Oscillospiraceae	0.9973555310422588
e6f02d9043e9e8e116936d0482f6a475	d__Bacteria;p__Firmicutes;c__Clostridia;o__Lachnospirales;f__Lachnospiraceae;g__Lachnospira;s__	0.8413760969169344
0d1ba28e29f00490f6fdd67beab2f6bc	d__Bacteria;p__Firmicutes;c__Clostridia;o__Lachnospirales;f__Lachnospiraceae;g__[Eubacterium]_hallii_group;s__	0.9953733255328935
3798695a47086bfbdea11f311daa0e24	d__Bacteria;p__Firmicutes;c__Clostridia;o__Lachnospirales;f__Lachnospiraceae;g__Blautia;s__	0.9557858841074952
a77c38c68f8f0b0da910adc1ccda5546	d__Bacteria;p__Firmicutes;c__Clostridia;o__Lachnospirales;f__Lachnospiraceae	0.9995416652795088
4dea67cfd8fdfad23e1eb4cd5b9156df	d__Bacteria;p__Firmicutes;c__Clostridia;o__Oscillospirales;f__Butyricicoccaceae;g__Butyricicoccus;s__	0.9989166344340491
c603d9db5ba0f65a33244be724ab5115	d__Bacteria;p__Firmicutes;c__Clostridia;o__Oscillospirales;f__Oscillospiraceae;g__NK4A214_group;s__	0.9343164080445959
a89a81e7ba54a6d89e8ed72fca1f7773	d__Bacteria;p__Firmicutes;c__Clostridia;o__Lachnospirales;f__Lachnospiraceae;g__Lachnospiraceae_FCS020_group;s__	0.963070282940792
930ea20f7cb66883910473834d35782c	d__Bacteria;p__Firmicutes;c__Clostridia;o__Oscillospirales;f__Ruminococcaceae;g__Incertae_Sedis;s__	0.9912332013215965
f5d3f384d9a499558ac6f564c3a0fd7d	d__Bacteria;p__Firmicutes;c__Clostridia;o__Lachnospirales;f__Lachnospiraceae;g__Blautia;s__	0.9345804932600238
d461000d4208b121c9d346b251516218	d__Bacteria;p__Firmicutes;c__Clostridia;o__Lachnospirales;f__Lachnospiraceae;g__[Eubacterium]_hallii_group;s__	0.9961794963552799
de4f8e534a104dc0797174fa2a5094fe	d__Bacteria;p__Bacteroidota;c__Bacteroidia;o__Bacteroidales;f__Bacteroidaceae;g__Bacteroides;s__	0.9995158463112754
2f83bb801461b5088864c823d5b0bbfd	d__Bacteria;p__Firmicutes;c__Clostridia;o__Lachnospirales;f__Lachnospiraceae;g__Lachnospira;s__	0.9900358560892543
55d2a24bca6cf295b0fd97775e42fb23	d__Bacteria;p__Firmicutes;c__Clostridia;o__Lachnospirales;f__Lachnospiraceae;g__Lachnospiraceae_UCG-004;s__	0.93161600662842
4a28b6d12b126707b2cb5841137ad974	d__Bacteria;p__Firmicutes;c__Clostridia;o__Lachnospirales;f__Lachnospiraceae	0.9988490281838607
119aebb25ce6786c45e5c619eb4eccd2	d__Bacteria;p__Firmicutes;c__Clostridia;o__Lachnospirales;f__Lachnospiraceae	0.9996713522603723
61f1b15cc976c7dc4251b61df49f150c	d__Bacteria;p__Firmicutes;c__Clostridia;o__Clostridiales;f__Clostridiaceae;g__Clostridium_sensu_stricto_1;s__	0.9863568124588918
3c9c492d0a89e5f27051b887af72a84f	d__Bacteria;p__Firmicutes;c__Clostridia;o__Lachnospirales;f__Lachnospiraceae;g__Blautia;s__	0.9543302118087584
a3969e80d569e42f50ea4862a8abf23b	d__Bacteria;p__Firmicutes;c__Clostridia;o__Peptostreptococcales-Tissierellales;f__Peptostreptococcaceae	0.9998261468646871
e317e32c4664a1bab33affe83c779900	d__Bacteria;p__Bacteroidota;c__Bacteroidia;o__Bacteroidales;f__Bacteroidaceae;g__Bacteroides;s__	0.994204015512048
6f9ffb9e6a234aa3c92efbb9c5dc7084	d__Bacteria;p__Firmicutes;c__Clostridia;o__Lachnospirales;f__Lachnospiraceae	0.9994606080969767
9499f54f0fcff1fab2a4d19b41f5403a	d__Bacteria;p__Firmicutes;c__Clostridia;o__Lachnospirales;f__Lachnospiraceae	0.9993180837292865
c4d07c311eb7b725f36ca4fc109a4a6b	d__Bacteria;p__Firmicutes;c__Clostridia;o__Lachnospirales;f__Lachnospiraceae	0.9986281821446262
b25a5c33667120c083c01c0171ff9b2f	d__Bacteria;p__Bacteroidota;c__Bacteroidia;o__Bacteroidales;f__Rikenellaceae;g__Alistipes;s__	0.9943511812469031
7e9122479a57f2a8b7c21156d81f080b	d__Bacteria;p__Firmicutes;c__Negativicutes;o__Veillonellales-Selenomonadales;f__Veillonellaceae;g__Veillonella;s__	0.9999989103899022
925d1234e937c84d42a72186a676e6f8	d__Bacteria;p__Firmicutes;c__Clostridia;o__Oscillospirales;f__Butyricicoccaceae;g__Butyricicoccus;s__	0.9998858687650533
de7de703281faa6edf4a46ec683d7dbb	d__Bacteria;p__Firmicutes;c__Clostridia;o__Lachnospirales;f__Lachnospiraceae	0.9985152713240945
b26d7120e2beba722e34045135d3922f	d__Bacteria;p__Firmicutes;c__Clostridia	0.7398650467549059
ef2917a632776ccf4bf7fc9dfe8ee347	d__Bacteria;p__Bacteroidota;c__Bacteroidia;o__Bacteroidales;f__Marinifilaceae;g__Odoribacter;s__	0.9995723573860835
236c2c7052a78f03085281da3b850982	d__Bacteria;p__Firmicutes;c__Clostridia;o__Lachnospirales;f__Lachnospiraceae;g__Coprococcus;s__	0.8048838225378165
8569676ba3b7b824b5cdc8ba0a3332ac	d__Bacteria;p__Firmicutes;c__Bacilli;o__Erysipelotrichales;f__Erysipelotrichaceae;g__Turicibacter;s__	0.9999802753393126
b330b131f13ebb674c022d4ba5e86dfa	d__Bacteria;p__Firmicutes;c__Clostridia;o__Peptostreptococcales-Tissierellales;f__Peptostreptococcaceae;g__Terrisporobacter;s__	0.9915380433398354
6439762e8c9bdaf157cae2545c1b9e98	d__Bacteria;p__Firmicutes;c__Clostridia;o__Oscillospirales;f__Ruminococcaceae;g__Incertae_Sedis;s__	0.9887363068909533
c7a6a97b33ad0e45a52accbf6822b5e3	d__Bacteria;p__Firmicutes;c__Clostridia;o__Lachnospirales;f__Lachnospiraceae;g__[Eubacterium]_hallii_group;s__	0.9784025709658956
ba80fe3a0ad7aeb59488b98aa9ace33c	d__Bacteria;p__Firmicutes;c__Clostridia;o__Oscillospirales;f__Oscillospiraceae;g__UCG-005;s__	0.7071878152733059
028a8fc6028ed5fda53b86759289432c	d__Bacteria;p__Firmicutes;c__Clostridia;o__Oscillospirales;f__Ruminococcaceae;g__Subdoligranulum;s__	0.9817718099088975
7abf6aeab14caee6a791e8d3515e91b5	d__Bacteria;p__Firmicutes;c__Clostridia;o__Oscillospirales;f__Ruminococcaceae;g__Subdoligranulum;s__	0.9769201236395135
58c829e8e1fa75f133258d2ef6fa9a39	d__Bacteria;p__Firmicutes;c__Clostridia;o__Lachnospirales;f__Lachnospiraceae;g__[Eubacterium]_xylanophilum_group;s__	0.997640992064435
846878480909b7e661e7eb35d222c1ed	d__Bacteria;p__Firmicutes;c__Clostridia;o__Lachnospirales;f__Lachnospiraceae;g__Coprococcus;s__	0.8722208653197403
1c77f78e66fcd4f2a25e2caf25f635dd	d__Bacteria;p__Firmicutes;c__Clostridia;o__Lachnospirales;f__Lachnospiraceae	0.9999793609960463
9438f9e7d2ac984c8fb6817c0ce05b36	d__Bacteria;p__Firmicutes;c__Clostridia;o__Oscillospirales;f__Butyricicoccaceae;g__Butyricicoccus;s__	0.9995947288271662
9db4462d644b11eed3a3490c74a251b6	d__Bacteria;p__Firmicutes;c__Clostridia;o__Lachnospirales;f__Lachnospiraceae	0.9893295555585233
42ce74dab58a77c3d9f8c36cc67c8d5d	d__Bacteria;p__Firmicutes;c__Clostridia;o__Lachnospirales;f__Lachnospiraceae;g__Blautia;s__	0.942715395252884
00f6628887b750fa523af294e1928926	d__Bacteria;p__Firmicutes;c__Clostridia;o__Lachnospirales;f__Lachnospiraceae;g__Howardella;s__	0.9919156626839114
658d81e9375867ce182eca3370d2fb9b	d__Bacteria;p__Firmicutes;c__Clostridia;o__Oscillospirales;f__Oscillospiraceae;g__NK4A214_group;s__	0.892398458316625
8e3e6b78367c96bff5f42c463b6e2164	d__Bacteria;p__Firmicutes;c__Clostridia;o__Lachnospirales;f__Lachnospiraceae;g__Coprococcus;s__	0.9338289618879306
455441f31f7c82d0c9889853c84caad5	d__Bacteria;p__Firmicutes;c__Clostridia;o__Oscillospirales;f__Ruminococcaceae;g__[Eubacterium]_siraeum_group;s__	0.9726297108445375
9099dc76f22398011fb4ed6051acd8d8	d__Bacteria;p__Firmicutes;c__Clostridia;o__Lachnospirales;f__Lachnospiraceae	0.989943375694059
98e1a5d0ca9a6e4dcc8853ad07af88e8	d__Bacteria;p__Firmicutes;c__Clostridia;o__Lachnospirales;f__Lachnospiraceae	0.9994947812814381
132669bea4d44669f16484f0ca450d4c	d__Bacteria;p__Firmicutes;c__Clostridia;o__Oscillospirales;f__Butyricicoccaceae;g__Butyricicoccus;s__	0.9991877171661425
e7743a72aae65a5c53a009b8c7f4f162	d__Bacteria;p__Firmicutes;c__Clostridia;o__Lachnospirales;f__Lachnospiraceae	0.9999305820410479
1092f852a448e13abd1d07f1eca2e6f9	d__Bacteria;p__Firmicutes;c__Clostridia;o__Clostridiales;f__Clostridiaceae;g__Clostridium_sensu_stricto_1;s__	0.9924466396919099
a3ef13fdf8158fc9ec6f5292e9e19933	d__Bacteria;p__Firmicutes;c__Clostridia;o__Lachnospirales;f__Lachnospiraceae;g__Lachnospiraceae_UCG-004;s__	0.8549800959364057
426cd1dedd88bcd6a35397bef7da783d	d__Bacteria;p__Proteobacteria;c__Gammaproteobacteria;o__Burkholderiales;f__Sutterellaceae;g__Parasutterella;s__	0.9999991494470415
6beb7967d32c9f96e0239714fec78ff4	d__Bacteria;p__Firmicutes;c__Bacilli;o__Lactobacillales;f__Streptococcaceae;g__Streptococcus;s__	0.9999435763771923
889dbcf9e90193fa92bc7b1018fc92d5	d__Bacteria;p__Firmicutes;c__Clostridia;o__Oscillospirales;f__Ruminococcaceae;g__CAG-352;s__	0.9872976439936868
bc86037ba77dcac0eae9759c37cad64c	d__Bacteria;p__Firmicutes;c__Clostridia;o__Lachnospirales;f__Lachnospiraceae;g__Blautia;s__	0.9492934521544162
ea48bdf3e4d1ab07fac1cd779a31751e	d__Bacteria;p__Firmicutes;c__Negativicutes;o__Veillonellales-Selenomonadales;f__Veillonellaceae;g__Veillonella;s__	0.9999992564995133
c5271a81da98edc59d9243b1a0097f1a	d__Bacteria;p__Firmicutes;c__Clostridia;o__Lachnospirales;f__Lachnospiraceae;g__Coprococcus;s__	0.8265620656229843
da38011f4b95ae09a7f6fb772b30ae53	d__Bacteria;p__Firmicutes;c__Clostridia;o__Oscillospirales;f__Ruminococcaceae	0.7681167577735533
0a6ae0180235b66eeb7a51fc32bd8e45	d__Bacteria;p__Firmicutes;c__Clostridia;o__Oscillospirales;f__Butyricicoccaceae;g__Butyricicoccus;s__	0.9998504868462178
788593ce3f97eae4e283c9d47055082e	d__Bacteria;p__Firmicutes;c__Clostridia;o__Lachnospirales;f__Lachnospiraceae	0.9994954735051204
2aa65900e033621fc714123aa1706e22	d__Bacteria;p__Firmicutes;c__Clostridia;o__Lachnospirales;f__Lachnospiraceae;g__[Ruminococcus]_gnavus_group;s__	0.9639460426871467
84d0c39301ed59ceaa1d97055cdf6704	d__Bacteria;p__Firmicutes;c__Clostridia;o__Monoglobales;f__Monoglobaceae;g__Monoglobus;s__	0.9981851916329737
f06c885d88f7a06400da47e3b3689b4e	d__Bacteria;p__Firmicutes;c__Clostridia;o__Oscillospirales;f__Ruminococcaceae;g__Subdoligranulum;s__	0.9956862038327945
a1158c362ab6efe27ed36db3655f2aa8	d__Bacteria;p__Firmicutes;c__Clostridia;o__Lachnospirales;f__Lachnospiraceae	0.998485277284358
2776f73fa55cab03853c084bbce68951	d__Bacteria;p__Firmicutes;c__Clostridia;o__Oscillospirales;f__Ruminococcaceae;g__Subdoligranulum;s__	0.9852158210094365
89a3ca8bc1ab35bf48767e935e2c0744	d__Bacteria;p__Firmicutes;c__Clostridia;o__Lachnospirales;f__Lachnospiraceae;g__Blautia;s__	0.870733299491535
49ab181ce477a0d9c106cfb619d190d0	d__Bacteria;p__Firmicutes;c__Clostridia;o__Lachnospirales;f__Lachnospiraceae	0.998824017651195
e91d1b85b7877cf984b885420d7b9100	d__Bacteria;p__Firmicutes;c__Clostridia;o__Lachnospirales;f__Lachnospiraceae	0.9942349149501114
f42b08c7fbe98f7534bf7099d5c2b21a	d__Bacteria;p__Firmicutes;c__Clostridia;o__Peptostreptococcales-Tissierellales;f__Anaerovoracaceae;g__[Eubacterium]_brachy_group;s__	0.9574573564717243
64fa1f64f0970a233d634fa249097b54	d__Bacteria;p__Firmicutes;c__Clostridia;o__Lachnospirales;f__Lachnospiraceae;g__Blautia;s__	0.9484348276798802
bf522c6a5a87b098c32c945a14d5dfc9	d__Bacteria;p__Firmicutes;c__Clostridia;o__Lachnospirales;f__Lachnospiraceae;g__Blautia;s__	0.9327100421123539
75aa1d657ff91b7b4f7abf284941fed0	d__Bacteria;p__Bacteroidota;c__Bacteroidia;o__Bacteroidales;f__Rikenellaceae;g__Alistipes;s__	0.8910956773420924
92f2e66bdce9d24e70bd27100a662ab1	d__Bacteria;p__Firmicutes;c__Clostridia;o__Lachnospirales;f__Lachnospiraceae;g__Agathobacter;s__	0.8274129428747576
58b1a85f18903cc66d570b0a7fb9db88	d__Bacteria;p__Firmicutes;c__Clostridia;o__Oscillospirales;f__Ruminococcaceae;g__Subdoligranulum;s__	0.9951545730296005
6dcf4ecb6a3866c99717813f4f6b84f0	d__Bacteria;p__Firmicutes;c__Clostridia	0.8524926454715357
36592696716d283965ce3129567465cd	d__Bacteria;p__Firmicutes;c__Clostridia;o__Lachnospirales;f__Lachnospiraceae;g__Blautia;s__	0.9787436363091971
612908873a16c6cc6ea7321df5329ae0	d__Bacteria;p__Firmicutes;c__Clostridia;o__Lachnospirales;f__Lachnospiraceae	0.9986062913402937
87dd1765e5f789391c6569bbb3a61530	d__Bacteria;p__Firmicutes;c__Bacilli;o__Erysipelotrichales;f__Erysipelotrichaceae;g__Holdemania;s__	0.9826989803943014
4b8a09f90871153984f2046978d0c1d5	d__Bacteria;p__Firmicutes;c__Negativicutes;o__Acidaminococcales;f__Acidaminococcaceae;g__Acidaminococcus;s__	0.9999892941232632
e09846e9265844ebafaae08619fc6cdd	d__Bacteria;p__Firmicutes;c__Clostridia;o__Lachnospirales;f__Lachnospiraceae	0.999239394331793
f701e0f96e094b212f6d688b325fb04b	d__Bacteria;p__Firmicutes;c__Clostridia;o__Oscillospirales;f__Ruminococcaceae	0.8240705569276725
64209f97a03cbab07ce8170ed9ca078a	d__Bacteria;p__Firmicutes;c__Bacilli;o__Erysipelotrichales;f__Erysipelotrichaceae;g__Faecalitalea;s__	0.9916718107900191
bc5f0d83324f9cb6940de619eba0a8a9	d__Bacteria;p__Firmicutes;c__Bacilli;o__Lactobacillales;f__Lactobacillaceae;g__Limosilactobacillus;s__	0.9937573866537062
ac82a11583ef356789d456a40f9f23f8	d__Bacteria;p__Firmicutes;c__Clostridia;o__Lachnospirales;f__Lachnospiraceae	0.9871807071277989
361ae1ca5b060dee87efd8087ca2b3c6	d__Bacteria;p__Firmicutes;c__Bacilli;o__Erysipelotrichales;f__Erysipelotrichaceae;g__Holdemania;s__	0.979013501373933
d63b4100e106a0d27f76a83b7d6104d6	d__Bacteria;p__Firmicutes;c__Clostridia;o__Lachnospirales;f__Lachnospiraceae;g__[Eubacterium]_hallii_group;s__	0.9948783262711391
ffae7ab41fdc0fa8eec7af049f421445	d__Bacteria;p__Firmicutes;c__Clostridia;o__Oscillospirales;f__Ruminococcaceae;g__Negativibacillus;s__	0.9998739700440025
b95d8b44bf49a3bc7ce7985311f3cf4b	d__Bacteria;p__Firmicutes;c__Clostridia;o__Lachnospirales;f__Lachnospiraceae	0.9949377634000778
6b073b7723f030ff10b15745a55c3bce	d__Bacteria;p__Firmicutes;c__Clostridia;o__Lachnospirales;f__Lachnospiraceae	0.9954259273134493
705d572618f802dea275edb7155c92fa	d__Bacteria;p__Firmicutes;c__Clostridia;o__Clostridiales;f__Clostridiaceae;g__Clostridium_sensu_stricto_1;s__	0.992589549401328
215280cfc83f2873be7e0b89a35a250d	d__Bacteria;p__Firmicutes;c__Clostridia;o__Peptostreptococcales-Tissierellales;f__Anaerovoracaceae	0.9960287195799186
01beed5ac9d02d9f15d95bc7e89ca8de	d__Bacteria;p__Firmicutes;c__Clostridia;o__Lachnospirales;f__Lachnospiraceae;g__Blautia;s__	0.9202796308385366
47c42b5667cb0bd74189ebf1924e09bf	d__Bacteria;p__Proteobacteria;c__Gammaproteobacteria;o__Enterobacterales	0.9999999538791651
28cc715d6e2d4dba3c3e1f9228e5c1fd	d__Bacteria;p__Firmicutes;c__Clostridia;o__Lachnospirales;f__Lachnospiraceae	0.9995175851844719
c0f30bb09b99c7b1ba618e9e6e4d5bb8	d__Bacteria;p__Firmicutes;c__Clostridia;o__Lachnospirales;f__Lachnospiraceae;g__Dorea;s__	0.9598040469237575
ee7a306c39ac19d6d9731d42478451e2	d__Bacteria;p__Firmicutes;c__Clostridia;o__Lachnospirales;f__Lachnospiraceae;g__Marvinbryantia;s__	0.7989330883611598
a29d71736f3e7d2f0f85a6e04667bb8a	d__Bacteria;p__Firmicutes;c__Clostridia;o__Oscillospirales;f__Ruminococcaceae;g__Faecalibacterium;s__	0.9979566489364158
7369e2f823a930d6297d5007f568b76d	d__Bacteria;p__Firmicutes;c__Clostridia;o__Christensenellales;f__Christensenellaceae;g__Christensenellaceae_R-7_group;s__	0.905381419143686
2f6f9e27032dadbe93b1a6fbc14bcf23	d__Bacteria;p__Firmicutes;c__Clostridia;o__Lachnospirales;f__Lachnospiraceae;g__Catenibacillus;s__	0.9808238062475623
5c688616951822c66139bb48f46b700c	d__Bacteria;p__Firmicutes;c__Negativicutes;o__Veillonellales-Selenomonadales;f__Veillonellaceae;g__Veillonella;s__	0.9999990852962588
1e0ef57bbd9faff001fee2a7780d5b4d	d__Bacteria;p__Firmicutes;c__Clostridia;o__Oscillospirales;f__Butyricicoccaceae;g__Butyricicoccus;s__	0.9989722140246433
3f56cdae855353ada7e190484e427666	d__Bacteria;p__Firmicutes;c__Clostridia;o__Lachnospirales;f__Lachnospiraceae	0.9997400811722453
a36438dc77821b260f6a742a85477df2	d__Bacteria;p__Firmicutes;c__Clostridia;o__Lachnospirales;f__Lachnospiraceae;g__Lachnospira;s__	0.7931653382858139
94b888874e0e1942ca626148075181fb	d__Bacteria;p__Firmicutes;c__Clostridia;o__Oscillospirales;f__Ruminococcaceae;g__Faecalibacterium;s__	0.9987585150408832
c177a53bb130b601cfe465352823afbe	d__Bacteria;p__Firmicutes;c__Clostridia;o__Lachnospirales;f__Lachnospiraceae	0.9993554946993318
2b3564c70160c7d86662311ea938f0a9	d__Bacteria;p__Firmicutes;c__Clostridia;o__Lachnospirales;f__Lachnospiraceae;g__Blautia;s__	0.9268606164609378
f22c1c5c200b2b992c8d68c722484bd4	d__Bacteria;p__Firmicutes;c__Clostridia;o__Lachnospirales;f__Lachnospiraceae;g__Lachnospiraceae_UCG-010;s__	0.9990136602238164
d99bb79ee639b8433235e2852e20fb6e	d__Bacteria;p__Firmicutes;c__Clostridia;o__Lachnospirales;f__Lachnospiraceae;g__Blautia;s__	0.9717745532839649
e019b8fb77d707fc9d73c0026440aa22	d__Bacteria;p__Firmicutes;c__Clostridia;o__Lachnospirales;f__Lachnospiraceae;g__[Eubacterium]_hallii_group;s__	0.9942629970318478
1c86a23c3bde941a64a8424a22c8f3bd	d__Bacteria;p__Bacteroidota;c__Bacteroidia;o__Bacteroidales;f__Bacteroidaceae;g__Bacteroides;s__	0.9935645629420781
c8531f92b9cf030df154abae851683d0	d__Bacteria;p__Firmicutes;c__Clostridia;o__Lachnospirales;f__Lachnospiraceae	0.9996723035168401
dd2342a9c1471b4cf60bcf29f4aeb99f	d__Bacteria;p__Firmicutes;c__Clostridia;o__Lachnospirales;f__Lachnospiraceae	0.9992779261708092
4d32860ab6c88421b6af4cc6bc86409b	d__Bacteria;p__Proteobacteria;c__Gammaproteobacteria;o__Burkholderiales;f__Sutterellaceae;g__Parasutterella;s__	0.9999994226147596
10e14f2246c310df5b6ac286fdd1d14a	d__Bacteria;p__Firmicutes;c__Clostridia;o__Oscillospirales;f__Ruminococcaceae;g__Faecalibacterium;s__	0.9973974337347533
772ea2746190c63d8f2f1a7107d8647a	d__Bacteria;p__Firmicutes;c__Clostridia;o__Oscillospirales;f__Ruminococcaceae;g__Faecalibacterium;s__	0.99977286437879
ad7eea943b229fcafe3007abcfded795	d__Bacteria;p__Firmicutes;c__Clostridia;o__Lachnospirales;f__Lachnospiraceae;g__[Eubacterium]_eligens_group;s__	0.9994505663797703
70a3ceed845d2aa7b3b8a56e5785c278	d__Bacteria;p__Actinobacteriota;c__Actinobacteria;o__Bifidobacteriales;f__Bifidobacteriaceae;g__Bifidobacterium;s__	0.9999266769974138
857d0ec072aa6ed54a9061d6dc5348fc	d__Bacteria;p__Firmicutes;c__Clostridia;o__Lachnospirales;f__Lachnospiraceae;g__[Eubacterium]_eligens_group;s__	0.9998192535087203
f952fd6abe8c5837b035d6efb3a1c48b	d__Bacteria;p__Firmicutes;c__Clostridia;o__Lachnospirales;f__Lachnospiraceae;g__Coprococcus;s__	0.7944395759110378
5caa5d96cc217741484939d32fe14fc4	d__Bacteria;p__Desulfobacterota;c__Desulfovibrionia;o__Desulfovibrionales;f__Desulfovibrionaceae;g__Bilophila;s__	0.9999954173418203
5eea3b90f73ce2517510b625661d169e	d__Bacteria;p__Bacteroidota;c__Bacteroidia;o__Bacteroidales;f__Bacteroidaceae;g__Bacteroides;s__	0.9913260181462773
af96294c5ddbf7a4c57d96e2a7edac3d	d__Bacteria;p__Firmicutes;c__Clostridia;o__Lachnospirales;f__Lachnospiraceae	0.9983309659412726
7ef29bd805601c39b5aad89e12a8ea21	d__Bacteria;p__Firmicutes;c__Clostridia;o__Lachnospirales;f__Lachnospiraceae	0.9985910833292448
57f737a552df15b2c3b93b36779d1d94	d__Bacteria;p__Proteobacteria;c__Gammaproteobacteria;o__Burkholderiales;f__Sutterellaceae;g__Parasutterella;s__	0.9999996709285428
0913a06aca93de3866844023a0e2af99	d__Bacteria;p__Firmicutes;c__Clostridia;o__Lachnospirales;f__Lachnospiraceae;g__Blautia;s__	0.9631267592710301
21abefec2f5aefbbfac519aef2b99b12	d__Bacteria;p__Firmicutes;c__Clostridia;o__Lachnospirales;f__Lachnospiraceae;g__Fusicatenibacter;s__	0.99850367617531
0ad8fa3dea854ad5f5bce4f1ba30022d	d__Bacteria;p__Bacteroidota;c__Bacteroidia;o__Bacteroidales;f__Tannerellaceae;g__Parabacteroides;s__	0.9998471171651435
b9d9ad994faa4d30b79700eb0b46dc67	d__Bacteria;p__Firmicutes;c__Negativicutes;o__Veillonellales-Selenomonadales;f__Veillonellaceae	0.9999965557448824
b5ac0fbe67c7ab0cca7f12fa2dabfe4e	d__Bacteria;p__Firmicutes;c__Clostridia;o__Oscillospirales;f__Ruminococcaceae;g__Faecalibacterium;s__	0.9994594218948271
8bb44946f9780a905a84ddc32d5b9511	d__Bacteria;p__Firmicutes;c__Clostridia;o__Lachnospirales;f__Lachnospiraceae;g__Fusicatenibacter;s__	0.9994374601094422
41eb0c4dddf079e8cf357fe4abc4c4a9	d__Bacteria;p__Firmicutes;c__Clostridia;o__Lachnospirales;f__Lachnospiraceae	0.9996212344442452
15832076368f3e669f130b5897dc7ece	d__Bacteria;p__Firmicutes;c__Clostridia;o__Lachnospirales;f__Lachnospiraceae;g__Fusicatenibacter;s__	0.9983393709844264
a6d14b41f94eb2c98ad115990e630d2c	d__Bacteria;p__Firmicutes;c__Bacilli;o__Lactobacillales;f__Streptococcaceae;g__Streptococcus;s__	0.999632850083991
f68f11e1674478fe613b1f18ff0617ab	d__Bacteria;p__Firmicutes;c__Clostridia;o__Oscillospirales;f__Ruminococcaceae;g__Faecalibacterium;s__	0.9997004409271391
2fdd68afd5e0a698c1a783114bc9c394	d__Bacteria;p__Firmicutes;c__Clostridia;o__Lachnospirales;f__Lachnospiraceae	0.9989540625699241
f5b575ac8124ee7c9ece8e76d7513a51	d__Bacteria;p__Firmicutes;c__Clostridia;o__Lachnospirales;f__Lachnospiraceae	0.9986341673814898
2ecebe1600e753e9d2bc800f01630830	d__Bacteria;p__Firmicutes;c__Clostridia;o__Lachnospirales;f__Lachnospiraceae	0.9988759986814654
b14a14d4d2986b693e6343320aefc3bd	d__Bacteria;p__Firmicutes;c__Clostridia;o__Lachnospirales;f__Lachnospiraceae;g__Blautia;s__	0.9195283183812748
f4d2f2f64a2ab97a4dfa90ed04fbf877	d__Bacteria;p__Firmicutes;c__Bacilli;o__Lactobacillales;f__Streptococcaceae;g__Streptococcus;s__	0.999986685774376
8c0af874fc733ce19d42018c18a78344	d__Bacteria;p__Firmicutes;c__Clostridia;o__Lachnospirales;f__Lachnospiraceae	0.9969699930215209
27ecfada73c370cab4bb71daec91ab2e	d__Bacteria;p__Firmicutes;c__Clostridia;o__Lachnospirales;f__Lachnospiraceae;g__[Ruminococcus]_torques_group;s__	0.9418478902192506
41c88c3d41c100174995aefe0784bd8d	d__Bacteria;p__Firmicutes;c__Bacilli;o__Lactobacillales;f__Streptococcaceae;g__Streptococcus;s__	0.995671995904021
eb0c469483f8e6c49744e0cbf99d2ad7	d__Bacteria;p__Firmicutes;c__Clostridia;o__Lachnospirales;f__Lachnospiraceae	0.999823595475176
af509bd956d70fc0f9b2dabfaae99203	d__Bacteria;p__Firmicutes;c__Clostridia;o__Lachnospirales;f__Lachnospiraceae	0.998065397218104
8359e3e9532e899c6422474ceebcb4ad	d__Bacteria;p__Firmicutes;c__Clostridia;o__Oscillospirales;f__Oscillospiraceae;g__UCG-002;s__	0.9888576793396867
a2bbba80c0bffd4953c07f11333e142e	d__Bacteria;p__Firmicutes;c__Clostridia;o__Lachnospirales;f__Lachnospiraceae	0.9976119043181714
47d527ead5bf67f780ed691809eea879	d__Bacteria;p__Firmicutes;c__Bacilli;o__Lactobacillales;f__Streptococcaceae;g__Streptococcus;s__	0.9999987648453111
b8460fc2b7138ab81340d12ea2f01e7f	d__Bacteria;p__Firmicutes;c__Clostridia;o__Lachnospirales;f__Lachnospiraceae	0.9986546005007207
5027834e9c04de88247a6da3fcda22fc	d__Bacteria;p__Firmicutes;c__Clostridia;o__Lachnospirales;f__Lachnospiraceae	0.999536798777679
21777b5dc14b7fd1abfcf2a77c7b2589	d__Bacteria;p__Firmicutes;c__Clostridia;o__Oscillospirales;f__Ruminococcaceae;g__Faecalibacterium;s__	0.9995323537417055
23b682e87a064cbfc68b7b51f097b6e8	d__Bacteria;p__Firmicutes;c__Negativicutes;o__Veillonellales-Selenomonadales;f__Veillonellaceae;g__Veillonella;s__	0.9999890369995335
4198047e09650579180125fc7eed24a1	d__Bacteria;p__Firmicutes;c__Clostridia;o__Lachnospirales;f__Lachnospiraceae;g__[Eubacterium]_hallii_group;s__	0.9954672775567174
956a518ca6a7d39b80c4a059ff876396	d__Bacteria;p__Firmicutes;c__Clostridia;o__Lachnospirales;f__Lachnospiraceae;g__[Eubacterium]_hallii_group;s__	0.993954456601932
834af32cce08ba65ec80981a953cdc64	d__Bacteria;p__Firmicutes;c__Clostridia;o__Lachnospirales;f__Lachnospiraceae;g__[Eubacterium]_hallii_group;s__	0.9966841924274066
7a94857a3da5cd7f9133e0cb0cd86b77	d__Bacteria;p__Firmicutes;c__Clostridia;o__Lachnospirales;f__Lachnospiraceae	0.9988271615305049
b59a54e7f275b9a82f109f79034d9a6e	d__Bacteria;p__Firmicutes;c__Clostridia;o__Lachnospirales;f__Lachnospiraceae;g__Blautia;s__	0.8949743305957922
ae00588a68b978fd0a9f48da44849562	d__Bacteria;p__Firmicutes;c__Clostridia;o__Lachnospirales;f__Lachnospiraceae	0.9992518599401685
c3e09e1c892c05154b9583697c4de52b	d__Bacteria;p__Firmicutes;c__Clostridia;o__Oscillospirales;f__Oscillospiraceae;g__UCG-002;s__	0.9874440865957855
dc92f4ccb375567b919c3ccb00370f6b	d__Bacteria;p__Firmicutes;c__Bacilli;o__Lactobacillales;f__Lactobacillaceae;g__Lactobacillus;s__	0.999540906098622
3b2c30a757b40c38d58d7f04048978c9	d__Bacteria;p__Firmicutes;c__Clostridia;o__Lachnospirales;f__Lachnospiraceae;g__Lachnoclostridium;s__	0.7376338523022482
5587383e03ce1327c1da6a13673996e6	d__Bacteria;p__Firmicutes;c__Clostridia;o__Lachnospirales;f__Lachnospiraceae	0.991958274379787
18acad69f648ed97ae1edfdc6a26f0fd	d__Bacteria;p__Firmicutes;c__Clostridia;o__Lachnospirales;f__Lachnospiraceae;g__Lachnospiraceae_UCG-004;s__	0.9148581579230189
fe683180e43f5544d4b628d01295787c	d__Bacteria;p__Firmicutes;c__Clostridia;o__Lachnospirales;f__Lachnospiraceae;g__[Eubacterium]_hallii_group;s__	0.9966894261797844
4f617b228844e190a425cc9f2936fb22	d__Bacteria;p__Firmicutes;c__Clostridia;o__Oscillospirales;f__Oscillospiraceae;g__UCG-002;s__	0.9936368392726048
e4b737ba18bbc150cad94f9c31eebf9c	d__Bacteria;p__Firmicutes;c__Clostridia;o__Oscillospirales;f__Ruminococcaceae	0.8084002178411945
c22991e849ec2d52f2bcfd791264c017	d__Bacteria;p__Firmicutes;c__Clostridia;o__Lachnospirales;f__Lachnospiraceae;g__CAG-56;s__	0.9942170252462683
f61cd0957b65417f537ee0231b168171	d__Bacteria;p__Bacteroidota;c__Bacteroidia;o__Bacteroidales;f__Tannerellaceae	0.9840937221260875
141a333c7ba9b3a39131103b8f67e69b	d__Bacteria;p__Firmicutes;c__Clostridia;o__Lachnospirales;f__Lachnospiraceae;g__Blautia;s__	0.8925481993979056
edf6545b09b3c3f83d941cae19be7395	d__Bacteria;p__Firmicutes;c__Bacilli;o__Lactobacillales;f__Streptococcaceae;g__Streptococcus;s__	0.997433855656299
54b7c21eb5b1c0ffae6c956c8e1bb8d3	d__Bacteria;p__Firmicutes;c__Clostridia;o__Lachnospirales;f__Lachnospiraceae	0.9991531371599558
7d6f2ab02b9f85a648cd1e2ae757365e	d__Bacteria;p__Desulfobacterota;c__Desulfovibrionia;o__Desulfovibrionales;f__Desulfovibrionaceae;g__Bilophila;s__	0.9999935074839232
1dcabb82cf210c0c349d0b88fba8fbb5	d__Bacteria;p__Firmicutes;c__Clostridia;o__Lachnospirales;f__Lachnospiraceae	0.9998846090666493
95e9973c3fb398a2562a79cd7083da2c	d__Bacteria;p__Proteobacteria;c__Gammaproteobacteria;o__Enterobacterales;f__Pasteurellaceae;g__Haemophilus;s__	0.9922115073105814
f91b84455bcfb02fe0307483649ec605	d__Bacteria;p__Bacteroidota;c__Bacteroidia;o__Bacteroidales;f__Rikenellaceae;g__Alistipes;s__	0.9108678744159543
c319033f1fad28f26dd661b0cce0feeb	d__Bacteria;p__Firmicutes;c__Clostridia;o__Peptostreptococcales-Tissierellales;f__Anaerovoracaceae	0.9932052965859325
6ae446aa800d625330a12e375cc5d330	d__Bacteria;p__Firmicutes;c__Clostridia;o__Lachnospirales;f__Lachnospiraceae	0.9992291998206185
b91e98f5fdfebe76181c525d7ceffc86	d__Bacteria;p__Firmicutes;c__Clostridia;o__Lachnospirales;f__Lachnospiraceae;g__Blautia;s__	0.9505665559811893
b01ac1e67c3464682a81759fd83f9f20	d__Bacteria;p__Firmicutes;c__Negativicutes;o__Veillonellales-Selenomonadales;f__Veillonellaceae;g__Megasphaera;s__	0.9526068064016735
125d8d8cd1177333e11e6e33db8ebf34	d__Bacteria;p__Firmicutes;c__Bacilli;o__Lactobacillales;f__Streptococcaceae;g__Streptococcus;s__	0.9999104818001012
d7211ce244f4217a549181e4a3167e60	d__Bacteria;p__Bacteroidota;c__Bacteroidia;o__Bacteroidales;f__Bacteroidaceae;g__Bacteroides;s__	0.9997575762010499
e72095a5b0f0260b930999fef22f154c	d__Bacteria;p__Firmicutes;c__Clostridia;o__Lachnospirales;f__Lachnospiraceae	0.9997913051143466
1c0a7237592ba63b61f1ace5225c3ebe	d__Bacteria;p__Firmicutes;c__Bacilli;o__Lactobacillales;f__Streptococcaceae;g__Streptococcus;s__	0.999519108656737
78867e0a604409164d532b410e714ccb	d__Bacteria;p__Firmicutes;c__Bacilli;o__Erysipelotrichales;f__Erysipelotrichaceae;g__Faecalitalea;s__	0.9935082263673173
d74fcfe6af788655f56a4ac096d4dc6b	d__Bacteria;p__Firmicutes;c__Clostridia;o__Lachnospirales;f__Lachnospiraceae	0.999649650621755
69d83aca853268c4159ec3ea99f02c8e	d__Bacteria;p__Firmicutes;c__Clostridia;o__Oscillospirales;f__Ruminococcaceae;g__Paludicola;s__	0.9682290969787187
5bed9b0d578e2f61de53f78502129bb2	d__Bacteria;p__Firmicutes;c__Clostridia;o__Lachnospirales;f__Lachnospiraceae	0.9999110224937354
72a6754f57e3a83075f37d4e22caf167	d__Bacteria;p__Firmicutes;c__Clostridia;o__Peptostreptococcales-Tissierellales;f__Anaerovoracaceae;g__Family_XIII_AD3011_group;s__	0.8435837882775428
96fca2c96d1eae6577b2598c584a8c32	d__Bacteria;p__Bacteroidota;c__Bacteroidia;o__Bacteroidales;f__Rikenellaceae;g__Alistipes;s__	0.9327674298910672
c27f7ee0f32797d67dd840d455962c72	d__Bacteria;p__Firmicutes;c__Clostridia;o__Lachnospirales;f__Lachnospiraceae	0.9985579373857721
fd4633517cfb19c670e28f1c498f0260	d__Bacteria;p__Firmicutes;c__Clostridia;o__Lachnospirales;f__Lachnospiraceae	0.9984260270234796
68738a7418ae7550478aba205a037a6f	d__Bacteria;p__Firmicutes;c__Bacilli;o__Lactobacillales;f__Streptococcaceae;g__Streptococcus;s__	0.999999461904113
95d575829c4febb7d662549fc1e303bb	d__Bacteria;p__Firmicutes;c__Clostridia;o__Lachnospirales;f__Lachnospiraceae;g__Blautia;s__	0.9481872275191947
dfea58e8acb48ea85614566867af0036	d__Bacteria;p__Desulfobacterota;c__Desulfovibrionia;o__Desulfovibrionales;f__Desulfovibrionaceae;g__Bilophila;s__	0.999987426918467
38340d4dc265d246dc50271d92456813	d__Bacteria;p__Bacteroidota;c__Bacteroidia;o__Bacteroidales;f__Tannerellaceae	0.9936998937427821
0109722b34f94badf671f8c67b04afd4	d__Bacteria;p__Actinobacteriota;c__Actinobacteria;o__Actinomycetales;f__Actinomycetaceae;g__Actinomyces;s__	0.9853235965277656
0986b9053d3b7e9f9843bc229295befa	d__Bacteria;p__Firmicutes;c__Clostridia;o__Lachnospirales;f__Lachnospiraceae;g__Blautia;s__	0.9245657970507182
5f2724be240e5b42b33e0d43164b54b2	d__Bacteria;p__Firmicutes;c__Clostridia;o__Oscillospirales;f__Oscillospiraceae;g__Flavonifractor;s__	0.7750903302197255
722979c8f5b52689390aed6d9519d290	d__Bacteria;p__Firmicutes;c__Clostridia;o__Lachnospirales;f__Lachnospiraceae;g__Blautia;s__	0.9243217343998994
7fe9e49d7983deba23f3fb63bd17e24d	d__Bacteria;p__Firmicutes;c__Clostridia;o__Lachnospirales;f__Lachnospiraceae;g__Anaerostipes;s__	0.9767826982277481
26b3695e7cdf674dd3f6980c53cc29c9	d__Bacteria;p__Firmicutes;c__Clostridia;o__Lachnospirales;f__Lachnospiraceae;g__Blautia;s__	0.9575178587046169
3d3c05d96e4850aaf1f3227550a62578	d__Bacteria;p__Firmicutes;c__Clostridia;o__Lachnospirales;f__Lachnospiraceae	0.998764078727721
e38a8a64d90422524edeb87469cf764b	d__Bacteria;p__Firmicutes;c__Clostridia;o__Lachnospirales;f__Lachnospiraceae	0.9983733373513891
ade822c08400a77137df82a44867acde	d__Bacteria;p__Firmicutes;c__Clostridia;o__Lachnospirales;f__Lachnospiraceae	0.9996125386184401
dcbc6c9ab5a7cb45c64bbde1d6e16c3f	d__Bacteria;p__Firmicutes;c__Bacilli;o__Lactobacillales;f__Lactobacillaceae;g__Limosilactobacillus;s__	0.9905691858785963
9463646de85f85baf75106b5c384b9b6	d__Bacteria;p__Firmicutes;c__Clostridia;o__Lachnospirales;f__Lachnospiraceae;g__Blautia;s__	0.946149457617049
0dd5544715e965b60e4e34b5b5e8a17b	d__Bacteria;p__Firmicutes;c__Clostridia;o__Lachnospirales;f__Lachnospiraceae;g__Blautia;s__	0.9420846778301325
022aa949bbb37b142fbed372e81e03ce	d__Bacteria;p__Firmicutes;c__Clostridia;o__Oscillospirales;f__Ruminococcaceae	0.8211035864490115
e14acc117bd3e543eb7ff4aa606862b6	d__Bacteria;p__Firmicutes;c__Clostridia;o__Oscillospirales;f__Oscillospiraceae	0.9790209787650864
26d2c4413bce7b0c76c1f833f6fd10fe	d__Bacteria;p__Firmicutes;c__Clostridia;o__Oscillospirales;f__Oscillospiraceae;g__Colidextribacter;s__	0.7481142598803916
b81d3d45f33462d38bd44760fbdd20ea	d__Bacteria;p__Proteobacteria;c__Gammaproteobacteria;o__Enterobacterales;f__Enterobacteriaceae	0.7833290955809553
7150bea07bdc8c6ec1b0db1490139332	d__Bacteria;p__Firmicutes;c__Clostridia;o__Lachnospirales;f__Lachnospiraceae	0.9998193095423675
0154ceccf3f8bafde8bcbc8f168ded54	d__Bacteria;p__Firmicutes;c__Clostridia;o__Oscillospirales;f__Ruminococcaceae	0.80593391368087
ea11adaf533158fbd2e5b38fb13f0cb4	d__Bacteria;p__Actinobacteriota;c__Actinobacteria;o__Actinomycetales;f__Actinomycetaceae;g__Actinomyces;s__	0.9603500858175739
57c02351a552b84d0e0241e07ccaefc0	d__Bacteria;p__Firmicutes;c__Clostridia;o__Lachnospirales;f__Lachnospiraceae;g__Blautia;s__	0.9249590459738679
a6004b2b56ce72b2a9397dc79fda049c	d__Bacteria;p__Firmicutes;c__Clostridia;o__Lachnospirales;f__Lachnospiraceae;g__Lachnospiraceae_UCG-010;s__	0.9989966778124743
65d77a0980681597d9b4612ba85ea729	d__Bacteria;p__Firmicutes;c__Bacilli;o__Lactobacillales;f__Streptococcaceae;g__Lactococcus;s__	0.9999998031452914
41cf224d09735eddebd6beeecfcb6699	d__Bacteria;p__Firmicutes;c__Bacilli;o__Staphylococcales;f__Gemellaceae;g__Gemella;s__	0.9999998738976581
9b240fb60423bf0f0889017ffa17ca0b	d__Bacteria;p__Firmicutes;c__Clostridia;o__Oscillospirales;f__Oscillospiraceae;g__NK4A214_group;s__	0.9360319435837084
655edbfe5f28fbeaf81b587e1a095519	d__Bacteria;p__Firmicutes;c__Clostridia;o__Lachnospirales;f__Lachnospiraceae;g__Lachnospiraceae_UCG-004;s__	0.8852842791830553
37b94c65aa873f8f209c826f6b970a67	d__Bacteria;p__Firmicutes;c__Clostridia;o__Lachnospirales;f__Lachnospiraceae;g__Lachnospiraceae_UCG-004;s__	0.9444873179776195
9f7875dce9b0adae3f66d579d21d6503	d__Bacteria;p__Firmicutes;c__Bacilli;o__Bacillales;f__Bacillaceae;g__Bacillus;s__	0.9986092629188891
e3c02b454a76ce54f769c7741c6ba8eb	d__Bacteria;p__Firmicutes;c__Bacilli;o__Lactobacillales;f__Lactobacillaceae;g__Limosilactobacillus;s__	0.9956967284858242
d35ab9bd33e62d147f13aa6419cf124b	d__Bacteria;p__Firmicutes;c__Clostridia	0.91047407670817
298cbea728935285f624adceacd0dbf1	d__Bacteria;p__Firmicutes;c__Clostridia;o__Oscillospirales;f__Ruminococcaceae;g__Faecalibacterium;s__	0.9989702505281131
2a9d99b96eba162a723b8f2f75605eba	d__Bacteria;p__Bacteroidota;c__Bacteroidia;o__Bacteroidales;f__Bacteroidaceae;g__Bacteroides;s__	0.9548864104366578
b5ae94ff027b5faff2ecabd2d1707555	d__Bacteria;p__Firmicutes;c__Clostridia;o__Oscillospirales;f__Ruminococcaceae;g__Subdoligranulum;s__	0.998445560005669
359828b165aaaf8872be7d804da7e7f4	d__Bacteria;p__Firmicutes;c__Clostridia;o__Oscillospirales;f__Ruminococcaceae;g__Ruminococcus;s__	0.7764197288608597
6c3dbfc0c3257c528a3ef67bf9d872e1	d__Bacteria;p__Bacteroidota;c__Bacteroidia;o__Bacteroidales;f__Prevotellaceae;g__Paraprevotella;s__	0.9999842942327755
99bbec0d423ebb9c84e8396f65ee5ae8	d__Bacteria;p__Firmicutes;c__Clostridia;o__Oscillospirales;f__Ruminococcaceae;g__Subdoligranulum;s__	0.9970790438744592
0867afe12a6f18b8f468ef637b01e0f2	d__Bacteria;p__Firmicutes;c__Clostridia;o__Oscillospirales;f__[Eubacterium]_coprostanoligenes_group;g__[Eubacterium]_coprostanoligenes_group;s__	0.960954001414173
3f2b8be448210b2b15880e92ad5e2ca9	d__Bacteria;p__Firmicutes;c__Clostridia;o__Oscillospirales;f__Oscillospiraceae;g__UCG-002;s__	0.9939853833847802
7b2d86f97dd6cb2f194bf47482636fc7	d__Bacteria;p__Firmicutes;c__Clostridia;o__Oscillospirales;f__Ruminococcaceae;g__Ruminococcus;s__	0.8683631214276407
780078e4ea3777d619fbef5c7e75adc4	d__Bacteria;p__Firmicutes;c__Clostridia;o__Oscillospirales;f__Ruminococcaceae;g__Subdoligranulum;s__	0.9970769698408325
c72bbc02a6fabc028b6b2b37b4ae400e	d__Bacteria;p__Bacteroidota;c__Bacteroidia;o__Bacteroidales;f__Bacteroidaceae;g__Bacteroides;s__	0.988657852835
c516d4db5175faf666d2d620cc00ecc7	d__Bacteria;p__Bacteroidota;c__Bacteroidia;o__Bacteroidales;f__Bacteroidaceae;g__Bacteroides;s__	0.9931264928934729
516fc22801a48daec62a0e77a9823b10	d__Bacteria;p__Bacteroidota;c__Bacteroidia;o__Bacteroidales;f__Bacteroidaceae;g__Bacteroides;s__	0.9974495956414162
14aaac827728b139cec26566c7fee3f4	d__Bacteria;p__Bacteroidota;c__Bacteroidia;o__Bacteroidales;f__Bacteroidaceae;g__Bacteroides;s__	0.9190942668731964
349f390dfda69581142c05301a50ab7b	d__Bacteria;p__Firmicutes;c__Clostridia;o__Oscillospirales;f__Oscillospiraceae;g__NK4A214_group;s__	0.966385074010618
ce8df502cd229c4273bc977c8b4375aa	d__Bacteria;p__Firmicutes;c__Bacilli;o__Erysipelotrichales;f__Erysipelatoclostridiaceae;g__Erysipelotrichaceae_UCG-003;s__	0.9999994479908554
32ceacacae503c68771730164daf977f	d__Bacteria;p__Firmicutes;c__Clostridia;o__Lachnospirales;f__Lachnospiraceae	0.9998892319408558
56f5cc9315f97ec3dada7468cc07fd84	d__Bacteria;p__Firmicutes;c__Clostridia;o__Oscillospirales;f__Oscillospiraceae;g__UCG-002;s__	0.9050659805741221
84f9bdcc39c9b3ab056d0c860da233ea	d__Bacteria;p__Firmicutes;c__Clostridia;o__Oscillospirales;f__Ruminococcaceae;g__Subdoligranulum;s__	0.9987832993871482
cc2525793d8acd1b30968ebb0cba5052	d__Bacteria;p__Actinobacteriota;c__Coriobacteriia;o__Coriobacteriales;f__Eggerthellaceae;g__Slackia;s__	0.9997244133483012
98deb7bd487c01957b70c2a26b9290fc	d__Bacteria;p__Firmicutes;c__Clostridia;o__Lachnospirales;f__Lachnospiraceae;g__[Eubacterium]_ventriosum_group;s__	0.851704142937757
c8082056ac859b0cea681ee49bc4bb5f	d__Bacteria;p__Firmicutes;c__Clostridia;o__Oscillospirales;f__Oscillospiraceae;g__UCG-005;s__	0.8371107818594713
c1e875944d39271eb28c6bd024124430	d__Bacteria;p__Firmicutes;c__Clostridia;o__Lachnospirales;f__Lachnospiraceae;g__Anaerostipes;s__	0.9923963106244846
fc89d38ddd7040efcd491daf9e53af21	d__Bacteria;p__Firmicutes;c__Clostridia;o__Oscillospirales;f__Oscillospiraceae;g__UCG-005;s__	0.929959117614631
d5b7ede7f6efb25ba4b6032bce0a5284	d__Bacteria;p__Firmicutes;c__Clostridia;o__Lachnospirales;f__Lachnospiraceae;g__[Eubacterium]_hallii_group;s__	0.9969030910462721
349caf7beaeb0507a5e47793a84a31e4	d__Bacteria;p__Firmicutes;c__Clostridia;o__Oscillospirales;f__Oscillospiraceae;g__UCG-005;s__	0.8176382869918649
0936646bcecc615a476bf2f5156593f9	d__Bacteria;p__Bacteroidota;c__Bacteroidia;o__Bacteroidales;f__Bacteroidaceae;g__Bacteroides;s__	0.9626347959584708
124a34ab02310a7f651aa93e71befa85	d__Bacteria;p__Firmicutes;c__Clostridia;o__Oscillospirales;f__Oscillospiraceae	0.9968000392522023
c1b8fcab4e28fb5b483250f92ed34c4b	d__Bacteria;p__Bacteroidota;c__Bacteroidia;o__Bacteroidales;f__Rikenellaceae;g__Alistipes;s__	0.9894579704072202
cb1c23e3da51e32a8fab99a93bf937b5	d__Bacteria;p__Bacteroidota;c__Bacteroidia;o__Bacteroidales;f__Tannerellaceae;g__Tannerellaceae;s__	0.865289995732181
57b5d318ccdc801fc0761f0fbe6033d7	d__Bacteria;p__Firmicutes;c__Clostridia;o__Lachnospirales;f__Lachnospiraceae;g__Blautia;s__	0.8974626319025868
9f126d71e46d420f90ee6b72f0302347	d__Bacteria;p__Firmicutes;c__Clostridia;o__Oscillospirales;f__Oscillospiraceae;g__UCG-005;s__	0.9119416849952232
fea3478504c51a767e543385e81ed7ee	d__Bacteria;p__Firmicutes;c__Clostridia;o__Lachnospirales;f__Lachnospiraceae;g__Blautia;s__	0.8640088807986376
5ca081451060df8dd0e138f630df9e36	d__Bacteria;p__Firmicutes;c__Clostridia;o__Oscillospirales;f__Ruminococcaceae;g__Incertae_Sedis;s__	0.990601002116741
b4feb4685c86a0e252f8de1a31a82244	d__Bacteria;p__Firmicutes;c__Clostridia;o__Lachnospirales;f__Lachnospiraceae;g__Blautia;s__	0.9654621859679619
5d25ef4934c64d6ec3f190824dbc300e	d__Bacteria;p__Bacteroidota;c__Bacteroidia;o__Bacteroidales;f__Rikenellaceae;g__Alistipes;s__	0.9936339567448278
9fd73e31c5104b92fb7f8affb23f3831	d__Bacteria;p__Bacteroidota;c__Bacteroidia;o__Bacteroidales;f__Bacteroidaceae;g__Bacteroides;s__	0.9979353467333151
2f97727076dfbcbf09a1b761e5939cef	d__Bacteria;p__Firmicutes;c__Clostridia	0.9936892524087286
704479c96d06e236bd91a0775115953a	d__Bacteria;p__Firmicutes;c__Clostridia;o__Clostridia_UCG-014;f__Clostridia_UCG-014;g__Clostridia_UCG-014;s__	0.9999924201134365
4523de4ed6b79b59e5ca7d520b247250	d__Bacteria;p__Firmicutes;c__Clostridia;o__Oscillospirales;f__Oscillospiraceae;g__NK4A214_group;s__	0.9018710862801808
7a419f68c89a9d9ab759268d4373507b	d__Bacteria;p__Firmicutes;c__Clostridia;o__Oscillospirales;f__[Eubacterium]_coprostanoligenes_group;g__[Eubacterium]_coprostanoligenes_group;s__	0.7064724589381381
9f093c10aa0f333f9960b5b7d591f88b	d__Bacteria;p__Firmicutes;c__Clostridia;o__Lachnospirales;f__Lachnospiraceae;g__Blautia;s__	0.9565790632711186
ad001f048011ecbbcca58067eb742304	d__Bacteria;p__Firmicutes;c__Clostridia;o__Lachnospirales;f__Lachnospiraceae	0.9978675339880606
12eeda6ccf0cd3d743eed2d1532993b2	d__Bacteria;p__Firmicutes;c__Clostridia;o__Lachnospirales;f__Lachnospiraceae;g__Blautia;s__	0.9305867526997161
684a5a033307252ebcd9d994096c3609	d__Bacteria;p__Bacteroidota;c__Bacteroidia;o__Bacteroidales;f__Rikenellaceae;g__Alistipes;s__	0.8516029464429913
60894b64fe5ffc2f7907cf247b1d185b	d__Bacteria;p__Firmicutes;c__Clostridia	0.9222979699913898
8049acd8f719ea6f49ea07082ee94e44	d__Bacteria;p__Firmicutes;c__Clostridia;o__Lachnospirales;f__Lachnospiraceae;g__Fusicatenibacter;s__	0.997896469708319
c9c9bf5782d4342f26679a9b5a578059	d__Bacteria;p__Firmicutes;c__Clostridia;o__Oscillospirales;f__Ruminococcaceae;g__Subdoligranulum;s__	0.9731364718150355
cce8a8144215f69fe4338167a1d3cc20	d__Bacteria;p__Firmicutes;c__Bacilli;o__Lactobacillales;f__Streptococcaceae;g__Streptococcus;s__	0.9999217322347986
b293f7b9612f314416d16b945a12eea6	d__Bacteria;p__Firmicutes;c__Clostridia	0.9953378187016971
48c935db6adaa94073d4bf066911ae02	d__Bacteria;p__Firmicutes;c__Clostridia;o__Oscillospirales;f__Ruminococcaceae;g__Subdoligranulum;s__	0.997088014630645
9290c688e57a2fa59a72505e02140a55	d__Bacteria;p__Firmicutes;c__Clostridia;o__Oscillospirales;f__Oscillospiraceae;g__UCG-002;s__	0.9784859851727901
247bccdb3a46394da3ab25cd8e18501c	d__Bacteria;p__Firmicutes;c__Clostridia;o__Lachnospirales;f__Lachnospiraceae;g__Coprococcus;s__	0.7814540057424467
6035d0d320949e320011d2679c1843be	d__Bacteria;p__Firmicutes;c__Clostridia;o__Lachnospirales;f__Lachnospiraceae;g__Lachnospiraceae_ND3007_group;s__	0.9995754188370004
9e31916ba2115141d5e633f9e068d54d	d__Bacteria;p__Firmicutes;c__Clostridia;o__Lachnospirales;f__Lachnospiraceae;g__Lactonifactor;s__	0.9994517802292725
05d6954f82889c294e2b897851382fee	d__Bacteria;p__Actinobacteriota;c__Coriobacteriia;o__Coriobacteriales;f__Eggerthellaceae;g__Slackia;s__	0.9996536902453514
78b70f308b314b8db1f2440f8bdedaca	d__Bacteria;p__Firmicutes;c__Clostridia;o__Oscillospirales;f__Ruminococcaceae	0.7595590526011512
e7a977f497b8ca2a81a413ca48d1c656	d__Bacteria;p__Firmicutes;c__Clostridia;o__Lachnospirales;f__Lachnospiraceae;g__Blautia;s__	0.9290368580627912
6738257c9f1c139dc69ba915ac444eea	d__Bacteria;p__Firmicutes;c__Clostridia;o__Lachnospirales;f__Lachnospiraceae;g__Anaerostipes;s__	0.9710531119140847
a1c0a3a7e1921b7ee9abd34d4e1bc505	d__Bacteria;p__Firmicutes;c__Clostridia;o__Lachnospirales;f__Lachnospiraceae;g__Blautia;s__	0.910838112177698
48a50377a39d322a76a1721d29baa3be	d__Bacteria;p__Firmicutes;c__Clostridia;o__Oscillospirales;f__[Clostridium]_methylpentosum_group;g__[Clostridium]_methylpentosum_group;s__	0.9854735541217752
ef3146e824e4123b3f1a4666af79ee5b	d__Bacteria;p__Firmicutes;c__Clostridia	0.9233296656176508
a5961337efe164aac290a4c78997b258	d__Bacteria;p__Actinobacteriota;c__Coriobacteriia;o__Coriobacteriales;f__Eggerthellaceae;g__CHKCI002;s__	0.9996934457638651
f7d6a129adc0c9953728e28b086585a4	d__Bacteria;p__Firmicutes;c__Clostridia;o__Lachnospirales;f__Lachnospiraceae;g__Blautia;s__	0.924585900845773
fd6e73a1b8a75089876509730f6b30aa	d__Bacteria;p__Firmicutes;c__Clostridia;o__Oscillospirales;f__Oscillospiraceae	0.99515965500432
c04a65401aa9c628f48dcffa92f1e9fe	d__Bacteria;p__Bacteroidota;c__Bacteroidia;o__Bacteroidales;f__Bacteroidaceae;g__Bacteroides;s__	0.9998166694583457
60d501ad10f4be09d658f32f75b80905	d__Bacteria;p__Firmicutes;c__Clostridia;o__Oscillospirales;f__Ruminococcaceae;g__Subdoligranulum;s__	0.9944091530517852
754c7d48d4442d40cd0f304705c7dc82	d__Bacteria;p__Bacteroidota;c__Bacteroidia;o__Bacteroidales;f__Prevotellaceae;g__Paraprevotella;s__	0.9999936559919015
75d17a02452174123251e91fb0cdc5ec	d__Bacteria;p__Bacteroidota;c__Bacteroidia;o__Bacteroidales;f__Marinifilaceae;g__Butyricimonas;s__	0.9999430300190679
706886fea1ab7f4ec93fe3d0b295f859	d__Bacteria;p__Firmicutes;c__Clostridia;o__Lachnospirales;f__Lachnospiraceae;g__Dorea;s__	0.9633822298250853
0775f1feb88a629789f82a7a0212568e	d__Bacteria;p__Firmicutes;c__Clostridia;o__Peptostreptococcales-Tissierellales;f__Anaerovoracaceae;g__Family_XIII_AD3011_group;s__	0.9777828134549114
f2ef4f95e1caa5a29c589ebf4e3e31de	d__Bacteria;p__Firmicutes;c__Clostridia;o__Lachnospirales;f__Lachnospiraceae;g__Fusicatenibacter;s__	0.9992491257699625
0c7ca6c9bf9cbe0409805f7e44d8b261	d__Bacteria;p__Firmicutes;c__Clostridia	0.9166628680380702
8b2c82dc0d22ada61ad704626da6ac31	d__Bacteria;p__Firmicutes;c__Clostridia;o__Oscillospirales;f__Oscillospiraceae	0.9940830726994252
a2510f8cd71bc22a5aaa74dec2efedb8	d__Bacteria;p__Firmicutes;c__Clostridia;o__Oscillospirales;f__Ruminococcaceae	0.8704886902707145
e9b9384fb10658fcbd0de4bd1e6f5392	d__Bacteria;p__Firmicutes;c__Clostridia	0.9857294888308062
fdb12f14320d34b6b8b9bb5d08fb8c51	d__Bacteria;p__Firmicutes;c__Clostridia;o__Christensenellales;f__Christensenellaceae;g__Christensenellaceae_R-7_group;s__	0.8882624913886082
bd37ab21518ca40f441ad71ba6e64e8c	d__Bacteria;p__Firmicutes;c__Clostridia;o__Lachnospirales;f__Lachnospiraceae;g__Coprococcus;s__	0.7948281526496499
60d4089c9f8ac5352e24e0ceede845dd	d__Bacteria;p__Firmicutes;c__Clostridia;o__Lachnospirales;f__Lachnospiraceae;g__Fusicatenibacter;s__	0.9988150535902639
0f65bde53408152d4e30565bf8fdc63a	d__Bacteria;p__Firmicutes;c__Clostridia;o__Oscillospirales;f__Oscillospiraceae;g__UCG-002;s__	0.9758918979109309
7690bbe100da67a100e403649573b89f	d__Bacteria;p__Firmicutes;c__Clostridia;o__Lachnospirales;f__Lachnospiraceae;g__Blautia;s__	0.9465915614542357
255a48d53d3b3e12659a12532afc2e29	d__Bacteria;p__Firmicutes;c__Clostridia;o__Oscillospirales;f__[Eubacterium]_coprostanoligenes_group;g__[Eubacterium]_coprostanoligenes_group;s__	0.8753552760793347
08fe7439dbb1e661eb28acae44ce2185	d__Bacteria;p__Bacteroidota;c__Bacteroidia;o__Bacteroidales;f__Marinifilaceae;g__Butyricimonas;s__	0.9999998922647593
78bc25e51421e1ab86a47cfa4991c289	d__Bacteria;p__Firmicutes;c__Clostridia;o__Lachnospirales;f__Lachnospiraceae;g__Blautia;s__	0.9113763899395854
b08706cc61a466618d440fa8a48759a8	d__Bacteria;p__Firmicutes;c__Clostridia;o__Clostridia_vadinBB60_group;f__Clostridia_vadinBB60_group;g__Clostridia_vadinBB60_group;s__	0.9939191168158757
03fc478f39701d0efd1d06f8108cb577	d__Bacteria;p__Proteobacteria;c__Gammaproteobacteria;o__Burkholderiales;f__Oxalobacteraceae;g__Oxalobacter;s__	0.9894284001488874
c9f9dd654bb3327906c67b0399c9f30b	d__Bacteria;p__Firmicutes;c__Clostridia	0.9944522421924655
f17d49f72a1df86d0f538a8a5e566509	d__Bacteria;p__Firmicutes;c__Clostridia;o__Lachnospirales;f__Lachnospiraceae;g__Blautia;s__	0.8987215106946552
c1e4d4052c7f257755ead40cdeb70782	d__Bacteria;p__Firmicutes;c__Clostridia;o__Peptostreptococcales-Tissierellales;f__Anaerovoracaceae;g__Family_XIII_UCG-001;s__	0.8828913591182134
dfddd87507cce70a16ac8df3d25e3f93	d__Bacteria;p__Firmicutes;c__Clostridia;o__Lachnospirales;f__Lachnospiraceae	0.999250006424192
8a3d9366dbe29cd96ee3b993b7628299	d__Bacteria;p__Firmicutes;c__Clostridia;o__Peptostreptococcales-Tissierellales;f__Anaerovoracaceae;g__Family_XIII_AD3011_group;s__	0.9113928426634438
5c388cfd553c3987aa19519f51151780	d__Bacteria;p__Firmicutes;c__Clostridia;o__Oscillospirales;f__Ruminococcaceae;g__Subdoligranulum;s__	0.983646752005999
41b58079a18851dae5818ed23c9f8deb	d__Bacteria;p__Firmicutes;c__Clostridia;o__Lachnospirales;f__Lachnospiraceae	0.9968512880371194
f0d7a8e4bb2b2d27bade3c371ce05387	d__Bacteria;p__Actinobacteriota;c__Coriobacteriia;o__Coriobacteriales;f__Coriobacteriales_Incertae_Sedis;g__uncultured;s__	0.9974978489115152
0f3b3fbfc191d24d858ba5ed25cd34fd	d__Bacteria;p__Bacteroidota;c__Bacteroidia;o__Bacteroidales;f__Marinifilaceae;g__Odoribacter;s__	0.9999229257263739
78d4cdf4350ce785e9f492e4aa0789ef	d__Bacteria;p__Firmicutes;c__Clostridia;o__Oscillospirales;f__Ruminococcaceae	0.7266053673271906
628f607807f5d04d94e1cea72f4d833a	d__Bacteria;p__Verrucomicrobiota;c__Verrucomicrobiae;o__Verrucomicrobiales;f__Akkermansiaceae;g__Akkermansia;s__	0.9999951402353412
a14a74eba4e4c31919d3a0a1601ffe12	d__Bacteria;p__Firmicutes;c__Clostridia;o__Lachnospirales;f__Lachnospiraceae	0.7314479883221691
09fdb09e1cce7fb935cca32c77b449ed	d__Bacteria;p__Firmicutes;c__Clostridia;o__Clostridia_UCG-014;f__Clostridia_UCG-014;g__Clostridia_UCG-014;s__	0.9999620942324419
c7098e2e216fa98ab77c2c18b570a9ef	d__Bacteria;p__Bacteroidota;c__Bacteroidia;o__Bacteroidales;f__Marinifilaceae;g__Butyricimonas;s__	0.999991370883221
c338d0fa11cc486dca156e021d7dec5a	d__Bacteria;p__Firmicutes;c__Clostridia;o__Lachnospirales;f__Lachnospiraceae;g__Marvinbryantia;s__	0.8589364777587698
bd1a1a937bd72ff138bd82f69b56abf1	d__Bacteria;p__Firmicutes;c__Clostridia	0.9982111549649579
62d0ef9e9cc0e64cdbb38a6840cc2a0e	d__Bacteria;p__Firmicutes;c__Clostridia;o__Oscillospirales;f__Oscillospiraceae;g__UCG-002;s__	0.9738376660832535
7ee7feaa648e9827d4d9025d957fa5cf	d__Bacteria;p__Firmicutes;c__Clostridia;o__Oscillospirales	0.7327619879887611
a92aecfca5ab8373f286551808fb5e28	d__Bacteria;p__Firmicutes;c__Clostridia;o__Oscillospirales;f__Oscillospiraceae;g__Oscillospira;s__	0.990622607041027
c819f5c16b7661b73468d1ede8391ddc	d__Bacteria;p__Desulfobacterota;c__Desulfovibrionia;o__Desulfovibrionales;f__Desulfovibrionaceae;g__Desulfovibrio;s__	0.9887966843464538
7410b111c135a10347f469744ef9adf6	d__Bacteria;p__Bacteroidota;c__Bacteroidia;o__Bacteroidales;f__Marinifilaceae;g__Butyricimonas;s__	0.9999997402719085
c9624d1d1bee000d20d61219bee8f643	d__Bacteria;p__Firmicutes;c__Clostridia;o__Oscillospirales;f__Ruminococcaceae;g__Subdoligranulum;s__	0.9853121003599511
744fd3f208e6551595cbe3cb7ca1dfab	d__Bacteria;p__Firmicutes;c__Clostridia;o__Lachnospirales;f__Lachnospiraceae;g__Blautia;s__	0.9242202129240481
191378d8dbde6871cf12c25b0cb01f8a	d__Bacteria;p__Firmicutes;c__Clostridia;o__Lachnospirales;f__Lachnospiraceae;g__Dorea;s__	0.9316127524646454
389c518c8675ced887881a5562146bb4	d__Bacteria;p__Firmicutes;c__Clostridia;o__Lachnospirales;f__Lachnospiraceae	0.998951371246156
bac002b385f2f7956c8b3127e41b76c5	d__Bacteria;p__Firmicutes;c__Bacilli;o__Erysipelotrichales;f__Erysipelatoclostridiaceae;g__Erysipelatoclostridium;s__	0.9978755522554071
d63010fc7413aa84448abffd5bf5f24e	d__Bacteria;p__Firmicutes;c__Clostridia	0.9978897144344137
ab808de624618a5d94067192797db770	d__Bacteria;p__Firmicutes;c__Clostridia;o__Lachnospirales;f__Lachnospiraceae;g__Lactonifactor;s__	0.9998583327387597
e51371415d05907d292ee9d81d1ed9d2	d__Bacteria;p__Actinobacteriota;c__Coriobacteriia;o__Coriobacteriales;f__Eggerthellaceae;g__Slackia;s__	0.9997500300054848
767e1c7396a05b9909380318529b63ea	d__Bacteria;p__Firmicutes;c__Clostridia;o__Lachnospirales;f__Lachnospiraceae;g__Blautia;s__	0.8420601756188633
db0b44aac321fbfa145a8b8f0ca978e4	d__Bacteria;p__Bacteroidota;c__Bacteroidia;o__Bacteroidales;f__Tannerellaceae;g__Tannerellaceae;s__	0.9989416891904057
e7b7a5fbbe4fb91706196a68a362ea8e	d__Bacteria;p__Firmicutes;c__Clostridia;o__Christensenellales;f__Christensenellaceae;g__Christensenellaceae_R-7_group;s__	0.9645992470778826
efb57255752ac6965bf474f3612d822e	d__Bacteria;p__Firmicutes;c__Clostridia	0.8280524084532804
9325c66cab3aebdf028158d5e8cc950c	d__Bacteria;p__Firmicutes;c__Clostridia;o__Lachnospirales;f__Lachnospiraceae	0.9989564733414354
ae086e820006e3c0fcc3bb9efd340783	d__Bacteria;p__Bacteroidota;c__Bacteroidia;o__Bacteroidales;f__Marinifilaceae;g__Odoribacter;s__	0.9999358833568858
0541c4ec01b0d65443c575bb99e3454a	d__Bacteria;p__Firmicutes;c__Clostridia;o__Oscillospirales;f__Ruminococcaceae;g__Incertae_Sedis;s__	0.9679303967756135
cbd66c6c70d16f1a50a41563361b233f	d__Bacteria;p__Firmicutes;c__Clostridia;o__Peptostreptococcales-Tissierellales;f__Anaerovoracaceae;g__Family_XIII_AD3011_group;s__	0.9172962293769096
f71cddd996a24e0f31e89d2f64e5f562	d__Bacteria;p__Firmicutes;c__Clostridia;o__Christensenellales;f__Christensenellaceae;g__Christensenellaceae_R-7_group;s__	0.8181392060267387
534f6703697318a8397a61b4e2e0e415	d__Bacteria;p__Firmicutes;c__Clostridia;o__Lachnospirales;f__Defluviitaleaceae;g__Defluviitaleaceae_UCG-011;s__	0.8556450835435392
35e2ba25126df3c8d8e9fb8e2df7234d	d__Bacteria;p__Firmicutes;c__Clostridia;o__Oscillospirales;f__Oscillospiraceae;g__Intestinimonas;s__	0.9362691863543006
2ebd1ee8707c945674c91c895a350877	d__Bacteria;p__Firmicutes;c__Clostridia;o__Lachnospirales;f__Lachnospiraceae;g__Lachnoclostridium;s__	0.7158668287920018
43e245de4615435b742dd3794df8ecbc	d__Bacteria;p__Bacteroidota;c__Bacteroidia;o__Bacteroidales;f__Bacteroidaceae;g__Bacteroides;s__	0.9999116678036577
6b504a07cdceef78f03d4b6291f64258	d__Bacteria;p__Firmicutes;c__Clostridia	0.9976967788325589
a796589a9032e9395dc37137da4675da	d__Bacteria;p__Firmicutes;c__Clostridia;o__Lachnospirales;f__Lachnospiraceae;g__Blautia;s__	0.8316313969336874
ae70a6eb26bbf56c4197d8db2a86dc9d	d__Bacteria;p__Firmicutes;c__Clostridia;o__Oscillospirales	0.7115933639962995
15ba35140271345977d6290a760a01a5	d__Bacteria;p__Firmicutes;c__Clostridia;o__Lachnospirales;f__Lachnospiraceae;g__Lachnoclostridium;s__	0.718348406937004
704ab1cd133ddddf96bc43210aa10154	d__Bacteria;p__Actinobacteriota;c__Coriobacteriia;o__Coriobacteriales;f__Coriobacteriales_Incertae_Sedis;g__Raoultibacter;s__	0.9975948833353032
785eb4cc90d9b391765d266b7ee6ee91	d__Bacteria;p__Firmicutes;c__Clostridia;o__Lachnospirales;f__Lachnospiraceae	0.9992334685466456
3e306820c60beec000b03cd74af5b747	d__Bacteria;p__Firmicutes;c__Clostridia	0.9980847280182035
856d02acac580f12ef6577dfb4a2955c	d__Bacteria;p__Firmicutes;c__Clostridia;o__Lachnospirales;f__Lachnospiraceae	0.9985300486912045
87990a8d9db7c9964f5242315e412306	d__Bacteria;p__Firmicutes;c__Clostridia;o__Oscillospirales;f__Ruminococcaceae;g__Subdoligranulum;s__	0.9930689543172672
38856b74acf635b80f85a78b10e976e6	d__Bacteria;p__Firmicutes;c__Clostridia;o__Oscillospirales;f__Oscillospiraceae;g__Oscillibacter;s__	0.8793303687306114
429b457bc6e3ed4f7339b9c4ca8328e9	d__Bacteria;p__Firmicutes;c__Clostridia;o__Lachnospirales;f__Lachnospiraceae	0.999424910897282
5169d4070cdcb4dbc19337f7550e2a07	d__Bacteria;p__Firmicutes;c__Clostridia;o__Monoglobales;f__Monoglobaceae;g__Monoglobus;s__	0.9853083494756988
a80e42540e05e364d57a37982a8705df	d__Bacteria;p__Firmicutes;c__Clostridia;o__Lachnospirales;f__Lachnospiraceae;g__Blautia;s__	0.9094604024207221
b9f2aaab1490be7ea02831316ff65211	d__Bacteria;p__Firmicutes;c__Clostridia;o__Lachnospirales;f__Lachnospiraceae	0.9937398953563455
33145ef89ec14e7aad2c4085d51abd40	d__Bacteria;p__Firmicutes;c__Clostridia;o__Oscillospirales;f__Ruminococcaceae	0.806693324552688
e92a060ad2fa783b08dad8e53fdf524e	d__Bacteria;p__Firmicutes;c__Clostridia;o__Eubacteriales;f__Eubacteriaceae;g__Eubacterium;s__	0.9999268417246673
f1d318d8326797fb2429a51562923fad	d__Bacteria;p__Firmicutes;c__Clostridia	0.9254573550834576
ece5ba12f95ab232f6b6dfbb4912d3fd	d__Bacteria;p__Firmicutes;c__Bacilli;o__Erysipelotrichales;f__Erysipelotrichaceae;g__Holdemania;s__	0.999873742110228
bd9a0f48736b141a7f8670ed9b125217	d__Bacteria;p__Firmicutes;c__Clostridia;o__Oscillospirales;f__Oscillospiraceae	0.9832665389762527
ad7311353ede0cd1c3701d5c8c53b055	d__Bacteria;p__Firmicutes;c__Clostridia;o__Oscillospirales;f__Ruminococcaceae;g__Subdoligranulum;s__	0.995524282084358
25cbfc826add2b8707023660b515ebd0	d__Bacteria;p__Firmicutes;c__Clostridia	0.9954309382018685
57eed550a571ebd3b75f1f0bd0b1ca85	d__Bacteria;p__Firmicutes;c__Clostridia;o__Oscillospirales	0.7657357821585007
18299553f5f34a9ad62acb712ea10f8a	d__Bacteria;p__Firmicutes;c__Clostridia	0.9929119687931086
ffa3703b83921a20014a061dbdd1a77d	d__Bacteria;p__Firmicutes;c__Clostridia;o__Christensenellales;f__Christensenellaceae;g__Christensenellaceae_R-7_group;s__	0.9463771664361933
422f2131d06d0d917c889dc1de4554d2	d__Bacteria;p__Firmicutes;c__Bacilli;o__Erysipelotrichales;f__Erysipelotrichaceae;g__Holdemania;s__	0.999406844672578
1047676c5069e4a3653ceaa804005a81	d__Bacteria;p__Firmicutes;c__Clostridia;o__Oscillospirales;f__Ruminococcaceae;g__Incertae_Sedis;s__	0.9718344279087915
ce083fdbdb133ce84e6f5e761063b126	d__Bacteria;p__Firmicutes	0.8205552522797145
d8afde31b9f40fa81803728886805c91	d__Bacteria;p__Firmicutes;c__Bacilli;o__Erysipelotrichales;f__Erysipelotrichaceae;g__Holdemania;s__	0.9979841435253681
02da823a9fede7b472942c8ab83c5069	d__Bacteria;p__Firmicutes;c__Clostridia;o__Oscillospirales;f__Oscillospiraceae	0.9915846003084587
8970fdf7ae3ea0f2085bad1624895989	d__Bacteria;p__Firmicutes;c__Clostridia;o__Christensenellales;f__Christensenellaceae;g__Christensenellaceae_R-7_group;s__	0.7470511013868059
964165d280d01ba7165f4716d9a7edb8	d__Bacteria;p__Firmicutes;c__Clostridia	0.9829103542639912
414cf009efe2938fa41627c4073faee6	d__Bacteria;p__Firmicutes	0.8018716484058991
808245732404a979137b1f8c08728e38	d__Bacteria;p__Firmicutes;c__Clostridia;o__Lachnospirales;f__Lachnospiraceae;g__[Eubacterium]_fissicatena_group;s__	0.9938664645048193
406f63c9ecd414d0e341589eb5e5d66c	d__Bacteria;p__Firmicutes;c__Clostridia;o__Lachnospirales;f__Lachnospiraceae	0.9993668888605274
cc45589bbab764f244682b9130b54f77	d__Bacteria;p__Firmicutes;c__Bacilli;o__Erysipelotrichales;f__Erysipelotrichaceae;g__Holdemania;s__	0.9279424080920073
ecbc169040d224c5cbd263a1d20912bf	d__Bacteria;p__Firmicutes;c__Clostridia	0.9880594320555423
d5dce0c2714413247d81232d49fa0a5b	d__Bacteria;p__Firmicutes;c__Clostridia;o__Lachnospirales;f__Lachnospiraceae	0.9999650794151598
d9e5831a3d2acdb325ae5484e1100828	d__Bacteria;p__Firmicutes;c__Clostridia;o__Lachnospirales;f__Lachnospiraceae	0.999127095529698
964610677f6363a4244a3e6d463442ac	d__Bacteria;p__Firmicutes;c__Clostridia	0.9724493190800589
6391e6730847f1da4fc9c8fc8290d281	d__Bacteria;p__Firmicutes;c__Clostridia;o__Lachnospirales;f__Lachnospiraceae;g__Lachnospiraceae_UCG-010;s__	0.9736653027918064
a2e7318d88758fbc6f5e97ea1b63a312	d__Bacteria;p__Firmicutes;c__Clostridia;o__Christensenellales;f__Christensenellaceae;g__Christensenellaceae_R-7_group;s__	0.7419854362429136
f5a6d7753d41faee61bbba91350671a7	d__Bacteria;p__Firmicutes;c__Clostridia;o__Oscillospirales;f__Ruminococcaceae;g__uncultured;s__	0.798695932940057
e3df69f6052fe28698a4e50fddb9043d	d__Bacteria;p__Firmicutes;c__Clostridia	0.9985301181961037
da0e63167ccbe4551885eda7346fa001	d__Bacteria;p__Firmicutes;c__Clostridia	0.9708147701048735
00f7b4d57a3add6489e20b05336c7ff4	d__Bacteria;p__Firmicutes;c__Clostridia;o__Christensenellales;f__Christensenellaceae;g__Christensenellaceae_R-7_group;s__	0.7574093911787944
b4b59f4a8d53920fe80b082989ca7896	d__Bacteria;p__Bacteroidota;c__Bacteroidia;o__Bacteroidales;f__Bacteroidaceae;g__Bacteroides;s__	0.9966880153110861
a833bd14765207ec81bc725b951f5490	d__Bacteria;p__Bacteroidota;c__Bacteroidia;o__Bacteroidales;f__Bacteroidaceae;g__Bacteroides;s__	0.9963910194903036
44d83df629ee8dcee1780268b4ba3404	d__Bacteria;p__Actinobacteriota;c__Actinobacteria;o__Actinomycetales;f__Actinomycetaceae;g__Actinomyces;s__	0.9780986950301572
86dc6a636735256a9be1557b9b98f6c8	d__Bacteria;p__Firmicutes;c__Clostridia;o__Christensenellales;f__Christensenellaceae;g__Christensenellaceae_R-7_group;s__	0.9367174207317168
9562fc6a9dd7b197ac8d4a1a09221d95	d__Bacteria;p__Proteobacteria;c__Gammaproteobacteria;o__Burkholderiales;f__Sutterellaceae;g__Parasutterella;s__	0.9995406303878872
dc4c6381dd411a631460a18e7830b8f4	d__Bacteria;p__Firmicutes;c__Clostridia;o__Lachnospirales;f__Lachnospiraceae	0.9904203895040042
d922a56825124ba5d95386274526d206	d__Bacteria;p__Firmicutes;c__Clostridia	0.9732137971943114
6d9ed7c988f205e0e1b05141a2e16231	d__Bacteria;p__Firmicutes;c__Clostridia;o__Lachnospirales;f__Lachnospiraceae;g__Blautia;s__	0.899008715307892
3d7241e97eb708dd12be6c54a6be69dd	d__Bacteria;p__Firmicutes;c__Clostridia	0.9969337607296542
ef8c6bfe9d130315ff5a72f404ffaec9	d__Bacteria;p__Desulfobacterota;c__Desulfovibrionia;o__Desulfovibrionales;f__Desulfovibrionaceae;g__Bilophila;s__	0.9999910427719944
faa52fcb3fd6435bd399b90b497a8566	d__Bacteria;p__Firmicutes;c__Clostridia;o__Lachnospirales;f__Lachnospiraceae;g__Blautia;s__	0.9391197881281306
5fef4bc7f0e60de4c10fc5d0283649ee	d__Bacteria;p__Firmicutes;c__Clostridia;o__Oscillospirales;f__Ruminococcaceae;g__Incertae_Sedis;s__	0.963055677213628
4e698880972db6c6eb4cb5b988dc50f3	d__Bacteria;p__Firmicutes;c__Clostridia;o__Lachnospirales;f__Lachnospiraceae;g__Blautia;s__	0.8779278827462794
0045d54c91ea680b26542b328bb98572	d__Bacteria;p__Firmicutes;c__Clostridia;o__Lachnospirales;f__Lachnospiraceae;g__Blautia;s__	0.863692047791582
ab7760adbdd17c9924548ceff35689ed	d__Bacteria;p__Firmicutes;c__Clostridia;o__Lachnospirales;f__Lachnospiraceae	0.999957103595706
1f34b777d7c9606ed26ba24b1db65e4b	d__Bacteria;p__Bacteroidota;c__Bacteroidia;o__Bacteroidales;f__Tannerellaceae;g__Parabacteroides;s__	0.9998657501411765
32acc6bdd488c778a825fa91e314a657	d__Bacteria;p__Actinobacteriota;c__Coriobacteriia;o__Coriobacteriales;f__Coriobacteriaceae;g__Collinsella;s__	0.9999082007143397
ced35f5af52cfe89dd47db25a12a430a	d__Bacteria;p__Fusobacteriota;c__Fusobacteriia;o__Fusobacteriales;f__Fusobacteriaceae;g__Fusobacterium;s__	0.9847487624690886
078ca88eeda3f508c318945c07a9368b	d__Bacteria;p__Bacteroidota;c__Bacteroidia;o__Bacteroidales;f__Bacteroidaceae;g__Bacteroides;s__	0.9981620765590236
376e7f2a29a67207036b8f89b075781d	d__Bacteria;p__Bacteroidota;c__Bacteroidia;o__Bacteroidales;f__Tannerellaceae;g__Parabacteroides;s__	0.9998257046732186
d4f7c90ec4eafa6931a1e0c1532b4dce	d__Bacteria;p__Proteobacteria;c__Gammaproteobacteria;o__Enterobacterales;f__Enterobacteriaceae;g__Escherichia-Shigella;s__	0.8648246730121859
454d6b6d39af089ab5e9f76b2ad974ad	d__Bacteria;p__Firmicutes;c__Clostridia;o__Lachnospirales;f__Lachnospiraceae	0.9991735628993904
41d7259966b427fcbde6e3b02df50b03	d__Bacteria;p__Firmicutes;c__Clostridia;o__Lachnospirales;f__Lachnospiraceae	0.9945145396637054
9ce47b745e161d7638b0deb169125c78	d__Bacteria;p__Firmicutes;c__Clostridia;o__Lachnospirales;f__Lachnospiraceae	0.997143130236934
bdac4880e6aac7e52de79c3f49d2595c	d__Bacteria;p__Bacteroidota;c__Bacteroidia;o__Bacteroidales;f__Bacteroidaceae;g__Bacteroides;s__	0.9991317091655061
bc217106926afb71fb7ffee3f2ee09c7	d__Bacteria;p__Actinobacteriota;c__Coriobacteriia;o__Coriobacteriales;f__Eggerthellaceae;g__uncultured;s__	0.9986115876393359
2d42ee7eb4b0f33ab8e718b8d8877aa8	d__Bacteria;p__Firmicutes;c__Clostridia;o__Lachnospirales;f__Lachnospiraceae	0.9979841421889816
0105cf169d7b9bac1eb775c3c3214b40	d__Bacteria;p__Firmicutes;c__Clostridia;o__Lachnospirales;f__Lachnospiraceae	0.9984374138137265
ef3e70de902e10f3c50ed8db69d98d17	d__Bacteria;p__Firmicutes;c__Clostridia;o__Lachnospirales;f__Lachnospiraceae	0.9959445198716128
50ab88ebf6d667b9ccf7397edff633f1	d__Bacteria;p__Firmicutes;c__Clostridia;o__Oscillospirales;f__[Eubacterium]_coprostanoligenes_group;g__[Eubacterium]_coprostanoligenes_group;s__	0.7510092526970067
c7be8867347cad510e9b55062feed10e	d__Bacteria;p__Firmicutes;c__Clostridia;o__Lachnospirales;f__Lachnospiraceae	0.9980716363363326
816eb51b911c5c5a0c75cc6dc9b1c2cd	d__Bacteria;p__Actinobacteriota;c__Actinobacteria;o__Bifidobacteriales;f__Bifidobacteriaceae;g__Bifidobacterium;s__	0.9999768919935269
271a12aa671d6733da6c55f3d8d41966	d__Bacteria;p__Bacteroidota;c__Bacteroidia;o__Bacteroidales;f__Marinifilaceae;g__Butyricimonas;s__	0.9999982784386998
117880868a0b0196ad2627c6f1c543da	d__Bacteria;p__Firmicutes;c__Clostridia;o__Lachnospirales;f__Lachnospiraceae	0.9983571401113631
14834b0cc5ca0e6eab79d5bed7d1b1f8	d__Bacteria;p__Firmicutes;c__Clostridia;o__Lachnospirales;f__Lachnospiraceae;g__Coprococcus;s__	0.719777002187299
8c8ed1541952ae94b9587a4af8af1e36	d__Bacteria;p__Firmicutes;c__Clostridia;o__Lachnospirales;f__Lachnospiraceae;g__Frisingicoccus;s__	0.8699623492604065
26ae985a9276037cb8d5cb01748c24dc	d__Bacteria;p__Firmicutes;c__Clostridia;o__Lachnospirales;f__Lachnospiraceae	0.996844072317645
1d554080ee2039b9ec5cef14886aca6e	d__Bacteria;p__Firmicutes;c__Clostridia;o__Lachnospirales;f__Lachnospiraceae;g__Frisingicoccus;s__	0.9325887312755533
54b79a96aac7ac05f0c1af18887acb13	d__Bacteria;p__Bacteroidota;c__Bacteroidia;o__Bacteroidales;f__Marinifilaceae;g__Butyricimonas;s__	0.9999997829199381
bfcd18a3b78674bcb4a0c5f539a6fff4	d__Bacteria;p__Firmicutes;c__Clostridia	0.7974557115608994
3dab67f0919a0e5f111b009176d85e2d	d__Bacteria;p__Firmicutes;c__Clostridia;o__Lachnospirales;f__Lachnospiraceae	0.9958810346912765
4547c2249fa770d2ca86bd4079553b50	d__Bacteria;p__Firmicutes;c__Bacilli;o__Lactobacillales;f__Lactobacillaceae;g__Leuconostoc;s__	0.9999945055673319
9ced780212d17a4c6189f4528819cc46	d__Bacteria;p__Firmicutes;c__Clostridia;o__Lachnospirales;f__Lachnospiraceae	0.9997009558859722
65f54690458170b9747f8a259dce5c82	d__Bacteria;p__Firmicutes;c__Bacilli;o__Lactobacillales;f__Lactobacillaceae;g__Weissella;s__	0.9999661710399558
ba65e173dbc745c60735cc35e40ec35c	d__Bacteria;p__Bacteroidota;c__Bacteroidia;o__Bacteroidales;f__Marinifilaceae;g__Butyricimonas;s__	0.9999985984957804
912ea8451d0af113d7010468166b94de	d__Bacteria;p__Firmicutes;c__Clostridia;o__Lachnospirales;f__Lachnospiraceae	0.9873012405552304
3ff21d45d040c998e6646d3b08190fc0	d__Bacteria;p__Firmicutes;c__Clostridia;o__Lachnospirales;f__Lachnospiraceae;g__[Eubacterium]_fissicatena_group;s__	0.9043824732795126
67d7c052adb2c093c160d4bb3ebe0f26	d__Bacteria;p__Firmicutes;c__Clostridia;o__Oscillospirales;f__[Eubacterium]_coprostanoligenes_group;g__[Eubacterium]_coprostanoligenes_group;s__	0.7586454826146888
2eed45ac939a996c2122e323073100c1	d__Bacteria;p__Verrucomicrobiota;c__Verrucomicrobiae;o__Verrucomicrobiales;f__Akkermansiaceae;g__Akkermansia;s__	0.9999974671975268
7856dd228924be60d46520038f800fad	d__Bacteria;p__Firmicutes;c__Clostridia;o__Oscillospirales;f__Oscillospiraceae;g__Pseudoflavonifractor;s__	0.8112540701322465
a638e95c52ec59c28c5ba11b999112e4	d__Bacteria;p__Firmicutes;c__Bacilli;o__Lactobacillales;f__Lactobacillaceae;g__Latilactobacillus;s__	0.9999985184953634
bf2d949fa111a78e434860cd84d7bfa1	d__Bacteria;p__Firmicutes;c__Clostridia;o__Oscillospirales;f__Ruminococcaceae;g__Incertae_Sedis;s__	0.9037145159892837
6f25097a8fcb2922288969982907b732	d__Bacteria;p__Bacteroidota;c__Bacteroidia;o__Bacteroidales;f__Bacteroidaceae;g__Bacteroides;s__	0.9988042042035254
c1ae22bf56a085a96de5e0b570cc1128	d__Bacteria;p__Firmicutes;c__Clostridia;o__Lachnospirales;f__Lachnospiraceae;g__Frisingicoccus;s__	0.916804705486016
4c22f0fa39b4f12d5aec0537558c2c07	d__Bacteria;p__Firmicutes;c__Clostridia;o__Lachnospirales;f__Lachnospiraceae;g__[Eubacterium]_hallii_group;s__	0.9220626706505421
6c9a34558fe740e40df6e96dca0f1c65	d__Bacteria;p__Firmicutes;c__Clostridia;o__Lachnospirales;f__Lachnospiraceae;g__Blautia;s__	0.912360455512621
9a70748694cdf8cbad9d0d82c05a7a9d	d__Bacteria;p__Firmicutes;c__Clostridia;o__Lachnospirales;f__Lachnospiraceae;g__Anaerostipes;s__	0.9980816140775224
8490f827480de6fd1ae81d98ab4e1ec7	d__Bacteria;p__Firmicutes;c__Clostridia;o__Oscillospirales;f__Ruminococcaceae	0.878020053167028
c8519ca827e7688fd0c543b01e5e3702	d__Bacteria;p__Firmicutes;c__Clostridia;o__Lachnospirales;f__Lachnospiraceae	0.9974865084793331
5dc299412219c0ccb48e4c2b49741fb6	d__Bacteria;p__Firmicutes;c__Clostridia;o__Lachnospirales;f__Lachnospiraceae;g__[Eubacterium]_hallii_group;s__	0.9346554537350585
93efde6752909345c5126653eccddcd5	d__Bacteria;p__Firmicutes;c__Clostridia;o__Lachnospirales;f__Lachnospiraceae;g__Blautia;s__	0.9081755589733739
d260c46a0f47f3dd56d38f99e2e4d243	d__Bacteria;p__Firmicutes;c__Clostridia;o__Oscillospirales;f__Ruminococcaceae;g__Incertae_Sedis;s__	0.7235814662543476
de9c70e018529bc256e0990a5625c728	d__Bacteria;p__Firmicutes;c__Clostridia;o__Oscillospirales	0.8254128375212478
5cafdbc507999c757189f9df8260a88a	d__Bacteria;p__Firmicutes;c__Clostridia;o__Lachnospirales;f__Lachnospiraceae	0.9068587950719983
8c6c8c4201377430933ef5b5842d0c63	d__Bacteria;p__Firmicutes;c__Clostridia;o__Lachnospirales;f__Lachnospiraceae	0.9996117699507767
3bcb15396dd1abfd0521f3e3a2dc52c2	d__Bacteria;p__Firmicutes;c__Clostridia;o__Lachnospirales;f__Lachnospiraceae	0.9978568841459492
e06e35e21ef1d07691c2b12126086d18	d__Bacteria;p__Firmicutes;c__Clostridia;o__Lachnospirales;f__Lachnospiraceae	0.9998385554258798
b50dae13ef5b92b024fd50f6cb27ec49	d__Bacteria;p__Bacteroidota;c__Bacteroidia;o__Bacteroidales;f__Bacteroidaceae;g__Bacteroides;s__	0.9961604568329752
b934b8ae3397c362f438fba4cfc6f57e	d__Bacteria;p__Firmicutes;c__Clostridia;o__Lachnospirales;f__Lachnospiraceae	0.9943022813752238
ba8c9ff90f62268c38cd2eead5e87fcd	d__Bacteria;p__Firmicutes;c__Clostridia;o__Lachnospirales;f__Lachnospiraceae;g__Marvinbryantia;s__	0.8996458420913775
7a91155cd747e654f113623eb939803b	d__Bacteria;p__Firmicutes;c__Clostridia;o__Lachnospirales;f__Lachnospiraceae	0.9996298830814219
f106b3c2434958bd86873eaf27757a90	d__Bacteria;p__Firmicutes;c__Clostridia;o__Oscillospirales;f__Ruminococcaceae	0.8559813224883671
6256953cfdd6e58fdd3d5f55a7119441	d__Bacteria;p__Actinobacteriota;c__Coriobacteriia;o__Coriobacteriales;f__Eggerthellaceae;g__Gordonibacter;s__	0.9983035450323913
be6ce58de25f9d7dad5b48d39b860a23	d__Bacteria;p__Bacteroidota;c__Bacteroidia;o__Bacteroidales;f__Marinifilaceae;g__Butyricimonas;s__	0.9999996957922869
c9926872b6445761905cdbd97f32e791	d__Bacteria;p__Firmicutes;c__Clostridia;o__Lachnospirales;f__Lachnospiraceae	0.9993231152666922
d6d4e17f3681c74b1ce43da3fa1791e1	d__Bacteria;p__Firmicutes;c__Clostridia;o__Oscillospirales	0.778221773451242
788f65013d01d71c74c3dbccde04894e	d__Bacteria;p__Firmicutes;c__Clostridia;o__Lachnospirales;f__Lachnospiraceae;g__Blautia;s__	0.9753986399191128
eacdcbc07b9fe82431765c2db9878d89	d__Bacteria;p__Firmicutes;c__Clostridia;o__Oscillospirales;f__Ruminococcaceae;g__Incertae_Sedis;s__	0.9332244326610604
55ce8cb59b934966ac08a7cb96ed5cb3	d__Bacteria;p__Firmicutes;c__Clostridia;o__Oscillospirales;f__Oscillospiraceae;g__Pseudoflavonifractor;s__	0.8287580390968549
967a71c5a52df6e4b3acd66a6071b133	d__Bacteria;p__Firmicutes;c__Clostridia;o__Lachnospirales;f__Lachnospiraceae	0.9972637969585887
1e135df5693accd700e58b71c8e8b463	d__Bacteria;p__Firmicutes;c__Clostridia;o__Lachnospirales;f__Lachnospiraceae;g__Blautia;s__	0.9477039647955091
ce77ea2b2b58c48e6926b50a47de4fca	d__Bacteria;p__Firmicutes;c__Clostridia;o__Lachnospirales;f__Lachnospiraceae	0.9997262065121907
2c1cafce772feb7dd76f55a58af4a215	d__Bacteria;p__Firmicutes;c__Clostridia;o__Lachnospirales;f__Lachnospiraceae;g__Hungatella;s__	0.9933572435761278
5ded62834a93ccb43b65e4fe3316c256	d__Bacteria;p__Firmicutes;c__Clostridia;o__Lachnospirales;f__Lachnospiraceae;g__Tuzzerella;s__	0.7842824808438852
dcf39cf9f6edc5bae575b7d6e08f5b22	d__Bacteria;p__Firmicutes;c__Clostridia;o__Lachnospirales;f__Lachnospiraceae;g__[Ruminococcus]_gnavus_group;s__	0.9941048483160442
43ca2155356cbd2a314143815a608bb5	d__Bacteria;p__Firmicutes;c__Clostridia;o__Lachnospirales;f__Lachnospiraceae;g__Blautia;s__	0.9523969879841291
4e9eb56ab1b2c8ddf269ff3854c404ab	d__Bacteria;p__Firmicutes;c__Clostridia;o__Oscillospirales;f__Butyricicoccaceae;g__Butyricicoccus;s__	0.9994610951989682
859583c491c7d6bba15e80d4b3167b04	d__Bacteria;p__Firmicutes;c__Clostridia;o__Lachnospirales;f__Lachnospiraceae;g__Dorea;s__	0.972460235541205
50bd35cd009d91462d2e479e80d1f4a5	d__Bacteria;p__Firmicutes;c__Clostridia;o__Lachnospirales;f__Lachnospiraceae	0.995716432740237
ad823a7d1572dc7073ebbf43114eaa8d	d__Bacteria;p__Firmicutes;c__Bacilli;o__Lactobacillales;f__Enterococcaceae;g__Enterococcus;s__	0.9980342594171582
c70976ab6a3d4c3d504cba9ed6908a89	d__Bacteria;p__Firmicutes;c__Clostridia;o__Oscillospirales;f__Butyricicoccaceae;g__Butyricicoccus;s__	0.9998527403564337
07a6154e443a737a7eecdb91bf1d3a3e	d__Bacteria;p__Firmicutes;c__Clostridia;o__Lachnospirales;f__Lachnospiraceae	0.9996500895932539
056cc8f41a96bc6d2e5441871945b520	d__Bacteria;p__Bacteroidota;c__Bacteroidia;o__Bacteroidales;f__Prevotellaceae;g__Prevotella;s__	0.7786589950083143
83cd9fb0b735206ccd521de59fb85653	d__Bacteria;p__Firmicutes;c__Clostridia;o__Lachnospirales;f__Lachnospiraceae;g__Blautia;s__	0.9578520423705978
b844b51822c1032257dc470a813b4adc	d__Bacteria;p__Firmicutes;c__Bacilli;o__Lactobacillales;f__Lactobacillaceae;g__Latilactobacillus;s__	0.9999997827244537
77e19cf0626f5829c910e322063e0457	d__Bacteria;p__Fusobacteriota;c__Fusobacteriia;o__Fusobacteriales;f__Fusobacteriaceae;g__Fusobacterium;s__	0.9997315436390296
db1ed6b3f85eda00f52baa13f9f39373	d__Bacteria;p__Firmicutes;c__Clostridia;o__Lachnospirales;f__Lachnospiraceae	0.8065134173943918
534d76df0eb6818b214e554da2fae81c	d__Bacteria;p__Firmicutes;c__Bacilli;o__Lactobacillales;f__Streptococcaceae;g__Lactococcus;s__	0.9999921827080717
37593e24e41c2f4605c93d40ae52e660	d__Bacteria;p__Firmicutes;c__Clostridia	0.9931508535768278
2cac954f065cd7728d2482e97daa000d	d__Bacteria;p__Firmicutes;c__Clostridia;o__Lachnospirales;f__Lachnospiraceae;g__Lachnoclostridium;s__	0.7348541727090784
368c7b8f1e8b0394d15cddd325f824f4	d__Bacteria;p__Firmicutes;c__Clostridia;o__Peptostreptococcales-Tissierellales;f__Peptostreptococcaceae;g__Intestinibacter;s__	0.9842567185437971
3ffd5c20d01b265863370208b53dd768	d__Bacteria;p__Firmicutes;c__Clostridia;o__Lachnospirales;f__Lachnospiraceae;g__Tuzzerella;s__	0.9640156379543956
9901ea6c7e1dfd5bd747ff273df40695	d__Bacteria;p__Firmicutes;c__Clostridia;o__Lachnospirales;f__Lachnospiraceae	0.9997067196472498
8284e1a1da030483bb10c14da15523cc	d__Bacteria;p__Bacteroidota;c__Bacteroidia;o__Bacteroidales;f__Bacteroidaceae;g__Bacteroides;s__	0.9858855061626256
c871893aedc07490a1b55602c7d8e056	d__Bacteria;p__Bacteroidota;c__Bacteroidia;o__Bacteroidales;f__Bacteroidaceae;g__Bacteroides;s__	0.9945786493333112
56eccef1bb360fd98b659e67ec70e06f	d__Bacteria;p__Proteobacteria;c__Gammaproteobacteria;o__Enterobacterales;f__Enterobacteriaceae;g__Escherichia-Shigella;s__	0.8159938139982554
2a15d84e78f130382f58911c59a09d89	d__Bacteria;p__Bacteroidota;c__Bacteroidia;o__Bacteroidales;f__Bacteroidaceae;g__Bacteroides;s__	0.9976682002089491
3e1f27e522b12b27d477011704d3da6b	d__Bacteria;p__Firmicutes;c__Clostridia;o__Lachnospirales;f__Lachnospiraceae;g__Fusicatenibacter;s__	0.9969753122433844
3efbba50135b684ffd040bd480bfe7f3	d__Bacteria;p__Firmicutes;c__Clostridia;o__Oscillospirales;f__Ruminococcaceae;g__Faecalibacterium;s__	0.9997859775106147
7887fa9c47c2d5f1e51459634f375adc	d__Bacteria;p__Firmicutes;c__Clostridia;o__Lachnospirales;f__Lachnospiraceae	0.9998565509778204
4a187597ac7587df61a94cba08b9d651	d__Bacteria;p__Firmicutes;c__Clostridia;o__Lachnospirales;f__Lachnospiraceae	0.9997883630637515
36ac0c150b0d179df989b5390817f09e	d__Bacteria;p__Firmicutes;c__Clostridia;o__Oscillospirales;f__Ruminococcaceae;g__Faecalibacterium;s__	0.9960312717143405
88a7f747657922c1f6a94576d72dfa8f	d__Bacteria;p__Firmicutes;c__Negativicutes;o__Veillonellales-Selenomonadales;f__Veillonellaceae;g__Dialister;s__	0.9999294680310128
87778d723641ed9028474244a99671f7	d__Bacteria;p__Firmicutes;c__Clostridia;o__Oscillospirales;f__[Eubacterium]_coprostanoligenes_group;g__[Eubacterium]_coprostanoligenes_group;s__	0.9461333313518027
4b2ff377e13af9e2c247b36321a7fac5	d__Bacteria;p__Bacteroidota;c__Bacteroidia;o__Bacteroidales;f__Rikenellaceae;g__Alistipes;s__	0.9969247400267705
2a742a3760de67fe8ce604eed7f52473	d__Bacteria;p__Firmicutes;c__Clostridia;o__Lachnospirales;f__Lachnospiraceae	0.9997667687450774
ec2ba16493ce57e03aa076fc726f6380	d__Bacteria;p__Firmicutes;c__Clostridia;o__Lachnospirales;f__Lachnospiraceae;g__Lachnoclostridium;s__	0.7640745091840199
36e8244462493e41e31f18282aa7e4ce	d__Bacteria;p__Firmicutes;c__Negativicutes;o__Veillonellales-Selenomonadales;f__Veillonellaceae;g__Dialister;s__	0.9999845489110565
260ff8078f480d2a4331810a16e2a30a	d__Bacteria;p__Firmicutes;c__Clostridia;o__Oscillospirales;f__Butyricicoccaceae;g__Butyricicoccus;s__	0.9995601697127116
4b937a5a7c4019091a5684868096fbf3	d__Bacteria;p__Firmicutes;c__Clostridia;o__Lachnospirales;f__Lachnospiraceae	0.9988498526867507
3e1ff56d7472031b30af6c4a00a785ac	d__Bacteria;p__Firmicutes;c__Clostridia;o__Lachnospirales;f__Lachnospiraceae;g__Lachnospiraceae_UCG-004;s__	0.893925413009433
676d7c989081568d33845a9eca5a4607	d__Bacteria;p__Firmicutes;c__Clostridia;o__Lachnospirales;f__Lachnospiraceae;g__Lachnospiraceae_UCG-004;s__	0.8758080449427347
821cd1b32386c59abeee20c9fe01a1e0	d__Bacteria;p__Firmicutes;c__Clostridia;o__Lachnospirales;f__Lachnospiraceae;g__Lachnoclostridium;s__	0.8313487350777676
1cddc3e1857756a63437da2b5fd7b435	d__Bacteria;p__Firmicutes;c__Clostridia;o__Lachnospirales;f__Lachnospiraceae;g__[Eubacterium]_hallii_group;s__	0.9911941291817025
7162ee22225c8d5f719f5065a53a687f	d__Bacteria;p__Firmicutes;c__Clostridia;o__Lachnospirales;f__Lachnospiraceae;g__Lachnospiraceae_UCG-004;s__	0.7843820774341358
40c69a52e28f45568b60a861f80b107f	d__Bacteria;p__Firmicutes;c__Clostridia;o__Lachnospirales;f__Lachnospiraceae	0.9967365044333678
365085c95e4fefd47b7d945e637653ff	d__Bacteria;p__Firmicutes;c__Clostridia;o__Oscillospirales;f__Oscillospiraceae;g__Flavonifractor;s__	0.9999636581463306
cb3f23071cf24f5c0ca55e1360cd0e7c	d__Bacteria;p__Firmicutes;c__Clostridia;o__Lachnospirales;f__Lachnospiraceae;g__Lachnospiraceae_UCG-004;s__	0.8610339657651169
2faef6ac22b3be33407496742a6ffe33	d__Bacteria;p__Firmicutes;c__Clostridia;o__Lachnospirales;f__Lachnospiraceae;g__[Eubacterium]_ventriosum_group;s__	0.8493669032585003
823ca3d22e6515247a0fa4233afd3f80	d__Bacteria;p__Firmicutes;c__Clostridia;o__Lachnospirales;f__Lachnospiraceae;g__Dorea;s__	0.9186795350077839
49f1e8733627250b9642f14fdbe1dab9	d__Bacteria;p__Firmicutes;c__Clostridia;o__Oscillospirales;f__Oscillospiraceae	0.9933640703878086
7c926c3ddaaab3cd1f8252c8023584ef	d__Bacteria;p__Firmicutes;c__Clostridia;o__Lachnospirales;f__Lachnospiraceae	0.9868917790860069
346ee70483ef44fba7ae5e07e6a46de9	d__Bacteria;p__Firmicutes;c__Clostridia;o__Lachnospirales;f__Lachnospiraceae;g__Lachnospira;s__	0.9567993159173882
a1ee04deb861e3c424596bf129ab6b0f	d__Bacteria;p__Firmicutes;c__Clostridia;o__Lachnospirales;f__Lachnospiraceae;g__Lachnospiraceae_ND3007_group;s__	0.9998621085629205
e08ef23cecc7892a503d3c59be00f784	d__Bacteria;p__Firmicutes;c__Clostridia;o__Lachnospirales;f__Lachnospiraceae	0.9990761847982252
c0a81a027769639a5f10c4aae23aaea7	d__Bacteria;p__Firmicutes;c__Bacilli;o__Lactobacillales;f__Streptococcaceae;g__Streptococcus;s__	0.9999245420035934
6912c58020d6834b9338a47ffaa32ace	d__Bacteria;p__Firmicutes;c__Clostridia;o__Lachnospirales;f__Lachnospiraceae	0.9967582127592551
0d288a28d253934046bc96d0c82b9ae9	d__Bacteria;p__Firmicutes;c__Clostridia;o__Lachnospirales;f__Lachnospiraceae;g__Dorea;s__	0.8252229970922863
7edd37f4798892f3ff3e084a1c24bb91	d__Bacteria;p__Firmicutes;c__Bacilli;o__Lactobacillales;f__Streptococcaceae;g__Streptococcus;s__	0.9999749493530997
014c48d5c7153540a28138ee2555b37e	d__Bacteria;p__Firmicutes;c__Clostridia;o__Lachnospirales;f__Lachnospiraceae;g__Blautia;s__	0.9691366212790695
55b83d0d1da615dfd1bc4aae1e209a48	d__Bacteria;p__Firmicutes;c__Clostridia;o__Lachnospirales;f__Lachnospiraceae;g__Blautia;s__	0.9674538160139473
c424a61c62efcec8e4e23e9559fc56c4	d__Bacteria;p__Firmicutes;c__Clostridia;o__Lachnospirales;f__Lachnospiraceae;g__Tuzzerella;s__	0.8843479232345733
588a3c947f1a4de2575a16ab65464111	d__Bacteria;p__Firmicutes;c__Clostridia;o__Lachnospirales;f__Lachnospiraceae	0.9961336461632236
3776cdabaf57827b391b8634cb3ea64c	d__Bacteria;p__Firmicutes;c__Clostridia;o__Monoglobales;f__Monoglobaceae;g__Monoglobus;s__	0.9973419947145686
ec599b3564c054eb879c567ec5ce79cb	d__Bacteria;p__Firmicutes;c__Clostridia;o__Lachnospirales;f__Lachnospiraceae;g__Tuzzerella;s__	0.9697769956711119
c10601e62f638cb0c652b33e2edd8d36	d__Bacteria;p__Firmicutes;c__Clostridia;o__Lachnospirales;f__Lachnospiraceae;g__Tuzzerella;s__	0.9560510785792333
239a72ddf0d7a44d939451f6378dbbc0	d__Bacteria;p__Bacteroidota;c__Bacteroidia;o__Bacteroidales;f__Bacteroidaceae;g__Bacteroides;s__	0.9050139162143059
6f494f0f1ce585930a746b38fbd49ce5	d__Bacteria;p__Actinobacteriota;c__Actinobacteria;o__Bifidobacteriales;f__Bifidobacteriaceae;g__Bifidobacterium;s__	0.9998006280104649
856a2ec463cc05baa29a3ab6a6c54909	d__Bacteria;p__Firmicutes;c__Bacilli;o__Erysipelotrichales;f__Erysipelotrichaceae;g__Holdemanella;s__	0.9999904604814259
d746ab69552e80631942414892e7629c	d__Bacteria;p__Firmicutes;c__Negativicutes;o__Veillonellales-Selenomonadales;f__Veillonellaceae;g__Dialister;s__	0.9962843025808475
8d60a1359fb181044143734b8886adfb	d__Bacteria;p__Bacteroidota;c__Bacteroidia;o__Bacteroidales;f__Prevotellaceae	0.9952694107224102
29b04b3f40e100163a2535152e1fd4c3	d__Bacteria;p__Firmicutes;c__Negativicutes;o__Veillonellales-Selenomonadales;f__Veillonellaceae;g__Megasphaera;s__	0.9999934809617523
c7c29d030b6c8207ef38555847690777	d__Bacteria;p__Bacteroidota;c__Bacteroidia;o__Bacteroidales;f__Prevotellaceae;g__uncultured;s__	0.9984564615513388
da1d7323affa3b8f445221690c2b511c	d__Bacteria;p__Bacteroidota;c__Bacteroidia;o__Bacteroidales;f__Prevotellaceae;g__Prevotella_9;s__	0.9999416086784894
a9880bb4fef451eeb144bc46efa4352f	d__Bacteria;p__Firmicutes;c__Negativicutes;o__Acidaminococcales;f__Acidaminococcaceae;g__Acidaminococcus;s__	0.9994851804680261
c376c1474e63cbc16bca10a476c2e86f	d__Bacteria;p__Bacteroidota;c__Bacteroidia;o__Bacteroidales;f__Prevotellaceae;g__Prevotella_9;s__	0.9999854012795972
e1b9c9700570d71e42afe8f04d687a46	d__Bacteria;p__Bacteroidota;c__Bacteroidia;o__Bacteroidales;f__Bacteroidaceae;g__Bacteroides;s__	0.9445777779126708
ca509308cd189c1310511337d57af41b	d__Bacteria;p__Proteobacteria;c__Gammaproteobacteria;o__Enterobacterales	0.7142142720266396
79ba04404d4c223c93d91f614057dd5d	d__Bacteria;p__Firmicutes;c__Negativicutes;o__Veillonellales-Selenomonadales;f__Veillonellaceae;g__Megasphaera;s__	0.99996981962601
314b942b36951d8964871bac5962bf08	d__Bacteria;p__Bacteroidota;c__Bacteroidia;o__Bacteroidales;f__Prevotellaceae;g__Paraprevotella;s__	0.9998788262622256
10004d644158265502f7a662720825db	d__Bacteria;p__Bacteroidota;c__Bacteroidia;o__Bacteroidales;f__Prevotellaceae;g__Prevotellaceae_NK3B31_group;s__	0.9905970770270043
cf79fab94121dda96ba497c68f13276a	d__Bacteria;p__Firmicutes;c__Clostridia;o__Oscillospirales;f__Ruminococcaceae;g__Incertae_Sedis;s__	0.9931932192744868
fa925f5fc29d3ce136c8f39dd8588eb2	d__Bacteria;p__Bacteroidota;c__Bacteroidia;o__Bacteroidales;f__Prevotellaceae;g__Prevotella_9;s__	0.9999676095439325
d314d44e0127f21a101fb57f29ded8b2	d__Bacteria;p__Bacteroidota;c__Bacteroidia;o__Bacteroidales;f__Prevotellaceae;g__Prevotellaceae_NK3B31_group;s__	0.9866680200893189
594b401b7903a26932d0f1c7430b051d	d__Bacteria;p__Bacteroidota;c__Bacteroidia;o__Bacteroidales;f__Prevotellaceae;g__Prevotella_9;s__	0.9999566684970881
3f7bba064a1a29ed898b4ae562a3801a	d__Bacteria;p__Firmicutes;c__Clostridia;o__Lachnospirales;f__Lachnospiraceae;g__Agathobacter;s__	0.9791906533511524
2e2bb3d702c6554a7adc2e43ba178e2e	d__Bacteria;p__Firmicutes;c__Clostridia;o__Lachnospirales;f__Lachnospiraceae;g__Agathobacter;s__	0.9786593054695439
370476feb5c88067c86a17a00c8c263e	d__Bacteria;p__Bacteroidota;c__Bacteroidia;o__Bacteroidales;f__Muribaculaceae;g__Muribaculaceae;s__	0.9699852732801255
0c02c4fd8c831b6bdabad0150131a71d	d__Bacteria;p__Firmicutes;c__Clostridia;o__Oscillospirales;f__Ruminococcaceae;g__Subdoligranulum;s__	0.9825320373926963
8db7a31372ea7566dad128b688e21b01	d__Bacteria;p__Firmicutes;c__Negativicutes;o__Veillonellales-Selenomonadales;f__Veillonellaceae;g__Megasphaera;s__	0.9999936760366966
8c21f17e39fb9f9c2e5388f194b61525	d__Bacteria;p__Firmicutes;c__Clostridia;o__Lachnospirales;f__Lachnospiraceae	0.9997294269332826
76217c5d52094096df9b3dbb4863c5e3	d__Bacteria;p__Firmicutes;c__Negativicutes;o__Acidaminococcales;f__Acidaminococcaceae;g__Acidaminococcus;s__	0.9974737972167578
53cf156f9d8a5968c71a9a72b45a2d76	d__Bacteria;p__Firmicutes;c__Clostridia;o__Oscillospirales;f__Ruminococcaceae;g__Faecalibacterium;s__	0.9997401054981567
bec79c6ffbe73e30201a753d01b8fdb5	d__Bacteria;p__Firmicutes;c__Bacilli;o__Lactobacillales;f__Enterococcaceae;g__Enterococcus;s__	0.966787964615628
8f81f25d23f77f670b98fa0a3deaa956	d__Bacteria;p__Bacteroidota;c__Bacteroidia;o__Bacteroidales;f__Muribaculaceae;g__Muribaculaceae;s__	0.9461825865374841
c23911a9157c45a9a25ebf6a1d1239ca	d__Bacteria;p__Firmicutes;c__Clostridia;o__Oscillospirales;f__Ruminococcaceae;g__Faecalibacterium;s__	0.9996330221931847
c74dd15f86913edde7a901e35a279ff5	d__Bacteria;p__Bacteroidota;c__Bacteroidia;o__Bacteroidales;f__Bacteroidaceae;g__Bacteroides;s__	0.9978941063978978
d1255221c8bf2b2a4986e596aa9a5cdc	d__Bacteria;p__Firmicutes;c__Clostridia;o__Oscillospirales;f__Ruminococcaceae;g__Faecalibacterium;s__	0.9996072174525769
9b799458afbc076c2388cbf9ebd21f14	d__Bacteria;p__Bacteroidota;c__Bacteroidia;o__Bacteroidales;f__Prevotellaceae;g__Prevotellaceae_NK3B31_group;s__	0.9875001038284404
4848ab0a05039ce938137206d0c3c7bb	d__Bacteria;p__Firmicutes;c__Clostridia;o__Lachnospirales;f__Lachnospiraceae;g__Agathobacter;s__	0.9812253087076155
97a8c6c8ac12583382d0ded43629a02f	d__Bacteria;p__Firmicutes;c__Negativicutes;o__Veillonellales-Selenomonadales;f__Veillonellaceae;g__Megasphaera;s__	0.9999868788154854
51148b65810a840fe0fbd13612ff43af	d__Bacteria;p__Bacteroidota;c__Bacteroidia;o__Bacteroidales;f__Tannerellaceae;g__Parabacteroides;s__	0.9998033616157233
7ce327228fc0f02394e4f56247b085cc	d__Bacteria;p__Desulfobacterota;c__Desulfovibrionia;o__Desulfovibrionales;f__Desulfovibrionaceae;g__Desulfovibrio;s__	0.9083065364810602
a5d06b26d4d328c45c1eeca6286d12a5	d__Bacteria;p__Firmicutes;c__Clostridia;o__Lachnospirales;f__Lachnospiraceae	0.9998454436996238
c3b36a658c776d8bf37d69737eb4b8b2	d__Bacteria;p__Proteobacteria;c__Gammaproteobacteria;o__Enterobacterales;f__Succinivibrionaceae	0.7208101910134452
9c039bbcf767d4a2629872332bb0df44	d__Bacteria;p__Firmicutes;c__Clostridia;o__Lachnospirales;f__Lachnospiraceae	0.9999091024436807
e61bf8dd5ad84225427e5d786854ab3b	d__Bacteria;p__Firmicutes;c__Clostridia;o__Oscillospirales;f__Ruminococcaceae;g__Faecalibacterium;s__	0.9997840329713947
44fbde89789e10ee92434ba4d75d751a	d__Bacteria;p__Firmicutes;c__Clostridia;o__Lachnospirales;f__Lachnospiraceae;g__Dorea;s__	0.958489809268048
e2728959ba63a64871088c3a9ad6f8ea	d__Bacteria;p__Firmicutes;c__Clostridia;o__Oscillospirales;f__Oscillospiraceae;g__UCG-002;s__	0.9828669084351508
aba6410511cba6e8e15685f9dd214611	d__Bacteria;p__Bacteroidota;c__Bacteroidia;o__Bacteroidales;f__Prevotellaceae;g__Prevotella_9;s__	0.9999104728227002
45515f4f8a101c32b609e156bb92ff57	d__Bacteria	0.9964247655911758
aa3243e66b869414427ff60922997485	d__Bacteria;p__Firmicutes;c__Clostridia;o__Oscillospirales;f__Ruminococcaceae;g__Faecalibacterium;s__	0.9996531645033867
5bd303cdfad6a12850faf08e5d12d728	d__Bacteria;p__Firmicutes;c__Clostridia;o__Oscillospirales;f__Oscillospiraceae;g__UCG-002;s__	0.9499907697031096
620e625f0007d0853c6a38b4e04eab12	d__Bacteria;p__Bacteroidota;c__Bacteroidia;o__Bacteroidales;f__Bacteroidaceae;g__Bacteroides;s__	0.997142887136433
82c8c9ac9ee948e5d455c1d4d9fcaf17	d__Bacteria;p__Bacteroidota;c__Bacteroidia;o__Bacteroidales;f__Bacteroidaceae;g__Bacteroides;s__	0.999437341833026
ee07f0272c0d48958a93cfee974017a4	d__Bacteria;p__Bacteroidota;c__Bacteroidia;o__Bacteroidales;f__Prevotellaceae;g__uncultured;s__	0.9980547129321837
2d2e42bb868b34bf2d55de37d1e19e0e	d__Bacteria;p__Bacteroidota;c__Bacteroidia;o__Bacteroidales;f__Prevotellaceae;g__Paraprevotella;s__	0.9999777138187997
bb9f25b5db8b5303425a32b45f784f9e	d__Bacteria;p__Bacteroidota;c__Bacteroidia;o__Bacteroidales;f__Bacteroidaceae;g__Bacteroides;s__	0.9992831310806962
5d328136622a77ba29d3e86c5d05a6b1	d__Bacteria;p__Firmicutes;c__Bacilli;o__Erysipelotrichales;f__Erysipelotrichaceae;g__Holdemanella;s__	0.9999743463554802
c69bf8b5c1761725bb052a0415cfd4ce	d__Bacteria;p__Firmicutes;c__Clostridia;o__Lachnospirales;f__Lachnospiraceae	0.9999368251663854
1bb34956fbb0ca759bba0fbc147f300f	d__Bacteria;p__Firmicutes;c__Clostridia;o__Lachnospirales;f__Lachnospiraceae;g__Dorea;s__	0.893184213064054
dec8394ffff036a8c846ea80acf50734	d__Bacteria;p__Firmicutes;c__Clostridia;o__Monoglobales;f__Monoglobaceae;g__Monoglobus;s__	0.9914027692686296
bca34c069770e223a62ebb6e337b5899	d__Bacteria	0.9955600687296324
5af32d0e30c78364a8e2b6474810f17c	d__Bacteria;p__Desulfobacterota;c__Desulfovibrionia;o__Desulfovibrionales;f__Desulfovibrionaceae;g__Desulfovibrio;s__	0.8009319666737104
5f11b5666c13217082285032a280b590	d__Bacteria;p__Firmicutes;c__Clostridia;o__Lachnospirales;f__Lachnospiraceae	0.9987070410460742
69d8decd51d0c2ba37c223fc7aa90ccd	d__Bacteria;p__Bacteroidota;c__Bacteroidia;o__Bacteroidales;f__Bacteroidaceae;g__Bacteroides;s__	0.9998070332305384
fa5cee08c5ed18686658f39a2ccbb242	d__Bacteria;p__Firmicutes;c__Clostridia;o__Oscillospirales	0.9529977703001572
2967a361fd801751da73ac1097321a2e	d__Bacteria;p__Desulfobacterota;c__Desulfovibrionia;o__Desulfovibrionales;f__Desulfovibrionaceae;g__Desulfovibrio;s__	0.8784751247470657
50ff62aa0db2aad9e1ef9185e0aa4981	d__Bacteria;p__Firmicutes;c__Clostridia;o__Lachnospirales;f__Lachnospiraceae	0.9994748930975155
0f5ff4691310ef4cb0752cfd491e0e73	d__Bacteria;p__Firmicutes;c__Clostridia;o__Lachnospirales;f__Lachnospiraceae;g__[Ruminococcus]_torques_group;s__	0.753548941357668
28cfec622f2cb37a2606205e6431decf	d__Bacteria;p__Firmicutes;c__Clostridia;o__Lachnospirales;f__Lachnospiraceae;g__Blautia;s__	0.8996066672465793
389fccc56fdf7d6bd3d753dc5904a7bd	d__Bacteria;p__Firmicutes;c__Clostridia;o__Oscillospirales;f__Oscillospiraceae;g__UCG-002;s__	0.7038132155789059
cc10891e85c56795821ff55abc73a60b	d__Bacteria;p__Firmicutes;c__Clostridia;o__Oscillospirales;f__Oscillospiraceae;g__UCG-002;s__	0.9913629932948212
11f82acd55808483dce8b840933efe19	d__Bacteria;p__Desulfobacterota;c__Desulfovibrionia;o__Desulfovibrionales;f__Desulfovibrionaceae;g__Desulfovibrio;s__	0.8454132812037377
a83e5884b1157e6f9bc59fda26c5d666	d__Bacteria;p__Firmicutes;c__Clostridia;o__Lachnospirales;f__Lachnospiraceae;g__Coprococcus;s__	0.7846582898546519
830f6b48a760d6ac8da62e3b37f19bd3	d__Bacteria;p__Bacteroidota;c__Bacteroidia;o__Bacteroidales;f__Prevotellaceae;g__Prevotella;s__	0.9033073597984491
46e81ef4aa661614fbff1bd7be5f5eb5	d__Bacteria;p__Firmicutes;c__Clostridia;o__Lachnospirales;f__Lachnospiraceae	0.9998305206443986
433724539dcc93c20a54b084b1c329e6	d__Bacteria;p__Firmicutes;c__Clostridia;o__Lachnospirales;f__Lachnospiraceae	0.9995782356841738
5b11d1ea7ab7074db394e3fba0de9214	d__Bacteria;p__Firmicutes;c__Clostridia;o__Oscillospirales;f__Ruminococcaceae;g__Subdoligranulum;s__	0.9729129936101107
4a19f6207d6f940fc0fe9c2d23593801	d__Bacteria;p__Firmicutes;c__Clostridia;o__Oscillospirales;f__Oscillospiraceae;g__Oscillospira;s__	0.9854912226930571
26a71361e11e301564ec04244de185ed	d__Bacteria;p__Desulfobacterota;c__Desulfovibrionia;o__Desulfovibrionales;f__Desulfovibrionaceae;g__Desulfovibrio;s__	0.8814087989628877
3db7ec765e59009173b1c6a0f87cbf69	d__Bacteria;p__Firmicutes;c__Clostridia;o__Lachnospirales;f__Lachnospiraceae	0.9996718438813066
4d2a0126db63a5b92bf3275c83aa8b84	d__Bacteria;p__Firmicutes;c__Clostridia;o__Lachnospirales;f__Lachnospiraceae;g__[Eubacterium]_hallii_group;s__	0.9947159539938913
07e77cc0defb9136fae558631d76a1dd	d__Bacteria;p__Firmicutes;c__Clostridia;o__Lachnospirales;f__Lachnospiraceae;g__Dorea;s__	0.7584536682221872
8fffd0c4df664eb78f17d84c70576469	d__Bacteria;p__Bacteroidota;c__Bacteroidia;o__Bacteroidales;f__Marinifilaceae;g__Butyricimonas;s__	0.9999993786047495
820baa780f328ee863dad662dd06f3c1	d__Bacteria;p__Firmicutes;c__Clostridia;o__Lachnospirales;f__Lachnospiraceae;g__Blautia;s__	0.9215134150726583
54a6456debc27a06ff63e6cd560dfde0	d__Bacteria;p__Bacteroidota;c__Bacteroidia;o__Bacteroidales;f__Marinifilaceae;g__Butyricimonas;s__	0.9999996908730588
9b3f5dfe6bb485c9a1a7c42c14a88b3c	d__Bacteria;p__Firmicutes;c__Clostridia;o__Lachnospirales;f__Lachnospiraceae	0.9996887997061377
6ec27c6d076b4ce6de3bbd4a7fd1cbf6	d__Bacteria;p__Desulfobacterota;c__Desulfovibrionia;o__Desulfovibrionales;f__Desulfovibrionaceae;g__Desulfovibrio;s__	0.9162601306979907
753a2d929303a9a4314ce91a436bc4c0	d__Bacteria;p__Bacteroidota;c__Bacteroidia;o__Bacteroidales;f__Prevotellaceae;g__Prevotella;s__	0.9038687725733338
34d683554ac57797ff7ddafdd46db8c0	d__Bacteria;p__Firmicutes;c__Clostridia;o__Lachnospirales;f__Lachnospiraceae	0.999067562930517
24eb1ab46ffdb54366f2b2e6f68915ab	d__Bacteria;p__Actinobacteriota;c__Coriobacteriia;o__Coriobacteriales;f__Coriobacteriales_Incertae_Sedis;g__uncultured;s__	0.9959498143140705
c8126a24948c8d9067fd687567fb701f	d__Bacteria;p__Firmicutes;c__Clostridia;o__Lachnospirales;f__Lachnospiraceae;g__[Ruminococcus]_torques_group;s__	0.8531399758394602
9529782cf56cbf5a4567777d3dae2c0d	d__Bacteria;p__Firmicutes;c__Clostridia;o__Lachnospirales;f__Lachnospiraceae	0.9995027047042535
5848f8c6661fd8181cd72aa172052caa	d__Bacteria;p__Firmicutes;c__Clostridia;o__Oscillospirales;f__Oscillospiraceae	0.9900182794511321
23a56afaedba3ec00869b579bc2cdf23	d__Bacteria;p__Firmicutes;c__Clostridia;o__Lachnospirales;f__Lachnospiraceae;g__Fusicatenibacter;s__	0.9992567372682146
d8ffc33bd709e43ee6e5c1dc2abd4de0	d__Bacteria;p__Firmicutes;c__Clostridia;o__Oscillospirales;f__Oscillospiraceae;g__UCG-003;s__	0.958204830623945
675e3fce9abc02c386f2261c0c02f6a1	d__Bacteria;p__Firmicutes;c__Bacilli;o__Erysipelotrichales;f__Erysipelatoclostridiaceae;g__Erysipelatoclostridium;s__	0.7955923461271867
5f850672986655faa60a6d05de870df9	d__Bacteria;p__Firmicutes;c__Clostridia;o__Lachnospirales;f__Lachnospiraceae;g__Blautia;s__	0.9645766959543977
2dbca07d6e15723d7151681113e511c6	d__Bacteria	0.9992631530650606
7080531029f699b057c67c971e244f98	d__Bacteria;p__Firmicutes;c__Clostridia	0.9847848625549909
eeb06dc46dbdf03fd16c65c7d31706c4	d__Bacteria;p__Firmicutes;c__Clostridia;o__Lachnospirales;f__Lachnospiraceae	0.999938300283654
5a8a49c8a71fa8cdde386bd095173d57	d__Bacteria;p__Firmicutes;c__Clostridia;o__Oscillospirales;f__Ruminococcaceae	0.9466424978569855
31a5e1de31b0d74ccd6ac0ab3d7e5de2	d__Bacteria;p__Firmicutes;c__Clostridia;o__Peptostreptococcales-Tissierellales;f__Anaerovoracaceae;g__Family_XIII_UCG-001;s__	0.7542350802479086
264e62ec5dfb84d8868635b2cca49f62	d__Bacteria;p__Bacteroidota;c__Bacteroidia;o__Bacteroidales;f__Marinifilaceae;g__Butyricimonas;s__	0.9999994761971558
ae59277e7ad13418b3644ccd40b50717	d__Bacteria;p__Firmicutes;c__Clostridia;o__Lachnospirales;f__Lachnospiraceae;g__Fusicatenibacter;s__	0.9992509285746124
411f6a5c645d7d55becf3b34d338ff0c	d__Bacteria;p__Firmicutes;c__Clostridia;o__Oscillospirales;f__Ruminococcaceae;g__UBA1819;s__	0.9997567089867946
c57ce512643f9d424915b28e5f5b9fd6	d__Bacteria;p__Firmicutes;c__Clostridia;o__Lachnospirales;f__Lachnospiraceae	0.9998581415225378
3707cca7f978847b65b4094e0610b0af	d__Bacteria;p__Firmicutes;c__Clostridia;o__Oscillospirales	0.7809679448133696
5826c68e560a40e4aaac3b1d19af6620	d__Bacteria;p__Firmicutes;c__Clostridia;o__Peptostreptococcales-Tissierellales;f__Peptostreptococcaceae;g__Romboutsia;s__	0.736625231832905
b961fb0778f826031ee832e545c591db	d__Bacteria;p__Firmicutes;c__Clostridia;o__Oscillospirales;f__Butyricicoccaceae;g__Butyricicoccus;s__	0.9733003357782817
688a950e1844ccd508e5db796b7260b4	d__Bacteria;p__Firmicutes;c__Clostridia;o__Lachnospirales;f__Lachnospiraceae	0.9985446151875645
4ad346c7483b3e0d0b94864fb8bed9cd	d__Bacteria;p__Firmicutes;c__Clostridia;o__Lachnospirales;f__Lachnospiraceae	0.9999720549851483
cdb965cc3510319e7526db3073dc013a	d__Bacteria;p__Firmicutes;c__Bacilli;o__Erysipelotrichales;f__Erysipelatoclostridiaceae;g__Erysipelotrichaceae_UCG-003;s__	0.9997945546645877
c29d275baf10ef9cd59b92e1369f07e9	d__Bacteria;p__Firmicutes;c__Clostridia;o__Lachnospirales;f__Lachnospiraceae	0.9983246639715078
52156f1532255937babe8ecdf0c01a6b	d__Bacteria;p__Firmicutes;c__Clostridia;o__Oscillospirales;f__[Clostridium]_methylpentosum_group;g__[Clostridium]_methylpentosum_group;s__	0.9774361924838301
5f3f67f1963bd3ddfeee18ca2f30040f	d__Bacteria;p__Firmicutes;c__Clostridia;o__Lachnospirales;f__Lachnospiraceae;g__Lachnoclostridium;s__	0.8111867864761079
43ed7f4e7d758b1354b43033c655c657	d__Bacteria;p__Firmicutes;c__Clostridia;o__Lachnospirales;f__Lachnospiraceae	0.9988266680886851
904c2eb64b9417437d3e00e2ae333902	d__Bacteria;p__Firmicutes;c__Clostridia;o__Oscillospirales;f__Ruminococcaceae;g__Faecalibacterium;s__	0.997451291124004
2f318b0bc6fba4eb3e81d0d2b3ed61fd	d__Bacteria;p__Firmicutes;c__Clostridia;o__Lachnospirales;f__Lachnospiraceae	0.9992521631256438
c4cff4b5a01b3f925f0fbe7d083d04de	d__Bacteria;p__Firmicutes;c__Clostridia;o__Oscillospirales;f__Ruminococcaceae;g__uncultured;s__	0.7469645662446028
0dcd96dca55b00e308d591fb78ad1217	d__Bacteria;p__Firmicutes;c__Clostridia;o__Oscillospirales;f__Oscillospiraceae	0.9947911010190023
6fea3ee1b50c9dbcadae77bfe630dbfc	d__Bacteria;p__Firmicutes;c__Clostridia;o__Lachnospirales;f__Lachnospiraceae;g__Blautia;s__	0.9509229104896092
52e1ae3b79e64a7217a0ff3bf654f116	d__Bacteria;p__Firmicutes;c__Bacilli;o__Erysipelotrichales;f__Erysipelatoclostridiaceae;g__Erysipelotrichaceae_UCG-003;s__	0.9999997506571559
5b1feb7bc240c520fbc98e3d47b672d5	d__Bacteria;p__Bacteroidota;c__Bacteroidia;o__Bacteroidales;f__Bacteroidaceae;g__Bacteroides;s__	0.9980141492139143
9bc5b897ec2b3e0e23ebe919d71182b4	d__Bacteria;p__Firmicutes;c__Clostridia;o__Lachnospirales;f__Lachnospiraceae;g__Blautia;s__	0.9296873244062475
b0744eec62acf4284628d3128eee2280	d__Bacteria;p__Actinobacteriota;c__Actinobacteria;o__Bifidobacteriales;f__Bifidobacteriaceae;g__Bifidobacterium;s__	0.9999837416895258
f22b3e6c0125ca6485ee363370577a15	d__Bacteria;p__Firmicutes;c__Clostridia;o__Lachnospirales;f__Lachnospiraceae;g__[Ruminococcus]_gnavus_group;s__	0.9608436757902948
e20441c27a4f7653e19822d498cf3a2a	d__Bacteria;p__Firmicutes;c__Clostridia;o__Oscillospirales;f__Ruminococcaceae;g__Faecalibacterium;s__	0.9993002258832101
182d02b14563730463bd99f8b489d08f	d__Bacteria;p__Firmicutes;c__Negativicutes;o__Veillonellales-Selenomonadales;f__Veillonellaceae;g__Megasphaera;s__	0.9830040465107753
27ce7fe413c1537b91bc0b0231e23208	d__Bacteria;p__Bacteroidota;c__Bacteroidia;o__Bacteroidales;f__Bacteroidaceae;g__Bacteroides;s__	0.998634174350996
934438f66822c5db058ebb312a1afb61	d__Bacteria;p__Firmicutes;c__Clostridia;o__Oscillospirales;f__Ruminococcaceae;g__Faecalibacterium;s__	0.9988706476764524
a91afe3c9a8ca9fca7495fc9ea9d4453	d__Bacteria;p__Firmicutes;c__Clostridia;o__Lachnospirales;f__Lachnospiraceae;g__Blautia;s__	0.9576909304304622
daf3021af789f10ead5be1baf7e9c1ba	d__Bacteria;p__Bacteroidota;c__Bacteroidia;o__Bacteroidales;f__Tannerellaceae;g__Parabacteroides;s__	0.916288267343832
a9fd845a861dff972b2157f3606c456b	d__Bacteria;p__Firmicutes;c__Clostridia;o__Oscillospirales;f__Ruminococcaceae;g__Faecalibacterium;s__	0.9994810232145542
daa2fb37c95729bb14bbb3f6f0c523ea	d__Bacteria;p__Bacteroidota;c__Bacteroidia;o__Bacteroidales;f__Tannerellaceae;g__Parabacteroides;s__	0.9998106699595075
e3bc3c473b98439ce716ffeed6f60805	d__Bacteria;p__Bacteroidota;c__Bacteroidia;o__Bacteroidales;f__Tannerellaceae;g__Parabacteroides;s__	0.7783996640115
de8a1075bbf2d60cc48159911c74b86b	d__Bacteria;p__Firmicutes;c__Clostridia;o__Lachnospirales;f__Lachnospiraceae;g__[Eubacterium]_hallii_group;s__	0.9883670043414124
52bbe840296d8e9445a96b7e2f2d7a72	d__Bacteria;p__Firmicutes;c__Bacilli;o__Lactobacillales;f__Enterococcaceae;g__Enterococcus;s__	0.923815456967088
4061995c843125d2eac869264f979b01	d__Bacteria;p__Firmicutes;c__Clostridia;o__Lachnospirales;f__Lachnospiraceae;g__Blautia;s__	0.9410620622397856
25fdfdfee08082b7c3a75e6653b768d2	d__Bacteria;p__Firmicutes;c__Clostridia;o__Oscillospirales;f__Ruminococcaceae;g__Subdoligranulum;s__	0.9964548153750067
f915d7c6c13960faa8ba7465cf8621dc	d__Bacteria;p__Bacteroidota;c__Bacteroidia;o__Bacteroidales;f__Tannerellaceae;g__Parabacteroides;s__	0.9140511875580217
b1814fb7f99cde20754977c8cd57ad7a	d__Bacteria;p__Firmicutes;c__Clostridia;o__Lachnospirales;f__Lachnospiraceae;g__Blautia;s__	0.9264071375570946
48c1e8bd8fb1351950a7d457387ba264	d__Bacteria;p__Firmicutes;c__Clostridia;o__Lachnospirales;f__Lachnospiraceae;g__Blautia;s__	0.9637806241686372
1de4a470b7f0a17bd72078d1e870b8c1	d__Bacteria;p__Actinobacteriota;c__Coriobacteriia;o__Coriobacteriales;f__Eggerthellaceae;g__Eggerthella;s__	0.9994492849164613
e5f94ab96b9c89cc0e07c9179f5a582a	d__Bacteria;p__Firmicutes;c__Clostridia;o__Lachnospirales;f__Lachnospiraceae;g__[Eubacterium]_hallii_group;s__	0.9944871766713103
7791b1c74f30c8b94fdf601d28b07011	d__Bacteria;p__Fusobacteriota;c__Fusobacteriia;o__Fusobacteriales;f__Fusobacteriaceae;g__Fusobacterium;s__	0.9995076676217334
f17ab9b5bca14bca56f54a1ae3c341dc	d__Bacteria;p__Firmicutes;c__Clostridia;o__Lachnospirales;f__Lachnospiraceae;g__Blautia;s__	0.9579983439288103
8af47f402ef40a5a636a5203416c39a9	d__Bacteria;p__Fusobacteriota;c__Fusobacteriia;o__Fusobacteriales;f__Fusobacteriaceae;g__Fusobacterium;s__	0.999777598776336
d6105b76419552fe7445a4f26bba6411	d__Bacteria;p__Firmicutes;c__Clostridia;o__Lachnospirales;f__Lachnospiraceae;g__Blautia;s__	0.928793330005737
d07dcd2490a9e1de0542b8e6313a335c	d__Bacteria;p__Firmicutes;c__Clostridia;o__Lachnospirales;f__Lachnospiraceae	0.9521121152024734
1aff33d3a52e376b789a63910b486016	d__Bacteria;p__Firmicutes;c__Clostridia;o__Lachnospirales;f__Lachnospiraceae;g__Blautia;s__	0.9513187118491632
502f9dcbda323ebf5e3c2dc7eecd7f8f	d__Bacteria;p__Firmicutes;c__Clostridia;o__Lachnospirales;f__Lachnospiraceae;g__Blautia;s__	0.9227467670684207
9639942d0be16971c5d0e44320d0d28a	d__Bacteria;p__Firmicutes;c__Clostridia;o__Lachnospirales;f__Lachnospiraceae	0.9550573209071858
ce2b599925998bbe18016edd67d760f0	d__Bacteria;p__Firmicutes;c__Clostridia;o__Lachnospirales;f__Lachnospiraceae;g__Lachnoclostridium;s__	0.7369298428398263
c210582dedcc82abb250937eed76ee3f	d__Bacteria;p__Firmicutes;c__Clostridia;o__Lachnospirales;f__Lachnospiraceae	0.9996994436159662
f817681beafc52e8799649da44091d1d	d__Bacteria;p__Firmicutes;c__Clostridia;o__Lachnospirales;f__Lachnospiraceae	0.9988610261252504
bcc3568ee4828c8dcdef1d34a9cef341	d__Bacteria;p__Firmicutes;c__Clostridia;o__Lachnospirales;f__Lachnospiraceae;g__Blautia;s__	0.9615106749558913
e831e4359e4ee433d1dbb35e7a34dd68	d__Bacteria;p__Actinobacteriota;c__Actinobacteria;o__Bifidobacteriales;f__Bifidobacteriaceae;g__Bifidobacterium;s__	0.999544758172579
7fcd2c27da0d37641f8cee0b6cefd7a6	d__Bacteria;p__Firmicutes;c__Clostridia;o__Lachnospirales;f__Lachnospiraceae	0.9991727653746341
5ee1e337ff77ef15b7db07c1ca1e8c46	d__Bacteria;p__Firmicutes;c__Clostridia;o__Lachnospirales;f__Lachnospiraceae	0.9631467043835097
8864233f3f7ef4ccb3e49a67f76ff31f	d__Bacteria;p__Actinobacteriota;c__Actinobacteria;o__Actinomycetales;f__Actinomycetaceae;g__Actinomyces;s__	0.9808173353852992
c9f1bca2c338df4d41d66360b58a78b3	d__Bacteria;p__Firmicutes;c__Clostridia;o__Lachnospirales;f__Lachnospiraceae;g__Blautia;s__	0.9332919724811688
c2197ea11cba903d62cf253381757778	d__Bacteria;p__Firmicutes;c__Clostridia;o__Lachnospirales;f__Lachnospiraceae;g__[Ruminococcus]_gnavus_group;s__	0.99349082926236
e334c06155e0574196750c084b9a82f3	d__Bacteria;p__Firmicutes;c__Clostridia;o__Lachnospirales;f__Lachnospiraceae;g__Fusicatenibacter;s__	0.9357176735820768
13a9b4d53f3d26065fa9424f94ab9c15	d__Bacteria;p__Firmicutes;c__Clostridia;o__Lachnospirales;f__Lachnospiraceae;g__Blautia;s__	0.9031392317973546
b31717a127757e77e13d5e0a478ac78a	d__Bacteria;p__Firmicutes;c__Bacilli;o__Erysipelotrichales;f__Erysipelotrichaceae;g__[Clostridium]_innocuum_group;s__	0.9995205295707636
680efe779219b53da665c8f68cad3e57	d__Bacteria;p__Firmicutes;c__Clostridia;o__Christensenellales;f__Christensenellaceae;g__Christensenellaceae_R-7_group;s__	0.8959956043095058
5f24362c40fbfb92c28426dedd5ff9a0	d__Bacteria;p__Firmicutes;c__Clostridia;o__Oscillospirales;f__Ruminococcaceae	0.794199041881958
7593cdf811b46493a9ca1ecfc27a375a	d__Bacteria;p__Firmicutes;c__Clostridia;o__Oscillospirales;f__Oscillospiraceae;g__UCG-002;s__	0.9915378863984149
8f5d56b436b7f04b2ab400aa3115be6f	d__Bacteria;p__Proteobacteria;c__Alphaproteobacteria;o__Rhodospirillales;f__uncultured;g__uncultured;s__	0.9673684669452822
7f7b1dc32625c62bc7e3669a6ee4a319	d__Bacteria;p__Bacteroidota;c__Bacteroidia;o__Bacteroidales;f__Bacteroidaceae;g__Bacteroides;s__	0.9998960558107822
430e88a841d9930cf10f58de6f9665d9	d__Bacteria;p__Proteobacteria;c__Alphaproteobacteria;o__Rhodospirillales;f__uncultured;g__uncultured;s__	0.9230212260949705
826202aec4efcf71211df3b3d03f69c9	d__Bacteria;p__Firmicutes;c__Negativicutes;o__Veillonellales-Selenomonadales;f__Selenomonadaceae;g__Mitsuokella;s__	0.9996626876980323
44a327819dfc9ea9c3645322054db035	d__Bacteria;p__Bacteroidota;c__Bacteroidia;o__Bacteroidales;f__Prevotellaceae;g__Paraprevotella;s__	0.9999936037293861
93b09df9facdd3e8cfaf9e71efd94868	d__Bacteria;p__Bacteroidota;c__Bacteroidia;o__Bacteroidales;f__Prevotellaceae;g__Paraprevotella;s__	0.9999742047089338
864850e881d55bbd4600003545b73567	d__Bacteria;p__Firmicutes;c__Clostridia;o__Oscillospirales;f__Ruminococcaceae;g__Faecalibacterium;s__	0.9997278350111211
b0116b3e41462666f3ca0cd488b3b1e3	d__Bacteria;p__Firmicutes;c__Clostridia;o__Oscillospirales;f__Ruminococcaceae;g__Subdoligranulum;s__	0.9964337825269061
f922b89f80bc8a25878ba8f97e85ff32	d__Bacteria;p__Firmicutes;c__Bacilli;o__Erysipelotrichales;f__Erysipelotrichaceae;g__Holdemanella;s__	0.9999954826373169
450f036e611a8117b5626297aad67fc3	d__Bacteria;p__Firmicutes;c__Clostridia;o__Oscillospirales;f__Ruminococcaceae;g__Ruminococcus;s__	0.7860627312962423
be7e8368f54b9a5e4d0b2eb4687a7041	d__Bacteria;p__Firmicutes;c__Negativicutes;o__Veillonellales-Selenomonadales;f__Selenomonadaceae;g__Mitsuokella;s__	0.9963205577176308
7b3e7872cbfeb8dc8aaaf55a8d4f308c	d__Bacteria;p__Firmicutes;c__Clostridia;o__Oscillospirales;f__Ruminococcaceae;g__Faecalibacterium;s__	0.9997360604854015
d68bcf715dfc631bc1d83c52a1b5ed93	d__Bacteria;p__Firmicutes;c__Clostridia;o__Oscillospirales;f__Ruminococcaceae;g__Faecalibacterium;s__	0.9997333103662781
f84b22ccb22d9c85456e6b16e4dfe6d8	d__Bacteria;p__Firmicutes;c__Clostridia;o__Lachnospirales;f__Lachnospiraceae;g__[Ruminococcus]_gauvreauii_group;s__	0.7030948290671889
9c169c8e8bc0fd31ba1f6330eec57d03	d__Bacteria;p__Firmicutes;c__Negativicutes;o__Veillonellales-Selenomonadales;f__Veillonellaceae;g__Megasphaera;s__	0.9999153112570555
493c619c9bd0d77b3f7dd51e6806716e	d__Bacteria;p__Firmicutes;c__Negativicutes;o__Veillonellales-Selenomonadales;f__Veillonellaceae;g__Megasphaera;s__	0.9999319076132923
fb2254ca024208c06b1e25dc300a719e	d__Bacteria;p__Firmicutes;c__Bacilli;o__Erysipelotrichales;f__Erysipelatoclostridiaceae;g__Erysipelotrichaceae_UCG-003;s__	0.9999940255593014
5f6f0866f09135816039967528482261	d__Bacteria;p__Firmicutes;c__Clostridia;o__Lachnospirales;f__Lachnospiraceae	0.9997645264302244
99c063d76d4666252b0ede9ccebce9dd	d__Bacteria;p__Firmicutes;c__Negativicutes;o__Veillonellales-Selenomonadales;f__Selenomonadaceae;g__Mitsuokella;s__	0.9991277404497683
f0a4a77ce088b982183a3a7c019e28d6	d__Bacteria;p__Firmicutes;c__Negativicutes;o__Veillonellales-Selenomonadales;f__Veillonellaceae;g__Megasphaera;s__	0.9999910962081819
de1094e5485621916e6601cc00ecb47d	d__Bacteria;p__Firmicutes;c__Negativicutes;o__Veillonellales-Selenomonadales;f__Veillonellaceae;g__Megasphaera;s__	0.9999698857183047
7518e036efd16b15b043d6b3412d8354	d__Bacteria;p__Firmicutes;c__Negativicutes;o__Veillonellales-Selenomonadales;f__Selenomonadaceae;g__Mitsuokella;s__	0.9988393808679248
53dc7fff29df7691cc6ef7eef02ee621	d__Bacteria;p__Bacteroidota;c__Bacteroidia;o__Bacteroidales;f__Barnesiellaceae;g__Barnesiella;s__	0.999978744656945
b66079cb4ac5c70a446d85b062eb0a97	d__Bacteria;p__Firmicutes;c__Clostridia;o__Lachnospirales;f__Lachnospiraceae;g__Fusicatenibacter;s__	0.9978962145900703
d1eec9ac6ed65fe1338d51b370b57498	d__Bacteria;p__Firmicutes;c__Negativicutes;o__Veillonellales-Selenomonadales;f__Veillonellaceae;g__Megasphaera;s__	0.9999943957300995
2ff855cf2dfb847d1aaf872ecec70d3e	d__Bacteria;p__Firmicutes;c__Negativicutes;o__Veillonellales-Selenomonadales;f__Selenomonadaceae;g__Mitsuokella;s__	0.9988639102546599
e82f9aa762234e5c8961ba84710089eb	d__Bacteria;p__Bacteroidota;c__Bacteroidia;o__Bacteroidales;f__Barnesiellaceae;g__Coprobacter;s__	0.9999987634729706
5c92ca7fb5304f72763788b6b9d6c104	d__Bacteria;p__Firmicutes;c__Clostridia;o__Lachnospirales;f__Lachnospiraceae;g__Lachnoclostridium;s__	0.741830532646272
9713dc793e0470f424b7605bfe0bf3d7	d__Bacteria;p__Firmicutes;c__Clostridia;o__Lachnospirales;f__Lachnospiraceae;g__Blautia;s__	0.9426092184819249
8a791ba98480456829ed7e57a6be068c	d__Bacteria;p__Firmicutes;c__Clostridia;o__Lachnospirales;f__Lachnospiraceae;g__Dorea;s__	0.9178619322128566
0d74d46d092359bd118dc377f6393a45	d__Bacteria;p__Firmicutes;c__Clostridia;o__Oscillospirales;f__Ruminococcaceae;g__Subdoligranulum;s__	0.9886913202033467
bb963f6e413ae51c5305f56a2b227fb7	d__Bacteria;p__Firmicutes;c__Clostridia;o__Oscillospirales;f__Ruminococcaceae;g__Faecalibacterium;s__	0.9987871553666507
b926ba0ba9e32ec3f16dc8a35a7f162f	d__Bacteria;p__Firmicutes;c__Clostridia;o__Lachnospirales;f__Lachnospiraceae;g__Fusicatenibacter;s__	0.998666261535752
c11a8c22329a049c4e8ea169f4265dca	d__Bacteria;p__Firmicutes;c__Clostridia;o__Lachnospirales;f__Lachnospiraceae;g__Dorea;s__	0.9053762610282016
165d491c00f5e2aa402694737c7aac82	d__Bacteria;p__Firmicutes;c__Negativicutes;o__Veillonellales-Selenomonadales;f__Veillonellaceae;g__Megasphaera;s__	0.9999830533984325
31f1cece197b51002bd9cacaeb2dfa86	d__Bacteria;p__Firmicutes;c__Clostridia;o__Lachnospirales;f__Lachnospiraceae	0.9997560353175472
147f0eafe4b991fe72ae9ec6d38ef1f4	d__Bacteria;p__Proteobacteria;c__Gammaproteobacteria;o__Burkholderiales;f__Sutterellaceae;g__Sutterella;s__	0.9998484323181301
7e0e3ed963e84e5bb8f44be7fdf84f24	d__Bacteria;p__Firmicutes;c__Clostridia;o__Lachnospirales;f__Lachnospiraceae;g__Lachnospira;s__	0.9568284805573545
8656364daf358f1653e517efa10504bb	d__Bacteria;p__Firmicutes;c__Clostridia;o__Lachnospirales;f__Lachnospiraceae;g__Blautia;s__	0.8918268532092097
39c7a3ce984e2a082d40a49ff3f41d7a	d__Bacteria;p__Firmicutes;c__Clostridia;o__Oscillospirales;f__Oscillospiraceae;g__NK4A214_group;s__	0.9557068030312708
d1f62886876b7dcb216d211c7046cdee	d__Bacteria;p__Firmicutes;c__Clostridia;o__Lachnospirales;f__Lachnospiraceae;g__Lachnospira;s__	0.9911571721115933
2de3a9d0d33a1335be740d5d3fb3ec95	d__Bacteria;p__Firmicutes;c__Clostridia;o__Oscillospirales;f__Ruminococcaceae;g__Faecalibacterium;s__	0.9995692444426105
4beac36eec38df85885382345ec3b3cc	d__Bacteria;p__Bacteroidota;c__Bacteroidia;o__Bacteroidales;f__Bacteroidaceae;g__Bacteroides;s__	0.9995066253237985
3444534ac76cc7ef0c0a816db8f69f72	d__Bacteria;p__Firmicutes;c__Clostridia;o__Lachnospirales;f__Lachnospiraceae;g__Fusicatenibacter;s__	0.9992335450918656
c76c35c9e251c650b20e9d83c2785deb	d__Bacteria;p__Firmicutes;c__Negativicutes;o__Acidaminococcales;f__Acidaminococcaceae;g__Acidaminococcus;s__	0.9999711569918776
c441b9db0f4d14f12f1eea916b961b2a	d__Bacteria;p__Firmicutes;c__Bacilli;o__Erysipelotrichales;f__Erysipelatoclostridiaceae;g__Erysipelotrichaceae_UCG-003;s__	0.999975781650988
e471039ad6e97058c898070c5b68aec2	d__Bacteria;p__Firmicutes;c__Clostridia;o__Oscillospirales;f__Ruminococcaceae;g__Faecalibacterium;s__	0.9995129042984577
09ab407419cdd0b939288a0e2e4632d8	d__Bacteria;p__Bacteroidota;c__Bacteroidia;o__Bacteroidales;f__Bacteroidaceae;g__Bacteroides;s__	0.9991594013050135
403924619af5c6269a25252d50c568d1	d__Bacteria;p__Firmicutes;c__Clostridia;o__Oscillospirales;f__Oscillospiraceae;g__UCG-002;s__	0.9474602510924041
e283cd005da4217dd93b14590fbf617f	d__Bacteria;p__Firmicutes;c__Clostridia;o__Oscillospirales;f__Butyricicoccaceae;g__Butyricicoccus;s__	0.9997519344912877
dfad843d60ab892763d3eb34d276b41c	d__Bacteria;p__Firmicutes;c__Clostridia;o__Lachnospirales;f__Lachnospiraceae;g__CAG-56;s__	0.9856101746128354
50806381b1ba868ef224c8d54df58849	d__Bacteria;p__Firmicutes;c__Clostridia;o__Lachnospirales;f__Lachnospiraceae	0.99837217482568
a1181b7b4aeae32557eeb77ba434cb35	d__Bacteria;p__Firmicutes;c__Clostridia;o__Lachnospirales;f__Lachnospiraceae	0.9993287085263451
c873fb234bc18ec7dd78f4a2d20622a4	d__Bacteria;p__Proteobacteria;c__Alphaproteobacteria;o__Rhodospirillales;f__uncultured;g__uncultured;s__	0.9696975498924376
7cdd7bed0fa3b4a076f3325b2fc68c6d	d__Bacteria;p__Firmicutes;c__Clostridia;o__Lachnospirales;f__Lachnospiraceae;g__Fusicatenibacter;s__	0.9991537506165823
8356ced34b6f52984590e01eff05d994	d__Bacteria;p__Firmicutes;c__Clostridia;o__Oscillospirales;f__Ruminococcaceae;g__Faecalibacterium;s__	0.9994126474344891
d6a3b911b9b2d3dd76a2620e2ea40f27	d__Bacteria;p__Firmicutes;c__Clostridia;o__Lachnospirales;f__Lachnospiraceae	0.9997782211709215
f08e714f4b93bfb8c05bb98ab885c22b	d__Bacteria;p__Firmicutes;c__Clostridia;o__Lachnospirales;f__Lachnospiraceae;g__Coprococcus;s__	0.9114153302819592
060c7ba7b4450526bd54fcb45cc09de2	d__Bacteria;p__Firmicutes;c__Clostridia;o__Oscillospirales;f__Ruminococcaceae;g__Faecalibacterium;s__	0.9994973936879563
556013a88e36fb117851dca4133ede12	d__Bacteria;p__Firmicutes;c__Clostridia;o__Lachnospirales;f__Lachnospiraceae;g__Lachnoclostridium;s__	0.8103666901197187
6f369ddd2a09c76556da773a50407cba	d__Bacteria;p__Firmicutes;c__Clostridia;o__Lachnospirales;f__Lachnospiraceae	0.9985082354188364
e697aef07658d231e99e838e817a5250	d__Bacteria;p__Bacteroidota;c__Bacteroidia;o__Bacteroidales;f__Bacteroidaceae;g__Bacteroides;s__	0.9993596892802346
64a4e2f22513048dedfc1a6d68443ca2	d__Bacteria;p__Firmicutes;c__Clostridia;o__Lachnospirales;f__Lachnospiraceae	0.9986769026392797
044dc1be618b318870da3e76ccc9a061	d__Bacteria;p__Firmicutes;c__Clostridia;o__Lachnospirales;f__Lachnospiraceae;g__Lachnoclostridium;s__	0.7315313043133159
235672b2f476466e9487878b1906636f	d__Bacteria;p__Firmicutes;c__Clostridia;o__Oscillospirales;f__Ruminococcaceae;g__Faecalibacterium;s__	0.9956075504159558
1f9be9a8404b56f37e6ffd4bb5bce851	d__Bacteria;p__Firmicutes;c__Clostridia;o__Lachnospirales;f__Lachnospiraceae	0.9992885586986836
a4c59f89a3656e231b3ceb3534135268	d__Bacteria;p__Firmicutes;c__Clostridia;o__Oscillospirales;f__Ruminococcaceae;g__Faecalibacterium;s__	0.9991424587521907
df9ba49b920d6960a6ca0baa8306935f	d__Bacteria;p__Firmicutes;c__Clostridia;o__Lachnospirales;f__Lachnospiraceae	0.9994577255487349
0e90f4987debcb9df3863f4c1948fa3e	d__Bacteria;p__Firmicutes;c__Clostridia;o__Lachnospirales;f__Lachnospiraceae	0.9984660241318398
e1e217b87f82e59c543bb05b9e6e7d49	d__Bacteria;p__Firmicutes;c__Clostridia;o__Lachnospirales;f__Lachnospiraceae;g__Lachnospiraceae_ND3007_group;s__	0.9997960830169357
400bd791b1c05907e41a015fc0bfcab3	d__Bacteria;p__Firmicutes;c__Clostridia;o__Lachnospirales;f__Lachnospiraceae	0.9996205107701384
8a747dc9c6ae9af23d0e150f52603b3f	d__Bacteria;p__Firmicutes;c__Clostridia;o__Oscillospirales;f__Oscillospiraceae;g__UCG-002;s__	0.8983822935590451
172fcd52a815c4f5fbbda66bd40640a1	d__Bacteria;p__Proteobacteria;c__Gammaproteobacteria;o__Burkholderiales;f__Sutterellaceae;g__Parasutterella;s__	0.9999989660011098
f434b2914a257aa2bd81a2ecf1a8404b	d__Bacteria;p__Firmicutes;c__Clostridia;o__Lachnospirales;f__Lachnospiraceae;g__Blautia;s__	0.9340885567035664
786c2a9c47dcc7f43367175764b40eb2	d__Bacteria;p__Firmicutes;c__Clostridia;o__Oscillospirales;f__Butyricicoccaceae;g__Butyricicoccus;s__	0.9991324212923219
a20f066e2d07ce13676b084ae880de95	d__Bacteria;p__Bacteroidota;c__Bacteroidia;o__Bacteroidales;f__Rikenellaceae;g__Alistipes;s__	0.9828645392962635
1ef228ca9f5cfa2c5a7ce718728fee23	d__Bacteria;p__Firmicutes;c__Clostridia;o__Lachnospirales;f__Lachnospiraceae;g__Lachnoclostridium;s__	0.7325124643279601
09290a18f8b5f4d55b7ad11ee81f926c	d__Bacteria;p__Firmicutes;c__Clostridia;o__Oscillospirales;f__Oscillospiraceae;g__Oscillospira;s__	0.9856688934218333
c97dc12eb4daa3e34ed9e5e7532cf6f5	d__Bacteria;p__Firmicutes;c__Clostridia;o__Lachnospirales;f__Lachnospiraceae	0.9997225933867036
3eda75da876fde89a8d1ddd8aa07e5ec	d__Bacteria;p__Firmicutes;c__Clostridia;o__Lachnospirales;f__Lachnospiraceae;g__Coprococcus;s__	0.8044740821313611
06ca543baa90ceb85fc496ce9c5a8b1e	d__Bacteria;p__Firmicutes;c__Clostridia;o__Lachnospirales;f__Lachnospiraceae	0.9995172429872905
09798e8f8e6715c5504c1375232883e5	d__Bacteria;p__Firmicutes;c__Clostridia;o__Lachnospirales;f__Lachnospiraceae	0.9995107657426919
02b2d7adafc29e950c0d7a62538091e8	d__Bacteria;p__Firmicutes;c__Clostridia;o__Lachnospirales;f__Lachnospiraceae;g__Lachnospiraceae_FCS020_group;s__	0.7522064585909459
37ddf6846cce9819e7b22d2554f37489	d__Bacteria;p__Firmicutes;c__Clostridia;o__Lachnospirales;f__Lachnospiraceae	0.9937406737261659
b214dda6be0b4527b0f91fcd1cdcb9be	d__Bacteria;p__Firmicutes;c__Clostridia;o__Lachnospirales;f__Lachnospiraceae;g__Lachnoclostridium;s__	0.733706918738252
698d1b212df239904f2a20e00492c7d7	d__Bacteria;p__Firmicutes;c__Clostridia;o__Lachnospirales;f__Lachnospiraceae;g__Blautia;s__	0.9539551871968439
bd41b8ad4380ecb18a9b6a88335bcd11	d__Bacteria;p__Firmicutes;c__Clostridia;o__Oscillospirales;f__Ruminococcaceae;g__Subdoligranulum;s__	0.9378193841692459
aea0eb220a4e78d7a6c49c7d361f36a8	d__Bacteria;p__Firmicutes;c__Clostridia;o__Oscillospirales;f__Ruminococcaceae	0.8826552890334067
99d7768e4c99eaeca84424e35683b017	d__Bacteria;p__Firmicutes;c__Clostridia;o__Oscillospirales;f__Oscillospiraceae;g__Oscillospira;s__	0.993707762968458
2308ac9a40995410949e52a122e7edff	d__Bacteria;p__Firmicutes;c__Clostridia;o__Oscillospirales;f__Butyricicoccaceae;g__Butyricicoccus;s__	0.9962820099791007
9799a88f07eb7d23f641f1339d09baf2	d__Bacteria;p__Firmicutes;c__Negativicutes;o__Veillonellales-Selenomonadales;f__Veillonellaceae;g__Veillonellaceae;s__	0.9597684772478652
9215b26ebeaae9528d98ace3e955d87e	d__Bacteria;p__Firmicutes;c__Clostridia;o__Lachnospirales;f__Lachnospiraceae;g__Lachnospiraceae_UCG-004;s__	0.8013483678995186
ff5e726fa0d3de7b08e82f32184df1b5	d__Bacteria;p__Firmicutes;c__Clostridia;o__Lachnospirales;f__Lachnospiraceae	0.9966001647084619
3e8a778bffed0b804468763ce2a9e0c4	d__Bacteria;p__Firmicutes;c__Clostridia;o__Lachnospirales;f__Lachnospiraceae;g__Lachnospiraceae_FCS020_group;s__	0.9204036775717324
5d68a5bee95fbc6aa796d27beb6d9435	d__Bacteria;p__Firmicutes;c__Clostridia;o__Lachnospirales;f__Lachnospiraceae;g__Blautia;s__	0.9602219928199031
d58bd824b1bff851c850b05640778aca	d__Bacteria;p__Firmicutes;c__Clostridia;o__Oscillospirales;f__Ruminococcaceae;g__Negativibacillus;s__	0.9989074835772164
90dec072283fb62550a6b13dd6ceec5b	d__Bacteria;p__Firmicutes;c__Negativicutes;o__Veillonellales-Selenomonadales;f__Veillonellaceae;g__Veillonellaceae;s__	0.9947801918764095
6423481cf84233fe5a526b6df372499b	d__Bacteria;p__Firmicutes;c__Clostridia;o__Lachnospirales;f__Lachnospiraceae;g__Blautia;s__	0.9287426990742211
9cafa197a44f6fac50b6e319491b7bb7	d__Bacteria;p__Firmicutes;c__Clostridia;o__Lachnospirales;f__Lachnospiraceae;g__[Eubacterium]_hallii_group;s__	0.9972084252780947
34a998a7d7f51a38c3cfc0bbb9ec24c6	d__Bacteria;p__Firmicutes;c__Clostridia;o__Lachnospirales;f__Lachnospiraceae	0.9945199092549801
376cacba89bc0dac7563a21b2fd425e5	d__Bacteria;p__Firmicutes;c__Clostridia;o__Lachnospirales;f__Lachnospiraceae	0.9946179148224383
bf78ec2c05e7278e595b5640f4687667	d__Bacteria;p__Firmicutes;c__Clostridia;o__Lachnospirales;f__Lachnospiraceae;g__Lachnospiraceae_UCG-004;s__	0.8029448210371831
388bdae7e22c900393701fba375921c1	d__Bacteria;p__Firmicutes;c__Clostridia;o__Lachnospirales;f__Lachnospiraceae;g__Lachnospiraceae_UCG-004;s__	0.9405269337107844
7dac208fe3ae8d4a12fb3c6a4828cc01	d__Bacteria;p__Firmicutes;c__Clostridia;o__Oscillospirales;f__Ruminococcaceae	0.7437334887032911
f94f3913013e52ddc29086b6373415ed	d__Bacteria;p__Firmicutes;c__Clostridia;o__Oscillospirales;f__Butyricicoccaceae;g__Butyricicoccus;s__	0.9987368188393194
8cb43c03e8f71c6169f1d4af5f49ca47	d__Bacteria;p__Firmicutes;c__Clostridia;o__Peptostreptococcales-Tissierellales;f__Anaerovoracaceae;g__[Eubacterium]_nodatum_group;s__	0.9454882147932885
72437e1b360cf2a6b85be3ebf6cb93e0	d__Bacteria;p__Firmicutes;c__Clostridia;o__Lachnospirales;f__Lachnospiraceae;g__Lachnospiraceae_UCG-004;s__	0.8972172893391416
8c02d930b6a216365cb4718873b9fcc5	d__Bacteria;p__Firmicutes;c__Clostridia;o__Lachnospirales;f__Lachnospiraceae	0.9983419439088682
31297499bacd6a7834bc516d2077407b	d__Bacteria;p__Firmicutes;c__Clostridia;o__Oscillospirales;f__Butyricicoccaceae;g__Butyricicoccus;s__	0.9951168979765935
4bc8076792c93dd70cf983d7129f3732	d__Bacteria;p__Firmicutes;c__Clostridia;o__Lachnospirales;f__Lachnospiraceae	0.9969984325962211
2d9971160f917974574ea3e8bec9ea60	d__Bacteria;p__Firmicutes;c__Clostridia;o__Lachnospirales;f__Lachnospiraceae	0.9986266396037973
101c8d5625699151b919caa208ab141e	d__Bacteria;p__Firmicutes;c__Clostridia;o__Lachnospirales;f__Lachnospiraceae;g__Blautia;s__	0.7878567962029954
cc1e1bee6ff8f074be351e889490acec	d__Bacteria;p__Firmicutes;c__Bacilli;o__Erysipelotrichales;f__Erysipelatoclostridiaceae;g__Catenibacterium;s__	0.9999994384795072
b48e00dbc17bbece724a61836ec01d32	d__Bacteria;p__Firmicutes;c__Clostridia;o__Peptostreptococcales-Tissierellales;f__Anaerovoracaceae;g__Family_XIII_AD3011_group;s__	0.900861139082312
2bf0d61023caf139c80f552011b38685	d__Bacteria;p__Firmicutes;c__Bacilli;o__Erysipelotrichales;f__Erysipelotrichaceae;g__Faecalitalea;s__	0.9977400120144924
b6afb82d255778b183333dfd47c7bc9d	d__Bacteria;p__Firmicutes;c__Clostridia;o__Lachnospirales;f__Lachnospiraceae	0.9582235752528743
190af061ea0e5f5454caf7903ac21252	d__Bacteria;p__Firmicutes;c__Clostridia;o__Lachnospirales;f__Lachnospiraceae	0.9995930974266002
943ea4f6dc253ecf147bbe11dddedc5a	d__Bacteria;p__Firmicutes;c__Clostridia;o__Lachnospirales;f__Lachnospiraceae	0.9997028039059095
f361fa776d5464c7f443621a8efb1188	d__Bacteria;p__Firmicutes;c__Clostridia;o__Lachnospirales;f__Lachnospiraceae;g__Lachnospiraceae_UCG-004;s__	0.9461601650892189
ca7ed83828875b407e77ff7b229e4873	d__Bacteria;p__Firmicutes;c__Clostridia;o__Lachnospirales;f__Lachnospiraceae	0.9945775195798774
b6a8ba58c6d87932b61d3f752be6a770	d__Bacteria;p__Bacteroidota;c__Bacteroidia;o__Bacteroidales;f__Tannerellaceae;g__Tannerellaceae;s__	0.9982337173307917
8ee2138b1b0dd4d44fb92c7090d371d7	d__Bacteria;p__Firmicutes;c__Clostridia;o__Lachnospirales;f__Lachnospiraceae;g__Blautia;s__	0.9575857177250782
30e906e7f2663e3adba796c5a5c5dca6	d__Bacteria;p__Bacteroidota;c__Bacteroidia;o__Bacteroidales;f__Prevotellaceae;g__Prevotella_9;s__	0.9999169642410162
955a0e6a0f7da6445ccbf469b4fcd9a0	d__Bacteria;p__Bacteroidota;c__Bacteroidia;o__Bacteroidales;f__Prevotellaceae;g__Prevotella_9;s__	0.9998860383046319
e9d35f390c274e9aef0f3917756437f5	d__Bacteria;p__Bacteroidota;c__Bacteroidia;o__Bacteroidales;f__Prevotellaceae;g__Prevotella_9;s__	0.9998757253752172
d93e86d0f3aab293457675cbd688075a	d__Bacteria;p__Bacteroidota;c__Bacteroidia;o__Bacteroidales;f__Prevotellaceae	0.9659170173619434
45f6e469b97a25b32127de1c7d79d945	d__Bacteria;p__Actinobacteriota;c__Coriobacteriia;o__Coriobacteriales;f__Coriobacteriaceae;g__Collinsella;s__	0.9999670529346616
cbb8894533b1c6ee52aba2b9c1331c80	d__Bacteria;p__Bacteroidota;c__Bacteroidia;o__Bacteroidales;f__Prevotellaceae	0.9692701705253546
789d2ad0b5201c89680655a74b3c6004	d__Bacteria;p__Bacteroidota;c__Bacteroidia;o__Bacteroidales;f__Prevotellaceae;g__Paraprevotella;s__	0.9999618584960874
9098abad12c6899a78978137130b1884	d__Bacteria;p__Bacteroidota;c__Bacteroidia;o__Bacteroidales;f__Bacteroidaceae;g__Bacteroides;s__	0.9896877088521885
e4d6ef6c88f7735567a9b4eeb5e761fe	d__Bacteria;p__Bacteroidota;c__Bacteroidia;o__Bacteroidales;f__Prevotellaceae;g__uncultured;s__	0.9998867931224823
9b7b1aac5bb61aff9c10c8ce2e57f615	d__Bacteria;p__Bacteroidota;c__Bacteroidia;o__Bacteroidales;f__Prevotellaceae;g__Prevotella_9;s__	0.99943943905513
8e01e02809174a6abc0141132dd4d80e	d__Bacteria;p__Firmicutes;c__Bacilli;o__Erysipelotrichales;f__Erysipelatoclostridiaceae;g__Catenibacterium;s__	0.9999991512858108
9e51852df1348b0eb23dcf7f3c60ad3c	d__Bacteria;p__Bacteroidota;c__Bacteroidia;o__Bacteroidales;f__Barnesiellaceae;g__Barnesiella;s__	0.9999802410450476
22352e8e3fd24b1eb0a070b54cdaf746	d__Bacteria;p__Bacteroidota;c__Bacteroidia;o__Bacteroidales;f__Prevotellaceae;g__uncultured;s__	0.9998855849510851
bc37620a8205f8a58cad4a4b0512db0d	d__Bacteria;p__Bacteroidota;c__Bacteroidia;o__Bacteroidales;f__Tannerellaceae;g__Parabacteroides;s__	0.989958630337754
25be9ccd860c77a970148e28e42ee1a7	d__Bacteria;p__Proteobacteria;c__Gammaproteobacteria;o__Burkholderiales;f__Sutterellaceae;g__Parasutterella;s__	0.999999324877877
d14f318023d1e8dbcd8ee2f517b924c1	d__Bacteria;p__Firmicutes;c__Bacilli;o__Erysipelotrichales;f__Erysipelatoclostridiaceae;g__Catenibacterium;s__	0.9999989844692762
793238f58ca52433a02af74e93beaea0	d__Bacteria;p__Bacteroidota;c__Bacteroidia;o__Bacteroidales;f__Prevotellaceae;g__Prevotella_9;s__	0.9996928049487096
fa87998c70f186872f43316093c1f997	d__Bacteria;p__Bacteroidota;c__Bacteroidia;o__Bacteroidales;f__Bacteroidaceae;g__Bacteroides;s__	0.9998527324992867
3458f84b4cd8764705393eacd98da745	d__Bacteria;p__Bacteroidota;c__Bacteroidia;o__Bacteroidales;f__Bacteroidaceae;g__Bacteroides;s__	0.9994962101684671
474c37ed460054260aff9f3f1e1fb33f	d__Bacteria;p__Bacteroidota;c__Bacteroidia;o__Bacteroidales;f__Prevotellaceae;g__uncultured;s__	0.999833855809544
3ffd609fb37f99abd6688b30bc43dc64	d__Bacteria;p__Bacteroidota;c__Bacteroidia;o__Bacteroidales;f__Prevotellaceae;g__uncultured;s__	0.9995987817644824
e8168098b5443715e1597e34efb9198c	d__Bacteria;p__Firmicutes;c__Clostridia;o__Lachnospirales;f__Lachnospiraceae;g__Dorea;s__	0.9264482083798388
be02b474fe9118a8d808e75ef4f8cd18	d__Bacteria;p__Bacteroidota;c__Bacteroidia;o__Bacteroidales;f__Prevotellaceae;g__Prevotella_9;s__	0.9999705394988163
d18ff6751f46423620df208ecae65349	d__Bacteria;p__Bacteroidota;c__Bacteroidia;o__Bacteroidales;f__Prevotellaceae;g__Prevotella_9;s__	0.9999918100856461
54d326fb1ceba606f63c1e2f62405244	d__Bacteria;p__Proteobacteria;c__Gammaproteobacteria;o__Burkholderiales;f__Sutterellaceae;g__Parasutterella;s__	0.9999990762712802
bd52788b979fa8cf8a5e306dcd1fc0ab	d__Bacteria;p__Firmicutes;c__Clostridia;o__Lachnospirales;f__Lachnospiraceae;g__[Eubacterium]_hallii_group;s__	0.9946348775756929
cf852b42f909163cc63e50ec940869dc	d__Bacteria;p__Proteobacteria;c__Gammaproteobacteria;o__Burkholderiales;f__Sutterellaceae;g__Parasutterella;s__	0.9999995139170936
7d54f3d46948a10dff55946d85441020	d__Bacteria;p__Bacteroidota;c__Bacteroidia;o__Bacteroidales;f__Prevotellaceae;g__Prevotella_9;s__	0.9999592784676399
2fd0f067a5c0884a8f08605876700698	d__Bacteria;p__Bacteroidota;c__Bacteroidia;o__Bacteroidales;f__Prevotellaceae;g__Paraprevotella;s__	0.9999440894791713
51ae355d98c647121ad19a2116dc3e64	d__Bacteria;p__Firmicutes;c__Clostridia;o__Oscillospirales;f__Ruminococcaceae;g__Faecalibacterium;s__	0.997384376165882
aa240a1dc3f56d46bb310026453d4947	d__Bacteria;p__Actinobacteriota;c__Coriobacteriia;o__Coriobacteriales;f__Eggerthellaceae;g__Slackia;s__	0.9994141150332606
490022e05107787611c7ce4aea0081fa	d__Bacteria;p__Firmicutes;c__Clostridia;o__Lachnospirales;f__Lachnospiraceae	0.9996379724881068
ea5093a1ed6c8f5953e694b60649d933	d__Bacteria;p__Firmicutes;c__Clostridia;o__Clostridia_UCG-014;f__Clostridia_UCG-014;g__Clostridia_UCG-014;s__	0.9999033913198934
dda35ba59ef5df63dc5bdb2a625a1c75	d__Bacteria;p__Firmicutes;c__Clostridia;o__Oscillospirales;f__Ruminococcaceae;g__Subdoligranulum;s__	0.9950411538634826
6cfc1f2e8cb97677884b6949ed88f631	d__Bacteria;p__Firmicutes;c__Clostridia;o__Lachnospirales;f__Lachnospiraceae	0.9994137520030474
04531cf7e29c4baa3c7d075b012d87ec	d__Bacteria;p__Firmicutes;c__Clostridia;o__Oscillospirales;f__Ruminococcaceae;g__Faecalibacterium;s__	0.9989029254291357
f35cd5aa2cc21a7ad31e2979f0a95e21	d__Bacteria;p__Firmicutes;c__Clostridia;o__Oscillospirales;f__Ruminococcaceae;g__Faecalibacterium;s__	0.9994817210214253
8b692e5f85f19c79aacf2d511437dd87	d__Bacteria;p__Firmicutes;c__Clostridia;o__Lachnospirales;f__Lachnospiraceae;g__Blautia;s__	0.9397630646429109
f927c62677cbb386addd3d5fad10a569	d__Bacteria;p__Firmicutes;c__Clostridia;o__Oscillospirales;f__Butyricicoccaceae;g__Butyricicoccus;s__	0.9998993165404431
f2ac105aef317c85c7ebf62ef6b3c15d	d__Bacteria;p__Firmicutes;c__Clostridia;o__Oscillospirales;f__Oscillospiraceae	0.9941648369519016
1e7ad17798ec4e0e9b2faffcf128d81a	d__Bacteria;p__Firmicutes;c__Clostridia;o__Lachnospirales;f__Lachnospiraceae;g__Blautia;s__	0.9574552540917335
99cdec8363714f7b1473bf33076055b0	d__Bacteria;p__Firmicutes;c__Clostridia;o__Lachnospirales;f__Lachnospiraceae	0.9988007331172355
d425c05dbffd4359c8b4fd4e32c97d23	d__Bacteria;p__Bacteroidota;c__Bacteroidia;o__Bacteroidales;f__Prevotellaceae;g__Prevotella_9;s__	0.9999686730623957
9b5a1f9a6f049ce4b7c552bad8733b33	d__Bacteria;p__Firmicutes;c__Clostridia;o__Oscillospirales;f__Ruminococcaceae	0.7839959462970633
9a7a4422fda1d3c9a8b17022f177f061	d__Bacteria;p__Proteobacteria;c__Gammaproteobacteria;o__Burkholderiales;f__Sutterellaceae;g__Parasutterella;s__	0.999999311818821
17b247577b6a2ffef0aa76bff5f0a3eb	d__Bacteria;p__Firmicutes;c__Clostridia;o__Oscillospirales;f__Ruminococcaceae;g__Faecalibacterium;s__	0.9994745224861171
4169166a9e85692fbc1e69b962920025	d__Bacteria;p__Firmicutes;c__Clostridia;o__Lachnospirales;f__Lachnospiraceae;g__Dorea;s__	0.9306663306379768
f68c3d66ac38397dc465cb83afc6307e	d__Bacteria;p__Firmicutes;c__Clostridia;o__Lachnospirales;f__Lachnospiraceae;g__[Ruminococcus]_gnavus_group;s__	0.9363069376480189
face17a5e8fb15b581eb429ba2b30c15	d__Bacteria;p__Firmicutes;c__Clostridia;o__Lachnospirales;f__Lachnospiraceae;g__Lachnospira;s__	0.9252644181408832
98ce7af27aa982488988cb015de113b0	d__Bacteria;p__Firmicutes;c__Clostridia;o__Lachnospirales;f__Lachnospiraceae;g__Blautia;s__	0.8961002104200658
d4325e50137d74961ce7795a70eaa18f	d__Bacteria;p__Proteobacteria;c__Gammaproteobacteria;o__Enterobacterales;f__Enterobacteriaceae;g__Escherichia-Shigella;s__	0.9629559237485223
03c6174f4c1fd3142c05414bf9527332	d__Bacteria;p__Firmicutes;c__Clostridia;o__Oscillospirales;f__Ruminococcaceae;g__Faecalibacterium;s__	0.9990627132578299
821d83309d461bac3d9f3fb8696278b6	d__Bacteria;p__Firmicutes;c__Clostridia;o__Lachnospirales;f__Lachnospiraceae;g__Blautia;s__	0.9610537465479436
c25fa9887a4bd0da7498a486e5b7132c	d__Bacteria;p__Firmicutes;c__Clostridia;o__Lachnospirales;f__Lachnospiraceae;g__Blautia;s__	0.9651446457831359
bd8a502c632cbe6413bbbd87c3dc170f	d__Bacteria;p__Actinobacteriota;c__Actinobacteria;o__Actinomycetales;f__Actinomycetaceae;g__Actinomyces;s__	0.967930835110561
2fd07fcda0807b1d57ceb4512346cad2	d__Bacteria;p__Bacteroidota;c__Bacteroidia;o__Bacteroidales;f__Prevotellaceae;g__Prevotella_9;s__	0.9999649192328096
adffec288750ba2b46ca855b6d4b5780	d__Bacteria;p__Firmicutes;c__Clostridia;o__Oscillospirales;f__Ruminococcaceae	0.7476565310403172
8af19046e52eda7aa1ed55159d310e88	d__Bacteria;p__Firmicutes;c__Clostridia;o__Lachnospirales;f__Lachnospiraceae	0.9848843474728525
d47524ea396a0aa8316dca5d96217065	d__Bacteria;p__Firmicutes;c__Clostridia;o__Peptostreptococcales-Tissierellales;f__Family_XI;g__Peptoniphilus;s__	0.9999735390396852
49969906eef75528326b42825e590a30	d__Bacteria;p__Firmicutes;c__Clostridia;o__Lachnospirales;f__Lachnospiraceae	0.9984210577700113
c91a90debfa58b52186b9d2d3de52909	d__Bacteria;p__Firmicutes;c__Clostridia;o__Lachnospirales;f__Lachnospiraceae	0.9996126916256948
565fee81d4e5b4641658af101fedde91	d__Bacteria;p__Campylobacterota;c__Campylobacteria;o__Campylobacterales;f__Campylobacteraceae;g__Campylobacter;s__	0.9802298630388899
50f447b03ddb9fd8cf947ea493107248	d__Bacteria;p__Proteobacteria;c__Gammaproteobacteria;o__Pseudomonadales;f__Pseudomonadaceae;g__Pseudomonas;s__	0.998887351760805
98655d97d14316cbdbd4b4f7a0fdc822	d__Bacteria;p__Firmicutes;c__Clostridia;o__Lachnospirales;f__Lachnospiraceae	0.9933848242632816
98a9d0fc1dc69c7fa4a334a0aa46d950	d__Bacteria;p__Firmicutes;c__Clostridia;o__Lachnospirales;f__Lachnospiraceae	0.9996770238181292
8b113359664826788786f40619ec1b55	d__Bacteria;p__Firmicutes;c__Negativicutes;o__Veillonellales-Selenomonadales;f__Veillonellaceae;g__Megasphaera;s__	0.9999901476856835
8aa6ecc5b231538b43ba40bf56990008	d__Bacteria;p__Firmicutes;c__Clostridia;o__Lachnospirales;f__Lachnospiraceae;g__Blautia;s__	0.7566896342115125
a9fb9ce595084d4839e08c5c142523f2	d__Bacteria;p__Firmicutes;c__Clostridia	0.9147976642222106
e66fc5543ff15428e845eb1e850e6c8b	d__Bacteria;p__Firmicutes;c__Clostridia;o__Lachnospirales;f__Lachnospiraceae;g__Blautia;s__	0.7731377949167669
618399eb3caa339297762e85ef28162d	d__Bacteria;p__Firmicutes;c__Clostridia;o__Oscillospirales;f__Ruminococcaceae;g__Fournierella;s__	0.9651447745838931
09905c49d14157b515c4a6fe1b4b252e	d__Bacteria;p__Firmicutes;c__Clostridia;o__Lachnospirales;f__Lachnospiraceae;g__Blautia;s__	0.8824648456359337
5ae590a5f67072122334d6c404c44382	d__Bacteria;p__Firmicutes;c__Clostridia;o__Lachnospirales;f__Lachnospiraceae;g__Blautia;s__	0.9482641533308973
d894ba80f0a6e3dc9a4e851604e4c2ac	d__Bacteria;p__Firmicutes;c__Clostridia;o__Oscillospirales;f__Ruminococcaceae;g__Faecalibacterium;s__	0.999209867358097
f9a87d9cae4854d7abf2fc6d9e17d9c1	d__Bacteria;p__Bacteroidota;c__Bacteroidia;o__Bacteroidales;f__Prevotellaceae;g__Alloprevotella;s__	0.9975036120225277
f8b92ce6a6e47582f6f71707692b0123	d__Bacteria;p__Firmicutes;c__Bacilli;o__Lactobacillales;f__Streptococcaceae;g__Streptococcus;s__	0.9998999456535209
c36a79c6ad04bdfc17faa945ddab0cce	d__Bacteria;p__Firmicutes;c__Clostridia;o__Lachnospirales;f__Lachnospiraceae;g__Blautia;s__	0.8710149447244633
c1d19b873cd9b6ebf229ba0b760fe67a	d__Bacteria;p__Firmicutes;c__Clostridia;o__Lachnospirales;f__Lachnospiraceae	0.9989033004037727
989b8ad37a23d5b29741dbf45a7c93bf	d__Bacteria;p__Firmicutes;c__Clostridia;o__Lachnospirales;f__Lachnospiraceae	0.997697493623739
ec2104e6499e1ef2b285c939f5736c3f	d__Bacteria;p__Bacteroidota;c__Bacteroidia;o__Bacteroidales;f__Marinifilaceae;g__Butyricimonas;s__	0.9999997570387233
bb32b04654a6a625cc7bc00f3a0c674f	d__Bacteria;p__Firmicutes;c__Bacilli;o__Lactobacillales;f__Streptococcaceae;g__Streptococcus;s__	0.999869142882448
641b328b33a44b341aa467e4c968b6b2	d__Bacteria;p__Actinobacteriota;c__Coriobacteriia;o__Coriobacteriales;f__Eggerthellaceae;g__Adlercreutzia;s__	0.7684418321443512
1a840792e6656ff628ad26f8961ff9fe	d__Bacteria;p__Firmicutes;c__Negativicutes;o__Veillonellales-Selenomonadales;f__Veillonellaceae;g__Dialister;s__	0.9999625601695868
13800fd8eeb32c02c78cd7db0973ba9f	d__Bacteria;p__Firmicutes;c__Clostridia;o__Oscillospirales;f__Ruminococcaceae;g__Fournierella;s__	0.9972781415436349
b39b6b080fcfb0e4eb8568f3f6281083	d__Bacteria;p__Firmicutes;c__Clostridia;o__Lachnospirales;f__Lachnospiraceae;g__Blautia;s__	0.954884439604339
a96d0ee8683c64136d3d53750cecc437	d__Bacteria;p__Firmicutes;c__Clostridia;o__Lachnospirales;f__Lachnospiraceae	0.9973845342834926
3b9888dfe2a73821f6491f964f04fe69	d__Bacteria	0.9985529419006771
472fd3ca1df52206c6fef56de7787344	d__Bacteria;p__Firmicutes;c__Clostridia;o__Oscillospirales;f__Ruminococcaceae;g__Ruminococcus;s__	0.7025533702960518
13616e54422ae22fbea16c104d8cd536	d__Bacteria;p__Firmicutes;c__Clostridia;o__Peptostreptococcales-Tissierellales;f__Peptostreptococcaceae;g__Romboutsia;s__	0.9014760503795484
e5f95c7cbb47f0f8c2757d6f8620ab8e	d__Bacteria;p__Firmicutes;c__Negativicutes;o__Veillonellales-Selenomonadales;f__Veillonellaceae;g__Megasphaera;s__	0.9999920685902078
5b109a88f7d06df9fb1ee5fe1a10ac7a	d__Bacteria;p__Firmicutes;c__Clostridia;o__Oscillospirales;f__Oscillospiraceae;g__Flavonifractor;s__	0.9999553829335355
71806b52a642b0ea9182cb0452b71844	d__Bacteria;p__Firmicutes;c__Clostridia;o__Oscillospirales;f__Ruminococcaceae;g__Ruminococcus;s__	0.721540299959606
d3449813a2adc03486c91d37e675100e	d__Bacteria;p__Bacteroidota;c__Bacteroidia;o__Bacteroidales;f__Bacteroidaceae;g__Bacteroides;s__	0.9931067884227978
8574a10423cfcba4ae07037c9e232b6f	d__Bacteria;p__Firmicutes;c__Clostridia;o__Oscillospirales;f__Ruminococcaceae;g__Ruminococcus;s__	0.9765456632392399
61b977d7c3144a1c01b4adc00d976053	d__Bacteria;p__Firmicutes;c__Clostridia;o__Oscillospirales;f__Oscillospiraceae;g__UCG-002;s__	0.9871665076725447
92efc7ca2525d05e28ff108445d2a6b8	d__Bacteria;p__Bacteroidota;c__Bacteroidia;o__Bacteroidales;f__Bacteroidaceae;g__Bacteroides;s__	0.9991003529038344
30987d4038352034fff202f90d9ae068	d__Bacteria;p__Firmicutes;c__Bacilli;o__Erysipelotrichales;f__Erysipelatoclostridiaceae;g__Catenibacterium;s__	0.9999994862337941
359a893ac1880e8a9d08eb15adcf46ec	d__Bacteria;p__Firmicutes;c__Clostridia;o__Oscillospirales;f__Ruminococcaceae;g__Faecalibacterium;s__	0.9987167762405704
e9ad3e10f2aab7546ba2990c2da44f39	d__Bacteria;p__Firmicutes;c__Clostridia;o__Oscillospirales;f__Ruminococcaceae;g__Ruminococcus;s__	0.9532692217730271
afba97cd28ad3cdfb4836d0bb3e91a55	d__Bacteria;p__Firmicutes;c__Clostridia;o__Oscillospirales;f__Ruminococcaceae;g__Faecalibacterium;s__	0.9992482795344299
94dae84bd911d361491507a63cc0617f	d__Bacteria;p__Firmicutes;c__Bacilli;o__Erysipelotrichales;f__Erysipelatoclostridiaceae;g__Erysipelotrichaceae_UCG-003;s__	0.9983697328748875
bb84f276a6e458ad76741478efcc5311	d__Bacteria;p__Firmicutes;c__Clostridia;o__Oscillospirales;f__Ruminococcaceae;g__Ruminococcus;s__	0.8481802181939494
c512abde3f9f1754687bb5379da9323a	d__Bacteria;p__Firmicutes;c__Clostridia;o__Lachnospirales;f__Lachnospiraceae;g__Fusicatenibacter;s__	0.9992589197621744
1cf9df5a307b4bb4c238e361ed095195	d__Bacteria;p__Firmicutes;c__Clostridia;o__Clostridia_UCG-014;f__Clostridia_UCG-014;g__Clostridia_UCG-014;s__	0.9998381102115309
a10222672ea4702a85e26a44f07e90ec	d__Bacteria;p__Firmicutes;c__Clostridia;o__Oscillospirales;f__Ruminococcaceae;g__Faecalibacterium;s__	0.9989600113388926
c1242ce605ac11ee53569a0c8850100c	d__Bacteria;p__Firmicutes;c__Clostridia;o__Oscillospirales;f__Oscillospiraceae;g__UCG-002;s__	0.9502002617782186
2fa0593631cc0b8f3df4a3be23c1d4c2	d__Bacteria;p__Firmicutes;c__Bacilli;o__RF39;f__RF39;g__RF39;s__	0.9994309808924265
c9e08f23c2b37c09536e8ca36bd0175a	d__Bacteria;p__Firmicutes;c__Clostridia;o__Lachnospirales;f__Lachnospiraceae;g__Blautia;s__	0.9243713266827385
dc514fa849ff19726a5d894e08915116	d__Bacteria;p__Firmicutes;c__Clostridia;o__Oscillospirales;f__Oscillospiraceae;g__UCG-002;s__	0.9779836207827826
024b727d64fa6e68e43e9858252cf171	d__Bacteria;p__Firmicutes;c__Clostridia;o__Oscillospirales;f__Ruminococcaceae;g__Faecalibacterium;s__	0.9997243129025951
c9fba61dd7d17fd2ec0b5d21ba2f576a	d__Bacteria;p__Firmicutes;c__Clostridia;o__Lachnospirales;f__Lachnospiraceae;g__Blautia;s__	0.9528950235184227
cb7f3d0966c6fc0fa3eb5cc63eccad9f	d__Bacteria;p__Firmicutes;c__Clostridia;o__Oscillospirales;f__Ruminococcaceae;g__Faecalibacterium;s__	0.9995830630381343
3f02e6b088627d3629c23b1dc484169c	d__Bacteria;p__Firmicutes;c__Clostridia;o__Lachnospirales;f__Lachnospiraceae	0.9997138288204027
86da653a7d2caea6cb00b9a9e078b7da	d__Bacteria;p__Firmicutes;c__Clostridia;o__Oscillospirales;f__Oscillospiraceae;g__UCG-002;s__	0.9849114849518812
0be0b038944540fa92186e705a682ebd	d__Bacteria;p__Bacteroidota;c__Bacteroidia;o__Bacteroidales;f__Tannerellaceae;g__Parabacteroides;s__	0.9996844330662449
26263678da3d063d7c3de063f344bd2e	d__Bacteria;p__Firmicutes;c__Bacilli;o__RF39;f__RF39;g__RF39;s__	0.9994755181365585
98e9780a8467ab87f6969b8851ad949a	d__Bacteria;p__Firmicutes;c__Clostridia;o__Lachnospirales;f__Lachnospiraceae;g__Blautia;s__	0.9359624035790861
dfc1cafdd466ee44d4869c3e8b2cc875	d__Bacteria;p__Firmicutes;c__Clostridia;o__Christensenellales;f__Christensenellaceae;g__Christensenellaceae_R-7_group;s__	0.7237329008155389
06e6270011391b5b306a3f57ed303201	d__Bacteria;p__Firmicutes;c__Clostridia;o__Lachnospirales;f__Lachnospiraceae	0.9967739557226307
3f2ec0421ec2834d93e6ee10a4ea0222	d__Bacteria;p__Firmicutes;c__Clostridia;o__Lachnospirales;f__Lachnospiraceae;g__[Eubacterium]_hallii_group;s__	0.995885979025209
ab6ad6d04da957a8c219e36a6709e5c0	d__Bacteria;p__Firmicutes;c__Clostridia;o__Lachnospirales;f__Lachnospiraceae;g__[Eubacterium]_hallii_group;s__	0.9974610514291753
1c46471c1b0cddc02b1dd9d11ef5515f	d__Bacteria;p__Firmicutes;c__Clostridia;o__Oscillospirales;f__Ruminococcaceae;g__Subdoligranulum;s__	0.997332846590689
5e7a23da0a16469a518b890ca48ade06	d__Bacteria;p__Firmicutes;c__Clostridia;o__Lachnospirales;f__Lachnospiraceae	0.9967351869049936
632535f4a321ed7a71125c1b05e1dcce	d__Bacteria;p__Firmicutes;c__Clostridia;o__Oscillospirales;f__Ruminococcaceae;g__Subdoligranulum;s__	0.9978796285882715
0149b4fa725b4fd4980c96ed50d7914b	d__Bacteria;p__Firmicutes;c__Clostridia;o__Lachnospirales;f__Lachnospiraceae;g__[Eubacterium]_hallii_group;s__	0.9835643064688019
f4154f704ad087f986f69319a6a05724	d__Bacteria;p__Firmicutes;c__Clostridia;o__Oscillospirales;f__Ruminococcaceae;g__Subdoligranulum;s__	0.9943321425825498
d388fd24fb307e4f39fab7287d25b9f8	d__Bacteria;p__Bacteroidota;c__Bacteroidia;o__Bacteroidales;f__Bacteroidaceae;g__Bacteroides;s__	0.9998931623613873
f7c669fa1b987c2adc678ba7fd8665fd	d__Bacteria;p__Firmicutes;c__Clostridia;o__Oscillospirales;f__Ruminococcaceae;g__Subdoligranulum;s__	0.9982979955892908
1af295a07cacaeb67690241fb6d703ff	d__Bacteria;p__Firmicutes;c__Clostridia;o__Lachnospirales;f__Lachnospiraceae	0.980061415615753
ea4bb9002d6cc82e43b5898c7b96cb77	d__Bacteria;p__Firmicutes;c__Clostridia;o__Oscillospirales;f__Butyricicoccaceae;g__Butyricicoccus;s__	0.999839642461576
4f68d97f5b624b26f67767130f5491db	d__Bacteria;p__Firmicutes;c__Clostridia;o__Lachnospirales;f__Lachnospiraceae;g__[Eubacterium]_hallii_group;s__	0.9929512879519103
fa238088231aa129b32213881e7ac948	d__Bacteria;p__Firmicutes;c__Clostridia;o__Lachnospirales;f__Lachnospiraceae;g__Fusicatenibacter;s__	0.9982597662233319
927b5cc76b77cd697c293d2105d3f2c2	d__Bacteria;p__Firmicutes;c__Clostridia;o__Oscillospirales;f__Butyricicoccaceae;g__Butyricicoccus;s__	0.9996280650230088
17cfa66fc4311fd8aa9c08578c7e044e	d__Bacteria;p__Firmicutes;c__Clostridia;o__Oscillospirales;f__Ruminococcaceae;g__Ruminococcus;s__	0.9518506235287948
a0c9136be350441f2b8bfa7216a5ed65	d__Bacteria;p__Firmicutes;c__Clostridia;o__Oscillospirales;f__Ruminococcaceae;g__Faecalibacterium;s__	0.9993549826747806
28a3aa0479247e20dfbed0f78e062f65	d__Bacteria;p__Firmicutes;c__Clostridia;o__Lachnospirales;f__Lachnospiraceae;g__[Ruminococcus]_gauvreauii_group;s__	0.8413452557865099
3ea9b112f7f7ecf2854be686440dc531	d__Bacteria;p__Firmicutes;c__Clostridia;o__Oscillospirales;f__Oscillospiraceae;g__UCG-002;s__	0.9263301318856946
7a68d5518a34ca3450917719170ed820	d__Bacteria;p__Firmicutes;c__Clostridia;o__Oscillospirales;f__Ruminococcaceae;g__Faecalibacterium;s__	0.999383864953196
3aa8b1ecc426b569e51f2ce197c804c6	d__Bacteria;p__Firmicutes;c__Clostridia;o__Oscillospirales;f__Ruminococcaceae;g__Faecalibacterium;s__	0.998745645105917
054097152b3db34668d9e251a6bdb4eb	d__Bacteria;p__Firmicutes;c__Clostridia;o__Lachnospirales;f__Lachnospiraceae;g__Lachnospira;s__	0.964157717211971
9803d988309a202317dd1e2bbb3b519e	d__Bacteria;p__Bacteroidota;c__Bacteroidia;o__Bacteroidales;f__Bacteroidaceae;g__Bacteroides;s__	0.9993496705398861
7ff89f02550bb48d98a11385d06cbca5	d__Bacteria;p__Firmicutes;c__Clostridia;o__Lachnospirales;f__Lachnospiraceae;g__Fusicatenibacter;s__	0.9990184089811398
649ebde9b2bf15655123de61ba4e2615	d__Bacteria;p__Firmicutes;c__Clostridia;o__Oscillospirales;f__Ruminococcaceae;g__Subdoligranulum;s__	0.9950335274651806
a8774990b0f0b3d8398b850b6384da38	d__Bacteria;p__Firmicutes;c__Clostridia;o__Lachnospirales;f__Lachnospiraceae;g__Blautia;s__	0.9606917292561086
d37e0bd0cb7230de7f8fe6fc1d115b08	d__Bacteria;p__Firmicutes;c__Bacilli;o__Erysipelotrichales;f__Erysipelatoclostridiaceae;g__Erysipelotrichaceae_UCG-003;s__	0.9992906275785789
ab02bbd815983574d1aa7c6aa12a4543	d__Bacteria;p__Firmicutes;c__Clostridia;o__Oscillospirales;f__Ruminococcaceae;g__Subdoligranulum;s__	0.971913892399735
5e755c4cf16014ac3de3a28764f110a0	d__Bacteria;p__Firmicutes;c__Clostridia;o__Lachnospirales;f__Lachnospiraceae;g__Dorea;s__	0.9525783883039517
4f2a2add69f095df292b9d7b6c9d32d9	d__Bacteria;p__Firmicutes;c__Clostridia;o__Peptococcales;f__Peptococcaceae;g__uncultured;s__	0.8036883641935639
7b6c16dd314393ed3d40497142496007	d__Bacteria;p__Firmicutes;c__Clostridia;o__Oscillospirales;f__Ruminococcaceae;g__Subdoligranulum;s__	0.949763003840699
7b5974584e0522f6cb40559fc618c974	d__Bacteria;p__Firmicutes;c__Clostridia;o__Oscillospirales;f__Ruminococcaceae;g__Subdoligranulum;s__	0.9973373510794361
c0df00a97d64ecc67fa3179e9bfc2065	d__Bacteria;p__Firmicutes;c__Clostridia;o__Lachnospirales;f__Lachnospiraceae;g__Blautia;s__	0.9614841780080383
3ea8a672183cb6df18762f33f74611c6	d__Bacteria;p__Firmicutes;c__Clostridia;o__Lachnospirales;f__Lachnospiraceae	0.9987591503265791
03807ac5fe4d42fdddb8ff950cf1e2bf	d__Bacteria;p__Firmicutes;c__Clostridia;o__Lachnospirales;f__Lachnospiraceae;g__Lachnospira;s__	0.9669790718280951
9dde99369aaf5a868b4710af1352b64d	d__Bacteria;p__Firmicutes;c__Clostridia;o__Oscillospirales;f__Butyricicoccaceae;g__Butyricicoccus;s__	0.9991100312340857
19e6ce67e113c6f7d7567e34a29bf33e	d__Bacteria;p__Firmicutes;c__Clostridia;o__Oscillospirales;f__Ruminococcaceae;g__Faecalibacterium;s__	0.9940957640308874
6c12b82e9b2cc5b2f5ec1d1daf8e79c5	d__Bacteria;p__Firmicutes;c__Clostridia;o__Lachnospirales;f__Lachnospiraceae	0.9912521834529548
12aed370b73723941a7fbcc783d57a5c	d__Bacteria;p__Firmicutes;c__Clostridia;o__Lachnospirales;f__Lachnospiraceae	0.9998873574664779
eb72ddd9757cad6fd12f3fd8fa04b147	d__Bacteria;p__Firmicutes;c__Clostridia;o__Lachnospirales;f__Lachnospiraceae;g__Blautia;s__	0.8773167555740575
966d8d5342610db362548c1da6a92f53	d__Bacteria;p__Firmicutes;c__Clostridia;o__Lachnospirales;f__Lachnospiraceae;g__Lachnoclostridium;s__	0.7174225133456071
c5ca2521869140e608677817498d55e7	d__Bacteria;p__Firmicutes;c__Clostridia;o__Oscillospirales;f__Oscillospiraceae	0.9971764570087215
7258f261af9413c0aae900c9c234baeb	d__Bacteria;p__Firmicutes;c__Clostridia;o__Lachnospirales;f__Lachnospiraceae	0.9978690833120976
e988ebf48e5ea59accf2284fa43230ac	d__Bacteria;p__Firmicutes;c__Clostridia;o__Lachnospirales;f__Lachnospiraceae	0.9995888258066175
85b191382485217b7200fe90fce11ce4	d__Bacteria;p__Firmicutes;c__Clostridia;o__Lachnospirales;f__Lachnospiraceae	0.9989250139836086
60fe80bab4c4d035acc7a88cce87547d	d__Bacteria;p__Firmicutes;c__Clostridia;o__Lachnospirales;f__Lachnospiraceae;g__Blautia;s__	0.8755345509142028
cc8c797aa6a5b460eac10ec9fd202eff	d__Bacteria;p__Firmicutes;c__Clostridia;o__Lachnospirales;f__Lachnospiraceae	0.998386871180849
20bc6e8212044e1c2127db2b35902de3	d__Bacteria;p__Firmicutes;c__Clostridia;o__Lachnospirales;f__Lachnospiraceae;g__Fusicatenibacter;s__	0.9993023845087617
d770af9122c16545cde4929ae22fc378	d__Bacteria;p__Firmicutes;c__Clostridia;o__Oscillospirales;f__Oscillospiraceae;g__Oscillibacter;s__	0.9510595286646478
87d7e3e20ac70986765e3c6f4c6a26b7	d__Bacteria;p__Firmicutes;c__Clostridia;o__Lachnospirales;f__Lachnospiraceae	0.9925167064228169
7f9cbabf6f9c813337e24fd54d542b4e	d__Bacteria;p__Firmicutes;c__Clostridia;o__Lachnospirales;f__Lachnospiraceae	0.9981024458163782
9651f087c800341f4eb82089aa85b6bd	d__Bacteria;p__Firmicutes;c__Clostridia;o__Lachnospirales;f__Lachnospiraceae	0.9992520636586225
a64ea4283208a7f82b7ebafa9ad382b0	d__Bacteria;p__Firmicutes;c__Clostridia;o__Lachnospirales;f__Lachnospiraceae	0.9921011736543995
435de5898979b5e2342c0f3b9ce4de22	d__Bacteria;p__Firmicutes;c__Clostridia;o__Lachnospirales;f__Lachnospiraceae	0.9985589377877369
ce2195165dd65bcff378efc08d3aafbc	d__Bacteria;p__Firmicutes;c__Clostridia;o__Lachnospirales;f__Lachnospiraceae;g__[Ruminococcus]_torques_group;s__	0.7553880087166805
1efeda55597240f1edc1e316de111efc	d__Bacteria;p__Firmicutes;c__Clostridia;o__Lachnospirales;f__Lachnospiraceae;g__Lachnospira;s__	0.9868758891551388
aa86f783e02ae7d6efa57d8f4b9f5ff3	d__Bacteria;p__Firmicutes;c__Clostridia;o__Lachnospirales;f__Lachnospiraceae;g__Blautia;s__	0.9140704345217986
4df2ef50c010d0732bdb9c665cee49d4	d__Bacteria;p__Firmicutes;c__Clostridia;o__Oscillospirales;f__Oscillospiraceae	0.9955243834994972
65c87883970a9856e59a99af08c2c292	d__Bacteria;p__Firmicutes;c__Clostridia;o__Lachnospirales;f__Lachnospiraceae;g__Coprococcus;s__	0.816274298842002
7e3234e55b111b85638198f6c588750c	d__Bacteria;p__Firmicutes;c__Clostridia	0.9383837008660907
f682e536285c8d8bad02ef07aee03111	d__Bacteria;p__Firmicutes;c__Clostridia;o__Lachnospirales;f__Lachnospiraceae	0.7021882503733087
d42f1583fa2e01c05e37c5b713e6fde9	d__Bacteria;p__Firmicutes;c__Clostridia;o__Oscillospirales;f__Ruminococcaceae;g__Faecalibacterium;s__	0.9992027842311353
46bfbb16e7eeae0ad3c2f2a9bcf63dca	d__Bacteria;p__Firmicutes;c__Clostridia;o__Christensenellales;f__Christensenellaceae;g__Christensenellaceae_R-7_group;s__	0.8004110679889315
0f36c8dd470f42ed1584a7b7bad91736	d__Bacteria;p__Firmicutes;c__Clostridia;o__Lachnospirales;f__Lachnospiraceae	0.998943177375979
8bb045006d04fa0902d2d0cea95c5e23	d__Bacteria;p__Firmicutes;c__Clostridia;o__Oscillospirales;f__Oscillospiraceae	0.9963706828112546
b43c546c621ffa0474c753979a40098a	d__Bacteria;p__Synergistota;c__Synergistia;o__Synergistales;f__Synergistaceae;g__Cloacibacillus;s__	0.9999995767381805
4868cb9ea2822d049f11e3b3fd39cd70	d__Bacteria;p__Firmicutes;c__Clostridia;o__Lachnospirales;f__Lachnospiraceae	0.9994713689924742
f24b240d88a2bcaf68ec809076514bbb	d__Bacteria;p__Firmicutes;c__Bacilli;o__Izemoplasmatales;f__Izemoplasmatales;g__Izemoplasmatales;s__	0.9964411469795676
496909fd7ed637809409941d76ed1c5b	d__Bacteria;p__Firmicutes;c__Clostridia;o__Lachnospirales;f__Lachnospiraceae	0.9983689810447002
855652cc5222bc584adc052336a7d714	d__Bacteria;p__Firmicutes;c__Clostridia;o__Lachnospirales;f__Lachnospiraceae	0.9992590481156981
0ea395396cdf3cc8816f31fb1d5c2eff	d__Bacteria;p__Firmicutes;c__Clostridia;o__Lachnospirales;f__Lachnospiraceae;g__Sellimonas;s__	0.8386781139333246
4fbfc3b7f2084f962ce74232ef1eaae8	d__Bacteria;p__Firmicutes;c__Clostridia;o__Oscillospirales;f__Oscillospiraceae;g__Colidextribacter;s__	0.7100948888715934
eeb63428432757d868901e651b9b4fb8	d__Bacteria;p__Firmicutes;c__Clostridia	0.8590593899994258
9e0529ab0f7de75cc5dc8647032f9cda	d__Bacteria;p__Firmicutes;c__Clostridia;o__Clostridia_UCG-014;f__Clostridia_UCG-014;g__Clostridia_UCG-014;s__	0.9999901151775941
497ec54a9ffe9ec9d50055933590c5e2	d__Bacteria;p__Firmicutes;c__Clostridia;o__Christensenellales;f__Christensenellaceae;g__Christensenellaceae_R-7_group;s__	0.8705542451301821
5ceff0dd9d5a5b926193cfc47de77f71	d__Bacteria;p__Firmicutes;c__Clostridia;o__Peptostreptococcales-Tissierellales;f__Anaerovoracaceae;g__Family_XIII_AD3011_group;s__	0.9762542802074925
993769289d7b6542a541ff2eccfc76a8	d__Bacteria	0.995079560341952
824ccfd1cf7f4200d42d90aa4ca76265	d__Bacteria;p__Firmicutes;c__Clostridia;o__Oscillospirales;f__Oscillospiraceae;g__UCG-005;s__	0.9046291036277309
cbe3861ff61f48ef9380ea64ad0aaa02	d__Bacteria;p__Firmicutes;c__Clostridia;o__Peptostreptococcales-Tissierellales;f__Peptostreptococcaceae;g__Romboutsia;s__	0.9068141068154529
020be588f33ca065e6474490976eeeac	d__Bacteria;p__Firmicutes;c__Clostridia;o__Lachnospirales;f__Lachnospiraceae	0.9898807641594647
a1799fd66b914c3eb8cd3e65f19b7c05	d__Bacteria;p__Firmicutes;c__Bacilli;o__Lactobacillales;f__Lactobacillaceae;g__Ligilactobacillus;s__	0.9996117001371819
f0519c03944339ac93d15ecec04c2663	d__Bacteria;p__Firmicutes;c__Clostridia;o__Lachnospirales;f__Lachnospiraceae	0.999502041405161
ea6a28ee4244a67ca13401a4278bc9de	d__Bacteria;p__Firmicutes;c__Clostridia	0.998254847739461
aee02f6738c477c53d0f76c7bd580af8	d__Bacteria;p__Firmicutes;c__Clostridia;o__Lachnospirales;f__Lachnospiraceae;g__Blautia;s__	0.9414393629719939
4e0838b96232a304ec29475a66b1e8fc	d__Bacteria;p__Firmicutes;c__Clostridia;o__Oscillospirales;f__Oscillospiraceae;g__UCG-005;s__	0.871432569326259
70791d91cc785ebf4a73013d5fa02b1b	d__Bacteria;p__Firmicutes;c__Clostridia	0.9858696372576674
55d1b46a20f3acbf056d672880de8c2a	d__Bacteria;p__Firmicutes;c__Clostridia	0.9801194881800875
4ddd12454ec9eb24cf01a489be179557	d__Bacteria;p__Firmicutes;c__Clostridia;o__Lachnospirales;f__Lachnospiraceae	0.9865211321397519
5f9a2d2447691f797e960d8437bac216	d__Bacteria;p__Actinobacteriota;c__Actinobacteria;o__Corynebacteriales;f__Corynebacteriaceae;g__Corynebacterium;s__	0.970499068046128
a5529b74fc3659a3fbeacb08f19a122d	d__Bacteria;p__Firmicutes;c__Clostridia;o__Lachnospirales;f__Lachnospiraceae;g__Blautia;s__	0.9146762397644423
34ea5489f4f6dc12d2f3588ae841163d	d__Bacteria;p__Firmicutes;c__Clostridia;o__Lachnospirales;f__Lachnospiraceae;g__UC5-1-2E3;s__	0.8967551556958794
22b26ab31632c7db5749079721a2ec16	d__Bacteria;p__Firmicutes;c__Clostridia;o__Oscillospirales	0.8548960354699328
dc9739a0c525e37c1df1b86e36b65cee	d__Bacteria;p__Firmicutes;c__Clostridia;o__Christensenellales;f__Christensenellaceae;g__Christensenellaceae_R-7_group;s__	0.7171103838481903
5fe920247eb65f749d73fb8482a09272	d__Bacteria;p__Firmicutes;c__Clostridia;o__Clostridia_UCG-014;f__Clostridia_UCG-014;g__Clostridia_UCG-014;s__	0.9999900481110116
c82e087826c7133bf59dbf1efd5ad63b	d__Bacteria;p__Firmicutes;c__Clostridia;o__Peptostreptococcales-Tissierellales;f__Peptostreptococcaceae;g__Romboutsia;s__	0.864763967049654
bbb808965e42543600cae223949d630d	d__Bacteria;p__Firmicutes;c__Clostridia;o__Oscillospirales	0.7152459548536971
23f66aae57e443f83af8803d3ea2a2a8	d__Bacteria;p__Firmicutes;c__Clostridia;o__Lachnospirales;f__Lachnospiraceae	0.9993534161591769
5232c8ee451f0aecc3637a9056c39952	d__Bacteria;p__Firmicutes;c__Clostridia;o__Lachnospirales;f__Lachnospiraceae	0.9989430562375138
66c4aad3546c117aef54e54380da520d	d__Bacteria;p__Firmicutes;c__Clostridia;o__Lachnospirales;f__Lachnospiraceae	0.9994718569068819
dc417cd125c3b7f7ac4b9606cd50b505	d__Bacteria;p__Firmicutes;c__Clostridia;o__Lachnospirales;f__Lachnospiraceae	0.9892492297874276
085ca499277874305e4087dc3c53d52b	d__Bacteria;p__Firmicutes;c__Clostridia;o__Peptostreptococcales-Tissierellales;f__Peptostreptococcaceae;g__Romboutsia;s__	0.7227356976331892
95f8742e6cbfdfc087d93835e63f20c6	d__Bacteria;p__Firmicutes;c__Clostridia;o__Lachnospirales;f__Lachnospiraceae	0.980409675947915
863a00dbc636dce3e1b14aba8271bd9d	d__Bacteria;p__Firmicutes;c__Clostridia;o__Lachnospirales;f__Lachnospiraceae	0.9999655327925417
59c62e91ff4cffac62399dded1a248dc	d__Bacteria;p__Firmicutes;c__Clostridia;o__Lachnospirales;f__Lachnospiraceae	0.9995612587604119
855d263825eaee7f8928bc82944bfe1b	d__Bacteria;p__Firmicutes;c__Clostridia;o__Lachnospirales;f__Lachnospiraceae	0.9992951818168436
df9aa2fefa5995b3457f141d9f248953	d__Bacteria;p__Bacteroidota;c__Bacteroidia;o__Bacteroidales;f__Bacteroidaceae;g__Bacteroides;s__	0.9034182007275126
2fd31d20fa68356cdfc5952c1128a63b	d__Bacteria;p__Actinobacteriota;c__Coriobacteriia;o__Coriobacteriales;f__Coriobacteriaceae;g__Collinsella;s__	0.999970809985167
45e09f98bc8f42cd7161045898093d7d	d__Bacteria;p__Bacteroidota;c__Bacteroidia;o__Bacteroidales;f__Bacteroidaceae;g__Bacteroides;s__	0.8332123332596864
34fe5ff4d400cca3045a7443d9737e74	d__Bacteria;p__Proteobacteria;c__Alphaproteobacteria;o__Rhodospirillales;f__uncultured;g__uncultured;s__	0.9714806547728335
739938afa1aaa9a0f62fff8f38d12a16	d__Bacteria;p__Firmicutes;c__Clostridia;o__Oscillospirales;f__Ruminococcaceae;g__Faecalibacterium;s__	0.9973146498773668
caeacffdf620e73752c991ff698b48ca	d__Bacteria;p__Bacteroidota;c__Bacteroidia;o__Bacteroidales;f__Tannerellaceae;g__Parabacteroides;s__	0.999824880684261
b5f8c632f9b3caab85db21b8ed527b8d	d__Bacteria;p__Firmicutes;c__Clostridia;o__Oscillospirales;f__[Eubacterium]_coprostanoligenes_group;g__[Eubacterium]_coprostanoligenes_group;s__	0.7896973292996308
b9ab13f7c126d94442e2fd0a3a5fa42f	d__Bacteria;p__Firmicutes;c__Clostridia;o__Lachnospirales;f__Lachnospiraceae;g__[Ruminococcus]_torques_group;s__	0.753479822863058
3576c4801b91d2ed5ffd9a8e46295e87	d__Bacteria;p__Firmicutes;c__Clostridia;o__Oscillospirales;f__Ruminococcaceae;g__Faecalibacterium;s__	0.9993081014939613
eb343a3914e621e6838be7b76bb42612	d__Bacteria;p__Bacteroidota;c__Bacteroidia;o__Bacteroidales;f__Barnesiellaceae;g__Coprobacter;s__	0.9999993122198794
0f9888d32bfa8aa143a29b0edae0e254	d__Bacteria;p__Bacteroidota;c__Bacteroidia;o__Bacteroidales;f__Tannerellaceae;g__Parabacteroides;s__	0.9997926206207611
ddec77fbcb4d6d5b71a1e4c6fea22d89	d__Bacteria;p__Firmicutes;c__Negativicutes;o__Veillonellales-Selenomonadales;f__Veillonellaceae;g__Dialister;s__	0.9241895393073494
ef8f9adab7682b28523ab0048747871c	d__Bacteria;p__Firmicutes;c__Clostridia;o__Lachnospirales;f__Lachnospiraceae;g__Dorea;s__	0.9496015485287461
ea42e15475003ee09bc44b341eaf8f3f	d__Bacteria;p__Firmicutes;c__Clostridia;o__Lachnospirales;f__Lachnospiraceae;g__Dorea;s__	0.9373888151640205
16fccecc6d75a466196ae8063ef063d9	d__Bacteria;p__Firmicutes;c__Clostridia;o__Oscillospirales;f__Butyricicoccaceae;g__Butyricicoccus;s__	0.9999040215878536
82bcb39da290074d3be7ef9cadc3312c	d__Bacteria;p__Firmicutes;c__Clostridia;o__Lachnospirales;f__Lachnospiraceae;g__Dorea;s__	0.9636738681880187
24c604844bcca6f70b5dc6e6eb463783	d__Bacteria;p__Firmicutes;c__Clostridia;o__Lachnospirales;f__Lachnospiraceae;g__[Eubacterium]_hallii_group;s__	0.9969886826868607
8953f7082ee757acae4bb933c78853cd	d__Bacteria;p__Firmicutes;c__Clostridia;o__Lachnospirales;f__Lachnospiraceae	0.989068855655156
6900675fafc18b7ca403a549fca2ad85	d__Bacteria;p__Firmicutes;c__Clostridia;o__Lachnospirales;f__Lachnospiraceae	0.9980094779568165
419321053367752255a7c2bef2504bd0	d__Bacteria;p__Firmicutes;c__Clostridia;o__Oscillospirales;f__Oscillospiraceae;g__Colidextribacter;s__	0.845628368045158
7acd5f768e8b8981bc3cd3efd225861a	d__Bacteria;p__Firmicutes;c__Clostridia;o__Lachnospirales;f__Lachnospiraceae;g__Dorea;s__	0.9438807749531931
1f824bfdc87e096e190c2f15dddea847	d__Bacteria;p__Firmicutes;c__Clostridia;o__Lachnospirales;f__Lachnospiraceae;g__Lachnospira;s__	0.7553987869530475
791228d515da132449b44321cc282c5c	d__Bacteria;p__Firmicutes;c__Clostridia;o__Lachnospirales;f__Lachnospiraceae	0.9983775436844193
855e9acef3b8e99c9d4d695c3072cf83	d__Bacteria;p__Firmicutes;c__Clostridia;o__Lachnospirales;f__Lachnospiraceae;g__[Eubacterium]_eligens_group;s__	0.9983402345093164
e563e7fed5d4762a88527c6e4b772fc5	d__Bacteria;p__Firmicutes;c__Clostridia;o__Lachnospirales;f__Lachnospiraceae;g__Lachnospiraceae_UCG-004;s__	0.9628630130768366
edeb873346fc1227a0b18372bdafa403	d__Bacteria;p__Firmicutes;c__Clostridia;o__Lachnospirales;f__Lachnospiraceae	0.9982697701070762
3c59e0794b64b0aeb7ca44364595f5dd	d__Bacteria;p__Firmicutes;c__Clostridia;o__Lachnospirales;f__Lachnospiraceae	0.9990501584875948
df051feef48b9f2b748ce3e12473f0ac	d__Bacteria;p__Firmicutes;c__Clostridia;o__Lachnospirales;f__Lachnospiraceae	0.9979727460738784
79bad75d52aa71876f5ed0d43cf6afe5	d__Bacteria;p__Firmicutes;c__Clostridia;o__Lachnospirales;f__Lachnospiraceae;g__Lachnospiraceae_UCG-010;s__	0.7647328480494984
82ccd1bfa789638539493caca6bdd7d3	d__Bacteria;p__Firmicutes;c__Clostridia;o__Lachnospirales;f__Lachnospiraceae	0.9994002801369647
c190da88f4a4354a00ee80f953fa6dd5	d__Bacteria;p__Bacteroidota;c__Bacteroidia;o__Bacteroidales;f__Bacteroidaceae;g__Bacteroides;s__	0.9993258319254498
f0b2386131151d49d875199c904001aa	d__Bacteria;p__Firmicutes;c__Clostridia;o__Lachnospirales;f__Lachnospiraceae;g__Dorea;s__	0.93654267493571
b00188b973f6c1371b95eb416e0a79f8	d__Bacteria;p__Firmicutes;c__Clostridia;o__Lachnospirales;f__Lachnospiraceae;g__Lachnospira;s__	0.8971323114348609
161d14fd8ee549de05f3c64f2513c225	d__Bacteria;p__Firmicutes;c__Clostridia;o__Lachnospirales;f__Lachnospiraceae;g__Lachnospira;s__	0.7511697501492857
b81ada62ff8a5694160154abc67192cf	d__Bacteria;p__Firmicutes;c__Clostridia;o__Lachnospirales;f__Lachnospiraceae;g__Agathobacter;s__	0.9831599966360505
c5c5010bbebd59df012094635fa94003	d__Bacteria;p__Bacteroidota;c__Bacteroidia;o__Bacteroidales;f__Bacteroidaceae;g__Bacteroides;s__	0.9997169069941082
d3d78a33717c9d4b65f4802198e231f7	d__Bacteria;p__Actinobacteriota;c__Coriobacteriia;o__Coriobacteriales;f__Eggerthellaceae	0.9999999366205035
5e619eaebfece4b09da2600f0664e623	d__Bacteria;p__Firmicutes;c__Clostridia;o__Lachnospirales;f__Lachnospiraceae	0.999509155219046
b4e19484af2284080a965418ae7b1181	d__Bacteria;p__Firmicutes;c__Clostridia;o__Lachnospirales;f__Lachnospiraceae;g__Lachnospiraceae_UCG-010;s__	0.7757924000571074
071f6c923da089ca45f4d9551bd2a0b2	d__Bacteria;p__Bacteroidota;c__Bacteroidia;o__Bacteroidales;f__Bacteroidaceae;g__Bacteroides;s__	0.9993956494727241
278050ab3a1bcdd8724c467fe33d7b9c	d__Bacteria;p__Firmicutes;c__Clostridia	0.9844454555781392
be07a5933dca066e29199e1c23d8c418	d__Bacteria;p__Firmicutes;c__Clostridia;o__Oscillospirales;f__Ruminococcaceae;g__Faecalibacterium;s__	0.9915087079210076
792a801aa494f5a8ab846ccd40cb5c5a	d__Bacteria;p__Bacteroidota;c__Bacteroidia;o__Bacteroidales;f__Tannerellaceae;g__Parabacteroides;s__	0.8639725722531563
61b1a17b20209460fdd2f29dea91d263	d__Bacteria;p__Firmicutes;c__Clostridia;o__Lachnospirales;f__Lachnospiraceae;g__Blautia;s__	0.869299861026381
6521b4e703f873f0a5a7af23745c45c5	d__Bacteria;p__Firmicutes;c__Clostridia;o__Lachnospirales;f__Lachnospiraceae;g__Blautia;s__	0.8954844991455609
23b01139c1ab590fe4e848cad526c21e	d__Bacteria;p__Firmicutes;c__Clostridia;o__Christensenellales;f__Christensenellaceae;g__Christensenellaceae_R-7_group;s__	0.7255656274090725
8b093c604b5ac39ca41bdb493984fffd	d__Bacteria;p__Firmicutes;c__Clostridia;o__Lachnospirales;f__Lachnospiraceae	0.9976791099861939
a2bc4c40469f26579a21a72f954e53b7	d__Bacteria;p__Firmicutes;c__Clostridia;o__Lachnospirales;f__Lachnospiraceae	0.9992084997356225
c69fe16d5365e458f4127dee48f41abd	d__Bacteria;p__Firmicutes;c__Clostridia;o__Lachnospirales;f__Lachnospiraceae	0.9997937319939595
33424b189f085e0904edec61d70b721d	d__Bacteria;p__Firmicutes;c__Clostridia;o__Lachnospirales;f__Lachnospiraceae	0.9998869073525041
90bdb70c752c23cd984a4252ecb7259b	d__Bacteria;p__Bacteroidota;c__Bacteroidia;o__Bacteroidales;f__Marinifilaceae;g__Butyricimonas;s__	0.9999978278791134
ea6bd3944477f9d6fb9091d3ce6b7ac5	d__Bacteria;p__Firmicutes;c__Clostridia;o__Lachnospirales;f__Lachnospiraceae;g__Fusicatenibacter;s__	0.9251562195859961
2b695363728e0b872038ce122957b735	d__Bacteria;p__Actinobacteriota;c__Actinobacteria;o__Actinomycetales;f__Actinomycetaceae;g__Actinomyces;s__	0.9916513577310434
9abf6aab3d79d1e8bea6e217d937b357	d__Bacteria;p__Firmicutes;c__Clostridia;o__Lachnospirales;f__Lachnospiraceae;g__Blautia;s__	0.8768866989169567
9848859eeec66f9d2f1e99bac69961e0	d__Bacteria;p__Firmicutes;c__Clostridia;o__Lachnospirales;f__Lachnospiraceae	0.9998133415038141
d3d7d96c449b0b9ae5c7e77da09b6bc4	d__Bacteria;p__Firmicutes;c__Clostridia;o__Lachnospirales;f__Lachnospiraceae;g__[Ruminococcus]_gnavus_group;s__	0.9937905808702504
f03bf7a26238c7791b9ee686193a300a	d__Bacteria;p__Firmicutes;c__Clostridia;o__Oscillospirales;f__Ruminococcaceae;g__Faecalibacterium;s__	0.9978614031680293
98407bf0228ac471d2e50dc52246229c	d__Bacteria;p__Firmicutes;c__Clostridia;o__Lachnospirales;f__Lachnospiraceae;g__Lachnoclostridium;s__	0.7671871970826558
20da8627efa9cdcd4bd8ed5e2d842483	d__Bacteria;p__Firmicutes;c__Clostridia;o__Lachnospirales;f__Lachnospiraceae;g__[Ruminococcus]_gnavus_group;s__	0.9744096149534032
5e596c01c9a0c51ee9d0e9850b745a75	d__Bacteria;p__Firmicutes;c__Clostridia;o__Lachnospirales;f__Lachnospiraceae	0.9995136238518911
3cc78cfb446b24f2710bb064827a2190	d__Bacteria;p__Firmicutes;c__Clostridia;o__Oscillospirales;f__Ruminococcaceae	0.791173502634184
6e8862bb2fab410d531b7adff9d25a8f	d__Bacteria;p__Firmicutes;c__Clostridia;o__Oscillospirales;f__Ruminococcaceae;g__Faecalibacterium;s__	0.999400626219667
55fe22a5372438338b2bdfbeba3e9518	d__Bacteria;p__Firmicutes;c__Negativicutes;o__Veillonellales-Selenomonadales;f__Veillonellaceae;g__Dialister;s__	0.9934418964277048
9ab13eb16526b35d357529ccf5cbf528	d__Bacteria;p__Firmicutes;c__Clostridia;o__Oscillospirales	0.7500264056486199
b3978c56f806a502c805e2cd01964448	d__Bacteria;p__Bacteroidota;c__Bacteroidia;o__Bacteroidales;f__Bacteroidaceae;g__Bacteroides;s__	0.9997319380743226
686e42bf227c7cd16104763bd9da503a	d__Bacteria;p__Firmicutes;c__Negativicutes;o__Acidaminococcales;f__Acidaminococcaceae;g__Acidaminococcus;s__	0.998163459625257
93d9799ef1ad4641447ea6b45c3b5417	d__Bacteria;p__Firmicutes;c__Clostridia;o__Oscillospirales;f__Ruminococcaceae;g__Faecalibacterium;s__	0.9983165916443575
e0b518883ff3d49fd593ff5248e508ee	d__Bacteria;p__Firmicutes;c__Clostridia;o__Oscillospirales;f__Ruminococcaceae	0.7774877671196778
56413872b704a09dc4fef34b50a31294	d__Bacteria;p__Firmicutes;c__Clostridia;o__Oscillospirales;f__Ruminococcaceae;g__Faecalibacterium;s__	0.9988889306659297
d802a0a8eeec93e1f1208656287676d0	d__Bacteria;p__Firmicutes;c__Clostridia;o__Oscillospirales	0.7461790449190328
ecf219ffb8441e6b294bc822fb7889ab	d__Bacteria;p__Firmicutes;c__Clostridia;o__Lachnospirales;f__Lachnospiraceae;g__Lachnospira;s__	0.8357029046684152
ab48d4bfbb071636bb0181b3f28c3f1c	d__Bacteria;p__Bacteroidota;c__Bacteroidia;o__Bacteroidales;f__Rikenellaceae;g__Alistipes;s__	0.9967444740163509
adecb6ec66650e549e893abf1735f4eb	d__Bacteria;p__Firmicutes;c__Bacilli;o__Lactobacillales;f__Lactobacillaceae;g__Ligilactobacillus;s__	0.9989505444261968
47d6a60fa7a5c534f58166598e29f68b	d__Bacteria;p__Bacteroidota;c__Bacteroidia;o__Bacteroidales;f__Rikenellaceae;g__Alistipes;s__	0.9769524798282279
03fa4c36dd8b3ccdc510bb0c13ca9ae4	d__Bacteria;p__Firmicutes;c__Clostridia;o__Lachnospirales;f__Lachnospiraceae;g__[Eubacterium]_hallii_group;s__	0.9895633839159017
28407da18c2447b50a1ffbd1f92132f5	d__Bacteria;p__Bacteroidota;c__Bacteroidia;o__Bacteroidales;f__Barnesiellaceae;g__Coprobacter;s__	0.9999985841111189
8bb980f534cfc238cd0b1c26f89831ae	d__Bacteria;p__Firmicutes;c__Clostridia;o__Lachnospirales;f__Lachnospiraceae;g__Lachnospira;s__	0.9636514139273703
7cc4118e0871e38d6499f199b8a95647	d__Bacteria;p__Actinobacteriota;c__Coriobacteriia;o__Coriobacteriales;f__Eggerthellaceae;g__Senegalimassilia;s__	0.9999720128644998
95966d1aaecc38ca12eb8f9179610011	d__Bacteria;p__Firmicutes;c__Clostridia;o__Lachnospirales;f__Lachnospiraceae	0.9967216321393578
4a64dd4b8d98f27b56ed91a585a37d01	d__Bacteria;p__Firmicutes;c__Clostridia;o__Oscillospirales;f__Oscillospiraceae;g__Flavonifractor;s__	0.9999574504820253
d38966c98b9f3fdda6f176e93b62e30b	d__Bacteria;p__Firmicutes;c__Clostridia;o__Lachnospirales;f__Lachnospiraceae	0.9965404905943946
ef81a4227f6b2c0aa7d1f44c4baac8ae	d__Bacteria;p__Firmicutes;c__Clostridia;o__Lachnospirales;f__Lachnospiraceae;g__Fusicatenibacter;s__	0.9993462367926726
e343b9799db36ae13ef3d183f2afed22	d__Bacteria;p__Firmicutes;c__Clostridia;o__Lachnospirales;f__Lachnospiraceae;g__[Ruminococcus]_torques_group;s__	0.7396963180481211
7584819453add3d1bde6b0cee8d514ca	d__Bacteria;p__Firmicutes;c__Clostridia;o__Lachnospirales;f__Lachnospiraceae;g__[Eubacterium]_hallii_group;s__	0.9966464364016504
636fe04dce228975a6aa7c120f36746d	d__Bacteria;p__Firmicutes;c__Clostridia;o__Oscillospirales;f__Oscillospiraceae;g__Flavonifractor;s__	0.9999789629495599
e3a8b6b3e7a62eec1f60a52c958fddce	d__Bacteria;p__Firmicutes;c__Clostridia;o__Oscillospirales;f__Oscillospiraceae;g__Oscillibacter;s__	0.7364062320829543
429f1eee866db24f9245a6c001f6822c	d__Bacteria;p__Firmicutes;c__Clostridia;o__Lachnospirales;f__Lachnospiraceae	0.9998612554411233
af3024eb38391b56ce8d0f53b7769c1b	d__Bacteria;p__Firmicutes;c__Clostridia;o__Lachnospirales;f__Lachnospiraceae;g__Blautia;s__	0.8814276951360835
7be9c3c3109ea5743613da218526c1fa	d__Bacteria;p__Firmicutes;c__Clostridia;o__Oscillospirales;f__Oscillospiraceae	0.9851830773472631
22bd52445ee6d93da7ac27d81ae55acd	d__Bacteria;p__Firmicutes;c__Clostridia;o__Oscillospirales;f__Ruminococcaceae;g__Faecalibacterium;s__	0.8712530195419083
8a2a2b9d94dd3e4a1be995dcf767ef0e	d__Bacteria;p__Firmicutes;c__Clostridia;o__Oscillospirales;f__Oscillospiraceae;g__Oscillospira;s__	0.9984580607771196
fee6a80d0433baf41b151fe0d3898745	d__Bacteria;p__Firmicutes;c__Clostridia;o__Oscillospirales;f__Butyricicoccaceae;g__Butyricicoccus;s__	0.9477396120610454
e791efa90c384e04c6e709afcac2df0a	d__Bacteria;p__Firmicutes;c__Clostridia;o__Lachnospirales;f__Lachnospiraceae	0.9959733653462923
4205e96a8ebcd4fb817abb02bfa30e9a	d__Bacteria;p__Firmicutes;c__Clostridia;o__Lachnospirales;f__Lachnospiraceae	0.9952543262262706
3389757411aa80f09a0ded002030c8c4	d__Bacteria;p__Firmicutes;c__Clostridia;o__Lachnospirales;f__Lachnospiraceae;g__UC5-1-2E3;s__	0.9378336831372444
006894b28460ce0f0c3a9b5c850bd009	d__Bacteria;p__Firmicutes;c__Clostridia;o__Peptostreptococcales-Tissierellales;f__Peptostreptococcaceae	0.9998840741303149
c534813f03b44d184077ccee5d726d4b	d__Bacteria;p__Firmicutes;c__Clostridia;o__Lachnospirales;f__Lachnospiraceae;g__UC5-1-2E3;s__	0.887039666858918
9ccb82959ebe6e9be7362343c5f1fdad	d__Bacteria;p__Firmicutes;c__Clostridia;o__Oscillospirales	0.738189794619755
02881dafcdec34171efb29b580049481	d__Bacteria;p__Firmicutes;c__Clostridia;o__Oscillospirales;f__Oscillospiraceae;g__Oscillibacter;s__	0.7460954845434227
62692edffaa9689c86d01d121bd13782	d__Bacteria;p__Firmicutes;c__Clostridia;o__Lachnospirales;f__Lachnospiraceae	0.9892024144370226
9a351b7aa5ae56cc92ef8fc8fee79380	d__Bacteria;p__Firmicutes;c__Negativicutes;o__Veillonellales-Selenomonadales;f__Selenomonadaceae;g__Megamonas;s__	0.9999994911233203
cdc1745565b0b2eede641b60533487a5	d__Bacteria;p__Cyanobacteria;c__Vampirivibrionia;o__Gastranaerophilales;f__Gastranaerophilales;g__Gastranaerophilales;s__	0.8353373868528846
3d4aa3272466e3740688158da2d03ee6	d__Bacteria;p__Firmicutes;c__Clostridia;o__Lachnospirales;f__Lachnospiraceae;g__[Eubacterium]_hallii_group;s__	0.9744586173248038
2633a7d761bdc5cc5389785167bd0102	d__Bacteria;p__Firmicutes;c__Clostridia;o__Lachnospirales;f__Lachnospiraceae;g__Blautia;s__	0.8628701144982125
46ddefef2810d20a8aba65638f99d06a	d__Bacteria;p__Firmicutes;c__Clostridia;o__Lachnospirales;f__Lachnospiraceae;g__Blautia;s__	0.9131629823667848
a4bed67445374f781828a6fb57a721d0	d__Bacteria;p__Bacteroidota;c__Bacteroidia;o__Bacteroidales;f__Bacteroidaceae;g__Bacteroides;s__	0.9970922060858458
ff8892d57afee7356f4f25f362b6244e	d__Bacteria;p__Firmicutes;c__Clostridia;o__Lachnospirales;f__Lachnospiraceae;g__[Ruminococcus]_torques_group;s__	0.9269608933980812
4812a7084b1dcb0e16ed491639d9fe36	d__Bacteria;p__Firmicutes;c__Clostridia;o__Lachnospirales;f__Lachnospiraceae	0.9957890352423487
977ddb6f37683714e1221bb1a9952f6b	d__Bacteria;p__Firmicutes;c__Clostridia;o__Oscillospirales;f__Ruminococcaceae;g__Incertae_Sedis;s__	0.9908719380785648
6315f1ae665e639acf7e6ad660d6107e	d__Bacteria;p__Cyanobacteria;c__Vampirivibrionia;o__Gastranaerophilales;f__Gastranaerophilales;g__Gastranaerophilales;s__	0.9987134864987628
036d38b60d79aad05e54fe90ca2afdd9	d__Bacteria;p__Firmicutes;c__Clostridia;o__Oscillospirales;f__Ruminococcaceae;g__Subdoligranulum;s__	0.9994437625652803
42259a13f77842d893c5b7051bd80f3f	d__Bacteria;p__Firmicutes;c__Clostridia;o__Oscillospirales;f__Ruminococcaceae;g__Faecalibacterium;s__	0.9996530674861515
a57ff0b3dae767b6d8fcc19ebaa9357b	d__Bacteria;p__Firmicutes;c__Clostridia;o__Lachnospirales;f__Lachnospiraceae	0.999826544558103
6116247799aca5efd6276625e8145804	d__Bacteria;p__Firmicutes;c__Clostridia;o__Lachnospirales;f__Lachnospiraceae	0.9994849077484742
9e92752075bd58dc166a1eb2f47e5c96	d__Bacteria;p__Firmicutes;c__Clostridia;o__Lachnospirales;f__Lachnospiraceae	0.9976259488664215
991f13e51f9de66b4666dc747c220b2c	d__Bacteria;p__Firmicutes;c__Clostridia;o__Lachnospirales;f__Lachnospiraceae	0.9917878695036844
efc7f81d795726935f8118011608cdb4	d__Bacteria;p__Firmicutes;c__Clostridia;o__Lachnospirales;f__Lachnospiraceae;g__Dorea;s__	0.8856839527597515
bbcdc7ca95f672d5ea0c4b931e0a2b3b	d__Bacteria;p__Firmicutes;c__Clostridia;o__Oscillospirales;f__Oscillospiraceae;g__Oscillibacter;s__	0.9266451372573808
149bc7b7b70b83269c4472fd5a02bd22	d__Bacteria;p__Firmicutes;c__Clostridia;o__Lachnospirales;f__Lachnospiraceae;g__[Ruminococcus]_gnavus_group;s__	0.9904726211221059
8909eb06e3e7d743a761f4fc95395495	d__Bacteria;p__Bacteroidota;c__Bacteroidia;o__Bacteroidales;f__Bacteroidaceae;g__Bacteroides;s__	0.9998805265219578
0f3cbaa7bed6dba11345bdc787f73ee6	d__Bacteria;p__Actinobacteriota;c__Coriobacteriia;o__Coriobacteriales;f__Eggerthellaceae;g__Eggerthella;s__	0.9996435015889942
1dd04650cabf7c6b51beacbfd25c058e	d__Bacteria;p__Firmicutes;c__Clostridia;o__Lachnospirales;f__Lachnospiraceae;g__Sellimonas;s__	0.862899163419627
52ba430c73ab17dcf25db14a96234b83	d__Bacteria;p__Firmicutes;c__Clostridia;o__Lachnospirales;f__Lachnospiraceae	0.9990376267246198
e01fef90a42491d05f6a901c46635b4a	d__Bacteria;p__Desulfobacterota;c__Desulfovibrionia;o__Desulfovibrionales;f__Desulfovibrionaceae;g__uncultured;s__	0.88421468757962
5a07d77a2111f9c619cf95842089cb03	d__Bacteria;p__Bacteroidota;c__Bacteroidia;o__Bacteroidales;f__Marinifilaceae;g__Odoribacter;s__	0.9999642583747008
01f37386185c9d27166ae95a4854e815	d__Bacteria;p__Firmicutes;c__Clostridia;o__Lachnospirales;f__Lachnospiraceae	0.9900051555815352
72506f10296c90ea90c561eef2c26be6	d__Bacteria;p__Bacteroidota;c__Bacteroidia;o__Bacteroidales;f__Tannerellaceae;g__Parabacteroides;s__	0.832695848630557
36d8d8e9281eaaaa231a528897a976da	d__Bacteria;p__Firmicutes;c__Clostridia;o__Lachnospirales;f__Lachnospiraceae	0.9860350837582453
d56d35729403ef4342f3529890eda920	d__Bacteria;p__Firmicutes;c__Clostridia;o__Lachnospirales;f__Lachnospiraceae;g__[Ruminococcus]_torques_group;s__	0.7909890662167234
740d8a4cba7406bd4016a23e92ec5ae9	d__Bacteria;p__Bacteroidota;c__Bacteroidia;o__Bacteroidales;f__Bacteroidaceae;g__Bacteroides;s__	0.9988959102697347
b1f301e2009dbc48e4a0e1c217f3eab1	d__Bacteria;p__Firmicutes;c__Clostridia;o__Lachnospirales;f__Lachnospiraceae;g__Blautia;s__	0.7799499816062175
1a1214ca2a8e6848e8ccb69185c3cf2d	d__Bacteria;p__Firmicutes;c__Clostridia;o__Lachnospirales;f__Lachnospiraceae;g__[Ruminococcus]_torques_group;s__	0.8356417099561557
f0f216fdbe93bf98ce3a76954cbebe80	d__Bacteria;p__Firmicutes;c__Clostridia;o__Lachnospirales;f__Lachnospiraceae	0.9985375918725108
40380154c66c8cc87f2b28de9953602c	d__Bacteria;p__Bacteroidota;c__Bacteroidia;o__Bacteroidales;f__Rikenellaceae;g__Alistipes;s__	0.9183869583866043
5aabe7e8aac2f99ef2952750629c4dfe	d__Bacteria;p__Firmicutes;c__Clostridia;o__Lachnospirales;f__Lachnospiraceae;g__Eisenbergiella;s__	0.9992969969440012
71f053817bd4ab70c39bbfee7e03f83e	d__Bacteria;p__Firmicutes;c__Clostridia;o__Oscillospirales;f__Ruminococcaceae	0.9693752003353003
eecf4294b7f370ab1e1e5e0f6dbb45f1	d__Bacteria;p__Firmicutes;c__Bacilli;o__Lactobacillales;f__Streptococcaceae;g__Streptococcus;s__	0.9999790462402027
8bdc2d4e9d4e3de8494c5186869eec5b	d__Bacteria;p__Actinobacteriota;c__Actinobacteria;o__Actinomycetales;f__Actinomycetaceae;g__Actinomyces;s__	0.9866326316888844
3c23e6c89a230dc48cc7272376a585cb	d__Bacteria;p__Bacteroidota;c__Bacteroidia;o__Bacteroidales;f__Tannerellaceae	0.9676766078069476
a6e95001fc5aaeb2288df68ee6cfdf1d	d__Bacteria;p__Firmicutes;c__Bacilli;o__Erysipelotrichales;f__Erysipelotrichaceae;g__Holdemanella;s__	0.9999732520251464
8723670da964a5d51c62c91eccab958e	d__Bacteria;p__Actinobacteriota;c__Actinobacteria;o__Bifidobacteriales;f__Bifidobacteriaceae;g__Bifidobacterium;s__	0.9999218279348041
653db1ed8a3f9d8c2e4ea4d51c373dcc	d__Bacteria;p__Proteobacteria;c__Alphaproteobacteria;o__Rhodospirillales;f__uncultured;g__uncultured;s__	0.8904132592523047
7a093e2051f159d1a893c31066275f68	d__Bacteria;p__Firmicutes;c__Clostridia;o__Oscillospirales;f__Ruminococcaceae	0.8086450410802019
bbe412530bfeb47519e8607304422187	d__Bacteria;p__Bacteroidota;c__Bacteroidia;o__Bacteroidales;f__Barnesiellaceae;g__Barnesiella;s__	0.9999878695290557
292d1b030fe6959f25c338e6d348ee6a	d__Bacteria;p__Bacteroidota;c__Bacteroidia;o__Bacteroidales;f__Bacteroidaceae;g__Bacteroides;s__	0.9996943111607278
8bfb04b4b7fbd91aeeeadf2939e26017	d__Bacteria;p__Firmicutes;c__Clostridia;o__Oscillospirales;f__Ruminococcaceae;g__Faecalibacterium;s__	0.9973505301627398
0652debcfa40581a473726d59b181c83	d__Bacteria;p__Firmicutes;c__Negativicutes;o__Veillonellales-Selenomonadales;f__Veillonellaceae;g__Megasphaera;s__	0.9999661081717854
889488c2b3110a99de4395f18b777a9d	d__Bacteria;p__Bacteroidota;c__Bacteroidia;o__Bacteroidales;f__Bacteroidaceae;g__Bacteroides;s__	0.9976732443597781
d679ec5f5e2de850f1f0ddf95b8a098f	d__Bacteria;p__Firmicutes;c__Clostridia;o__Oscillospirales;f__Ruminococcaceae;g__Faecalibacterium;s__	0.9983242948873733
1593a5b9d08228cc3ef2d58b8d36bfc5	d__Bacteria;p__Actinobacteriota;c__Actinobacteria;o__Bifidobacteriales;f__Bifidobacteriaceae;g__Bifidobacterium;s__	0.9995586432134853
c3a07093b04ada08b34acd497c30cd8f	d__Bacteria;p__Firmicutes;c__Negativicutes;o__Veillonellales-Selenomonadales;f__Veillonellaceae;g__Megasphaera;s__	0.9999932347711441
77dcb4594510441e51ac09bb9ca383a6	d__Bacteria;p__Actinobacteriota;c__Coriobacteriia;o__Coriobacteriales;f__Coriobacteriaceae;g__Collinsella;s__	0.999982940719895
155483132b9359cab1e00b9369c1e50b	d__Bacteria;p__Firmicutes;c__Negativicutes;o__Veillonellales-Selenomonadales;f__Veillonellaceae;g__Megasphaera;s__	0.9999912706674097
6deaa26fdbb7ead46726034d079cd0fb	d__Bacteria;p__Firmicutes;c__Negativicutes;o__Veillonellales-Selenomonadales;f__Selenomonadaceae;g__Mitsuokella;s__	0.9967955530260806
b480ed5fa01d4ff67cf1f124a4c3d01f	d__Bacteria;p__Firmicutes;c__Negativicutes;o__Veillonellales-Selenomonadales;f__Veillonellaceae;g__Megasphaera;s__	0.9999885508666195
6381cfb1dceb8f32a30d04a6e7802427	d__Bacteria;p__Firmicutes;c__Clostridia;o__Lachnospirales;f__Lachnospiraceae;g__Agathobacter;s__	0.9459208568674168
3539ef387188cb5161b4cd9059d52102	d__Bacteria;p__Bacteroidota;c__Bacteroidia;o__Bacteroidales;f__Rikenellaceae;g__Rikenella;s__	0.7651789013084128
2d788d99f8252b4128563eceb0fa9e05	d__Bacteria;p__Firmicutes;c__Clostridia;o__Oscillospirales;f__Ruminococcaceae;g__Faecalibacterium;s__	0.9993125518537085
d81d931cd8dcc5085fa4ff2e03c1f8b6	d__Bacteria;p__Actinobacteriota;c__Coriobacteriia;o__Coriobacteriales;f__Eggerthellaceae;g__Senegalimassilia;s__	0.9999962868797367
6eb3c4fbd9234fff011e3cc2d29ce238	d__Bacteria;p__Firmicutes;c__Negativicutes;o__Veillonellales-Selenomonadales;f__Veillonellaceae;g__Dialister;s__	0.9383806717241147
06d5fe9c53c973c48df295a650455396	d__Bacteria;p__Firmicutes;c__Clostridia;o__Lachnospirales;f__Lachnospiraceae;g__[Eubacterium]_ventriosum_group;s__	0.8755464240748726
1357fdf0c31224b086ea2e6163490673	d__Bacteria;p__Firmicutes;c__Negativicutes;o__Veillonellales-Selenomonadales;f__Veillonellaceae	0.9994982587722351
af26c4528365827019a117d12665faf6	d__Bacteria;p__Firmicutes;c__Clostridia;o__Lachnospirales;f__Lachnospiraceae;g__[Eubacterium]_ruminantium_group;s__	0.9559766982429881
6d24750d2d9a2cd3325f76268c248c56	d__Bacteria;p__Firmicutes;c__Clostridia;o__Oscillospirales;f__Oscillospiraceae	0.7164901044497599
e14e1e334b29996f1c9f3d8322e30f3d	d__Bacteria;p__Firmicutes;c__Clostridia;o__Lachnospirales;f__Lachnospiraceae;g__Fusicatenibacter;s__	0.9980378647421946
128358b3b6bfac3868ba85bcbcfec551	d__Bacteria;p__Firmicutes;c__Clostridia;o__Lachnospirales;f__Lachnospiraceae;g__Agathobacter;s__	0.9821765111612983
a2e6e2c09de7834a12ba673cfcc7d31c	d__Bacteria;p__Proteobacteria;c__Alphaproteobacteria;o__Rhodospirillales;f__uncultured;g__uncultured;s__	0.9633227143245209
5d16675f02e5465dac2574c04fd0ea76	d__Bacteria;p__Firmicutes;c__Clostridia	0.9492978401536941
493c1eb5f253723f79c995de066df986	d__Bacteria;p__Bacteroidota;c__Bacteroidia;o__Bacteroidales;f__Bacteroidaceae;g__Bacteroides;s__	0.9999576199514639
fe3ceba6ccf17102f6617a88a981e49e	d__Bacteria;p__Firmicutes;c__Clostridia;o__Clostridia_UCG-014;f__Clostridia_UCG-014;g__Clostridia_UCG-014;s__	0.9999744296588406
6a7d7d2604b25187551f550ffcd32101	d__Bacteria;p__Firmicutes;c__Clostridia;o__Oscillospirales;f__Oscillospiraceae;g__UCG-002;s__	0.9819150442620868
5c04992ff3c226a980587fba2e9ff6c2	d__Bacteria;p__Firmicutes;c__Clostridia;o__Lachnospirales;f__Lachnospiraceae;g__[Eubacterium]_hallii_group;s__	0.9964219096601666
23924a24f10b076298ec7daead5c4757	d__Bacteria;p__Firmicutes;c__Negativicutes;o__Veillonellales-Selenomonadales;f__Veillonellaceae;g__Megasphaera;s__	0.9984523712365988
bf6c23ac1b9b27a0fec87edc80fa578e	d__Bacteria;p__Firmicutes;c__Clostridia	0.9890040244210359
ba46ec6aab3bc78abe09129b5b6ff7e6	d__Bacteria;p__Firmicutes;c__Clostridia;o__Oscillospirales;f__Oscillospiraceae;g__UCG-002;s__	0.9571316652499996
0016456280f84c5471472b34b1701ab6	d__Bacteria;p__Firmicutes;c__Clostridia;o__Oscillospirales	0.7202326727030357
6e6c1536632c4319796887b492237ebd	d__Bacteria;p__Firmicutes;c__Clostridia;o__Oscillospirales;f__Oscillospiraceae;g__UCG-002;s__	0.9799089150527814
8e9037d9fda520394a321fb4f64a4f26	d__Bacteria;p__Firmicutes;c__Clostridia;o__Lachnospirales;f__Lachnospiraceae;g__Fusicatenibacter;s__	0.9981379767494342
6dd8632a156a4f416d1399b792bafdb9	d__Bacteria;p__Bacteroidota;c__Bacteroidia;o__Bacteroidales;f__Rikenellaceae;g__Alistipes;s__	0.9879664598034914
198635a3f5a065323c33be6acd560d29	d__Bacteria;p__Firmicutes;c__Clostridia;o__Oscillospirales;f__Oscillospiraceae;g__UCG-002;s__	0.9703771235667258
2ff447f34f2c9befaeadc8791272f163	d__Bacteria;p__Firmicutes;c__Clostridia;o__Oscillospirales;f__Oscillospiraceae	0.9974161101875337
9717f5b147a26d64ef6f7e5f8058deae	d__Bacteria;p__Firmicutes;c__Clostridia;o__Oscillospirales;f__Ruminococcaceae;g__Negativibacillus;s__	0.9990750629553885
25855efc733cf521ae188829289b809f	d__Bacteria;p__Actinobacteriota;c__Coriobacteriia;o__Coriobacteriales;f__Coriobacteriaceae;g__Collinsella;s__	0.9999522157149608
460c0d88b271c18a38d7b8f0dd48aaa1	d__Bacteria;p__Firmicutes;c__Clostridia;o__Lachnospirales;f__Lachnospiraceae;g__[Eubacterium]_eligens_group;s__	0.9998203574397406
6396494a2cbb7caabd11fcfa8bd67819	d__Bacteria;p__Firmicutes;c__Clostridia;o__Oscillospirales;f__Ruminococcaceae;g__Negativibacillus;s__	0.9968865927499524
c0a28c86f4a410f3f2f0080a56486f43	d__Bacteria;p__Firmicutes;c__Clostridia;o__Oscillospirales;f__Ruminococcaceae;g__Negativibacillus;s__	0.9994477265432712
09badfd059ba49c623ee7525751f59e5	d__Bacteria;p__Firmicutes;c__Clostridia;o__Lachnospirales;f__Lachnospiraceae;g__[Ruminococcus]_gauvreauii_group;s__	0.861695195203947
12253c56d9a4074932b55ce97486fa74	d__Bacteria;p__Firmicutes;c__Clostridia;o__Monoglobales;f__Monoglobaceae;g__Monoglobus;s__	0.9980988856276839
1ec9140be48e6741e1a4879bc504b013	d__Bacteria;p__Firmicutes;c__Clostridia;o__Lachnospirales;f__Lachnospiraceae;g__Dorea;s__	0.9390070887607
ebf1f1685e0f31175fbad347b8f6f696	d__Bacteria;p__Firmicutes;c__Clostridia;o__Lachnospirales;f__Lachnospiraceae;g__Lachnospiraceae_ND3007_group;s__	0.9996987390411439
4d39a030e776dcf81353c19d8912c9cd	d__Bacteria;p__Firmicutes;c__Clostridia;o__Lachnospirales;f__Lachnospiraceae;g__[Eubacterium]_hallii_group;s__	0.9920234563169968
020f660b617851f83633c5290b774331	d__Bacteria;p__Firmicutes;c__Clostridia;o__Lachnospirales;f__Lachnospiraceae;g__Lachnospira;s__	0.9839597181122969
5266695a8096387846c5a07575660bad	d__Bacteria;p__Firmicutes;c__Clostridia;o__Lachnospirales;f__Lachnospiraceae;g__CAG-56;s__	0.9685798900014216
40976510597cdfd0c0394e098cd12655	d__Bacteria;p__Proteobacteria;c__Gammaproteobacteria;o__Burkholderiales;f__Oxalobacteraceae;g__Oxalobacter;s__	0.9984644367551112
14fccee0f90da3fd17f93da4aab14c98	d__Bacteria;p__Bacteroidota;c__Bacteroidia;o__Bacteroidales;f__Rikenellaceae;g__Alistipes;s__	0.9926558252433861
cc4d16d943557ce7683b35dd8783304b	d__Bacteria;p__Bacteroidota;c__Bacteroidia;o__Bacteroidales;f__Bacteroidaceae;g__Bacteroides;s__	0.9922421504326792
fad2b19328ec00c4500e6184ebbc6978	d__Bacteria;p__Bacteroidota;c__Bacteroidia;o__Bacteroidales;f__Bacteroidaceae;g__Bacteroides;s__	0.9995985527055916
8db0c87e6365f01eed2bbe6c33be5116	d__Bacteria;p__Firmicutes;c__Clostridia;o__Lachnospirales;f__Lachnospiraceae;g__[Ruminococcus]_gauvreauii_group;s__	0.7773336885177878
e03e686d745ab455720350d9c334ebd3	d__Bacteria;p__Firmicutes;c__Clostridia;o__Oscillospirales;f__Ruminococcaceae;g__Subdoligranulum;s__	0.9824485950729221
914816e5c60cc2b8d48db230a53964de	d__Bacteria;p__Firmicutes;c__Clostridia	0.9521626467086701
3bf3ae988ef404209db518425e4353d9	d__Bacteria;p__Firmicutes;c__Clostridia;o__Christensenellales;f__Christensenellaceae;g__Christensenellaceae_R-7_group;s__	0.8724508748499227
6acf962ca62ecf883b7e361885d842ac	d__Bacteria;p__Firmicutes;c__Negativicutes;o__Veillonellales-Selenomonadales;f__Veillonellaceae;g__Megasphaera;s__	0.9962999286992636
bfb96915a61a500a8e78090ede7d2209	d__Bacteria;p__Desulfobacterota;c__Desulfovibrionia;o__Desulfovibrionales;f__Desulfovibrionaceae	0.9450402642513281
7f076523dc890d2851c2df86990b6558	d__Bacteria;p__Firmicutes;c__Clostridia;o__Lachnospirales;f__Lachnospiraceae;g__[Eubacterium]_hallii_group;s__	0.9923366248745445
2ab77fcca188dfd4f3d274e11a6ca8e5	d__Bacteria;p__Firmicutes;c__Clostridia;o__Lachnospirales;f__Lachnospiraceae	0.999708439159612
8376a92034d7e90b372ea386771f57bc	d__Bacteria;p__Firmicutes;c__Clostridia;o__Lachnospirales;f__Lachnospiraceae;g__[Ruminococcus]_gauvreauii_group;s__	0.8734867048710859
a6d0d960978c333962f11f2253cd20e9	d__Bacteria;p__Firmicutes;c__Clostridia;o__Lachnospirales;f__Lachnospiraceae	0.9997219465089477
dfa07cec571cc477e3908e149c8f360a	d__Bacteria;p__Firmicutes;c__Clostridia;o__Lachnospirales;f__Lachnospiraceae	0.9998198353604627
7f2db1128d111b15f55f9f2ff7e25641	d__Bacteria;p__Firmicutes;c__Clostridia;o__Oscillospirales;f__Oscillospiraceae	0.8590989961587963
2bfd66edd803b923b881f0dca5051309	d__Bacteria;p__Proteobacteria;c__Gammaproteobacteria;o__Burkholderiales;f__Sutterellaceae;g__Parasutterella;s__	0.9999994581732825
d0148e14be63d483481d23ed6e89077b	d__Bacteria;p__Firmicutes;c__Clostridia;o__Lachnospirales;f__Lachnospiraceae;g__Fusicatenibacter;s__	0.9729097040229252
386e8efed7b1d62790a08ddb62f28bfe	d__Bacteria;p__Firmicutes;c__Clostridia;o__Oscillospirales;f__Oscillospiraceae	0.7995971125021137
0eff3e1fd5ad7ccf99573ac34739f136	d__Bacteria;p__Firmicutes;c__Clostridia;o__Oscillospirales	0.7200975693539535
7daab611453187206db1d12dda91b2d3	d__Bacteria;p__Firmicutes;c__Clostridia;o__Lachnospirales;f__Lachnospiraceae;g__[Ruminococcus]_gauvreauii_group;s__	0.7211913520191148
e5d6c6bfebc7d12e86841da0ddb07d2a	d__Bacteria;p__Actinobacteriota;c__Coriobacteriia;o__Coriobacteriales;f__Eggerthellaceae;g__Senegalimassilia;s__	0.9999994627845461
59d7c252df5d57faa4965350649ee756	d__Bacteria;p__Firmicutes;c__Clostridia;o__Lachnospirales;f__Lachnospiraceae;g__Fusicatenibacter;s__	0.9994449855938792
75a780901478d6a32545055a2d69439a	d__Bacteria;p__Actinobacteriota;c__Actinobacteria;o__Bifidobacteriales;f__Bifidobacteriaceae;g__Bifidobacterium;s__	0.9999083372289647
25093d321551dbbbd7d32d8dc3b09820	d__Bacteria;p__Firmicutes;c__Clostridia;o__Lachnospirales;f__Lachnospiraceae;g__Blautia;s__	0.9431258273337956
5ed47c9eb2dfa98594ffdce0517948ec	d__Bacteria;p__Firmicutes;c__Clostridia;o__Oscillospirales	0.743979406056347
c55baa610ff1fd555535767e640f986e	d__Bacteria;p__Firmicutes;c__Clostridia;o__Christensenellales;f__Christensenellaceae;g__Christensenellaceae_R-7_group;s__	0.8952349908702127
0add143bb15ad264eb144fa1d545efad	d__Bacteria;p__Firmicutes;c__Clostridia;o__Christensenellales;f__Christensenellaceae;g__Christensenellaceae_R-7_group;s__	0.823281239954531
f887c1025bd2e160ed78f51e54813611	d__Bacteria;p__Firmicutes;c__Clostridia;o__Lachnospirales;f__Lachnospiraceae;g__Blautia;s__	0.9262315263590035
3e32151e433910cc1fa5a190b3d33df1	d__Bacteria;p__Firmicutes;c__Clostridia;o__Lachnospirales;f__Lachnospiraceae	0.9962411771658581
0d2efff09286c69ba8992559eb0028b5	d__Bacteria;p__Bacteroidota;c__Bacteroidia;o__Bacteroidales;f__Rikenellaceae;g__Alistipes;s__	0.9925157002813119
215f4530e1252b6aec76e79849921f20	d__Bacteria;p__Firmicutes;c__Clostridia;o__Oscillospirales;f__Ruminococcaceae;g__Incertae_Sedis;s__	0.9586114269813584
4854405db843f582a2a688a047cab390	d__Bacteria;p__Firmicutes;c__Clostridia;o__Oscillospirales;f__UCG-010;g__UCG-010;s__	0.8517440456266092
ee88153304a0dd55ee609b55ffabcaff	d__Bacteria;p__Firmicutes;c__Clostridia;o__Lachnospirales;f__Lachnospiraceae;g__Blautia;s__	0.898852915018206
b633b3a896b5613c4b702babaf7b3cf7	d__Bacteria;p__Firmicutes;c__Clostridia;o__Oscillospirales;f__Ruminococcaceae;g__Faecalibacterium;s__	0.9996727807065682
e30dbc44fd5c63285745126a68499ac7	d__Bacteria;p__Firmicutes;c__Clostridia;o__Lachnospirales;f__Lachnospiraceae	0.9986203521054597
8d61031403b35eac9145e86717031740	d__Bacteria;p__Firmicutes;c__Clostridia;o__Lachnospirales;f__Lachnospiraceae;g__Coprococcus;s__	0.8890990480733488
9dcead955493a2b994c7a08f85397004	d__Bacteria;p__Firmicutes;c__Clostridia;o__Lachnospirales;f__Lachnospiraceae;g__Lachnoclostridium;s__	0.7843227746671294
b88a7d6aca625c30600f1f7abb57df60	d__Bacteria;p__Firmicutes;c__Clostridia;o__Lachnospirales;f__Lachnospiraceae	0.9791874724672653
26618347200353305996c2cb3dc976ff	d__Bacteria;p__Firmicutes;c__Clostridia	0.9979597191527014
915c0f092524cf2eb5a47ae91ddd9ef8	d__Bacteria;p__Firmicutes;c__Clostridia;o__Oscillospirales;f__Ruminococcaceae;g__[Eubacterium]_siraeum_group;s__	0.9434240979388094
5d84a79021bdccd071c738878dfb6123	d__Bacteria;p__Firmicutes;c__Clostridia;o__Oscillospirales;f__Oscillospiraceae;g__UCG-002;s__	0.9936539221180618
9d7ef2b28c8ce14e521d99d41fd3137b	d__Bacteria;p__Firmicutes;c__Clostridia;o__Peptostreptococcales-Tissierellales;f__Peptostreptococcaceae;g__Romboutsia;s__	0.701841998033073
5f8b0ef6eb30d022e2ef2d27b2e4494e	d__Bacteria;p__Firmicutes;c__Clostridia	0.975548475751461
05c70f7e627d1c82b0d9076c9e76fb18	d__Bacteria;p__Firmicutes;c__Clostridia;o__Christensenellales;f__Christensenellaceae;g__Christensenellaceae_R-7_group;s__	0.8559422784516048
3fd1c4a96bb8e190b27aef3046f183d7	d__Bacteria;p__Firmicutes;c__Bacilli;o__Lactobacillales;f__Streptococcaceae;g__Streptococcus;s__	0.9998106448247681
e47036c282199a274087d003c8453c8d	d__Bacteria;p__Firmicutes;c__Clostridia;o__Lachnospirales;f__Lachnospiraceae;g__Lachnospiraceae_UCG-004;s__	0.7464914301124144
670d8cf2c4d5c3442ae991714b41ce6f	d__Bacteria;p__Firmicutes;c__Clostridia	0.9961032838827178
f7abdb2be5203aaa9f988dc888b51d40	d__Bacteria;p__Firmicutes;c__Clostridia;o__Lachnospirales;f__Defluviitaleaceae;g__Defluviitaleaceae_UCG-011;s__	0.9419741076059422
1734c796108fb8ee9702de86c073dd04	d__Bacteria;p__Bacteroidota;c__Bacteroidia;o__Bacteroidales;f__Bacteroidaceae;g__Bacteroides;s__	0.9999186861318172
d920dcbfc54f8fb59148fea893b17453	d__Bacteria;p__Firmicutes;c__Clostridia;o__Lachnospirales;f__Lachnospiraceae	0.9993899066539261
f3fcaad3c2d43696231aead8623e36fb	d__Bacteria;p__Firmicutes;c__Clostridia;o__Oscillospirales;f__Ruminococcaceae	0.8152688268206274
520cb6f8888c7f2d316f8af534f67a2b	d__Bacteria;p__Firmicutes;c__Clostridia;o__Peptostreptococcales-Tissierellales;f__Peptostreptococcaceae;g__Romboutsia;s__	0.713985481089319
5984f48c32186185cc78ce995b5e1164	d__Bacteria;p__Firmicutes;c__Clostridia;o__Christensenellales;f__Christensenellaceae;g__Christensenellaceae_R-7_group;s__	0.7778621071476545
7faa2c921b51abbd2aebdba5f2b9787f	d__Bacteria;p__Firmicutes;c__Clostridia;o__Lachnospirales;f__Lachnospiraceae;g__Blautia;s__	0.935789491791593
88379522d9193e0a5d27ea84db036ebd	d__Bacteria;p__Firmicutes;c__Clostridia;o__Peptostreptococcales-Tissierellales;f__Peptostreptococcaceae;g__Terrisporobacter;s__	0.9985200012284746
bca254943bc48ad566675014c20e22a3	d__Bacteria;p__Firmicutes;c__Clostridia;o__Oscillospirales;f__Oscillospiraceae;g__Colidextribacter;s__	0.7724592276946229
ab0b4d391b04e152b04966d1f62405ef	d__Bacteria;p__Firmicutes;c__Clostridia	0.9549309359285156
bc76cbfa6fe219243b9457262e9c8704	d__Bacteria;p__Firmicutes;c__Clostridia;o__Oscillospirales;f__Oscillospiraceae	0.9252875059111607
498eaede8478e2156a52f03fb6065b05	d__Bacteria;p__Firmicutes;c__Clostridia;o__Oscillospirales;f__Oscillospiraceae;g__Colidextribacter;s__	0.7212732275910326
c15670f0a23134d7017e0720d3f85ca0	d__Bacteria;p__Firmicutes;c__Clostridia;o__Oscillospirales;f__Oscillospiraceae;g__Oscillibacter;s__	0.7902882740222213
08bb59d683baeee05ab44d449ed18416	d__Bacteria;p__Firmicutes;c__Clostridia;o__Peptostreptococcales-Tissierellales;f__Anaerovoracaceae	0.9901183869863983
8f48c6ea4a194e6315a0ead52ca9a4cb	d__Bacteria;p__Firmicutes;c__Clostridia;o__Lachnospirales;f__Lachnospiraceae;g__Tuzzerella;s__	0.8942768306580801
b0db342081b34a084bae80be05805fc6	d__Bacteria;p__Firmicutes;c__Clostridia;o__Lachnospirales;f__Lachnospiraceae	0.9979091169133593
3890ddd325b84d76fc96bc102bd1b954	d__Bacteria;p__Firmicutes;c__Clostridia;o__Lachnospirales;f__Lachnospiraceae;g__UC5-1-2E3;s__	0.9532136337147437
bc8fd6731bde7827dbf676444bcb57f0	d__Bacteria;p__Firmicutes;c__Clostridia	0.9967645703416701
b1411434fc0320f60895fdc98cacb8fd	d__Bacteria;p__Firmicutes;c__Clostridia;o__Oscillospirales;f__Ruminococcaceae	0.778266381207379
0ea2b1f453644c905001516a88b453ab	d__Bacteria;p__Firmicutes;c__Clostridia;o__Oscillospirales;f__Ruminococcaceae;g__Incertae_Sedis;s__	0.834942712242203
e1c21b652fd72cebeaac078abf7b3075	d__Bacteria;p__Firmicutes;c__Clostridia;o__Lachnospirales;f__Lachnospiraceae	0.9996399063709237
9bd539df373a5cd1f3a16f73d2ff3dd7	d__Bacteria;p__Firmicutes;c__Clostridia;o__Lachnospirales;f__Lachnospiraceae;g__Blautia;s__	0.9131115494286729
04d2d053255062202ae54b6ae0ff300b	d__Bacteria;p__Firmicutes;c__Bacilli;o__Lactobacillales;f__Streptococcaceae;g__Streptococcus;s__	0.9998584748475033
5335289c63d05820e6d50230625985e6	d__Bacteria;p__Proteobacteria;c__Gammaproteobacteria;o__Burkholderiales;f__Sutterellaceae;g__Sutterella;s__	0.9894651237115156
2b26c64261c59f06ee5af9dd8582cdde	d__Bacteria;p__Firmicutes;c__Clostridia;o__Christensenellales;f__Christensenellaceae;g__Christensenellaceae_R-7_group;s__	0.7980164515653361
fa306e37c31604591ecbe99ab473af82	d__Bacteria;p__Firmicutes;c__Clostridia;o__Lachnospirales;f__Lachnospiraceae;g__Lachnospiraceae_ND3007_group;s__	0.9997914167830673
78ebff00b10c246b5077def1c1a4b94b	d__Bacteria;p__Firmicutes;c__Clostridia;o__Lachnospirales;f__Lachnospiraceae;g__Blautia;s__	0.9168702416237539
ddaf17dc2a7dd26d9d93d30dc3c551f5	d__Bacteria;p__Firmicutes;c__Clostridia	0.9944935471504163
d83d553d363e0277ff64608164dcee76	d__Bacteria;p__Firmicutes;c__Clostridia;o__Lachnospirales;f__Lachnospiraceae;g__Blautia;s__	0.959227221812403
62e5aa5c3928ee119cb9cb93c3fd5665	d__Bacteria;p__Bacteroidota;c__Bacteroidia;o__Bacteroidales;f__Rikenellaceae;g__Alistipes;s__	0.9962039720759528
d3190d429bd2ee56ad5a46cd16fed60c	d__Bacteria;p__Firmicutes;c__Negativicutes;o__Acidaminococcales;f__Acidaminococcaceae	0.9235400764339329
d0b20cc582d547a385cee4a9a8c0fe48	d__Bacteria;p__Bacteroidota;c__Bacteroidia;o__Bacteroidales;f__Bacteroidaceae;g__Bacteroides;s__	0.9998009892988063
a8cddf642c6a5417859868d4aedaebf5	d__Bacteria;p__Firmicutes;c__Negativicutes;o__Veillonellales-Selenomonadales;f__Veillonellaceae;g__Veillonella;s__	0.9732575623480774
1b562fe827675a7d2318266e6c3994d9	d__Bacteria;p__Actinobacteriota;c__Coriobacteriia;o__Coriobacteriales;f__Coriobacteriaceae;g__Collinsella;s__	0.999746599148144
70d3b20b3f354670ca3939cd3448a6f1	d__Bacteria;p__Bacteroidota;c__Bacteroidia;o__Bacteroidales;f__Barnesiellaceae;g__Barnesiella;s__	0.9999922500195063
755ea182eaccf349d971daa10f0726cb	d__Bacteria;p__Bacteroidota;c__Bacteroidia;o__Bacteroidales;f__Bacteroidaceae;g__Bacteroides;s__	0.9997096797832375
e66e92188a5b227cd6899a64c632ea38	d__Bacteria;p__Actinobacteriota;c__Coriobacteriia;o__Coriobacteriales;f__Coriobacteriaceae;g__Collinsella;s__	0.9998898652576125
dfab8db253f0e3a095c86d2c170094d3	d__Bacteria;p__Proteobacteria;c__Gammaproteobacteria;o__Burkholderiales;f__Sutterellaceae;g__Parasutterella;s__	0.9999969259196105
e3c71e92eff0e37a1a9aff7048ce6763	d__Bacteria;p__Firmicutes;c__Clostridia;o__Oscillospirales;f__Ruminococcaceae;g__Faecalibacterium;s__	0.9992785261603867
0f04b7c3271b31e8cbbba22d73598e71	d__Bacteria;p__Firmicutes;c__Negativicutes;o__Acidaminococcales;f__Acidaminococcaceae	0.9178972554093161
0a9e6d480488199dbd94a1cb1332d88a	d__Bacteria;p__Firmicutes;c__Clostridia;o__Oscillospirales;f__Ruminococcaceae;g__Faecalibacterium;s__	0.9984603451610705
c1c21df9368d67197300b64122198d2f	d__Bacteria;p__Bacteroidota;c__Bacteroidia;o__Bacteroidales;f__Tannerellaceae;g__Parabacteroides;s__	0.9998458650762849
a0ab54e189350b44e1378227e22d1528	d__Bacteria;p__Bacteroidota;c__Bacteroidia;o__Bacteroidales;f__Bacteroidaceae;g__Bacteroides;s__	0.9973807415945697
10152050e6bdd0577eaed524093d0fc6	d__Bacteria;p__Bacteroidota;c__Bacteroidia;o__Bacteroidales;f__Tannerellaceae;g__Parabacteroides;s__	0.9997929506970229
eef347fa9c71f957ed6d4450c32625ec	d__Bacteria;p__Firmicutes;c__Clostridia;o__Lachnospirales;f__Lachnospiraceae	0.9996822157673283
e0d171d5d9833ca6617010ae9b338af7	d__Bacteria;p__Firmicutes;c__Negativicutes;o__Veillonellales-Selenomonadales;f__Veillonellaceae;g__Megasphaera;s__	0.9571706203183709
cbcb7cc439bb781fbe278d8c96e13a50	d__Bacteria;p__Firmicutes;c__Clostridia;o__Oscillospirales;f__Ruminococcaceae;g__Faecalibacterium;s__	0.999121567246877
cb9f27d2f1e0d0971c44ab5f6ffc5bea	d__Bacteria;p__Firmicutes;c__Clostridia;o__Peptostreptococcales-Tissierellales;f__Peptostreptococcaceae;g__Romboutsia;s__	0.7767766046661331
e580b6d5fbf345fbd84bbda7e5496874	d__Bacteria;p__Firmicutes;c__Clostridia;o__Oscillospirales;f__Ruminococcaceae;g__Faecalibacterium;s__	0.9988651259652193
76b1bd85a2790cea2678554f22f755a4	d__Bacteria;p__Firmicutes;c__Clostridia;o__Oscillospirales;f__Ruminococcaceae;g__Faecalibacterium;s__	0.9990914027885189
451a4b0df8b161b7ec9d10c79561b563	d__Bacteria;p__Firmicutes;c__Clostridia;o__Oscillospirales;f__Oscillospiraceae	0.9944813141039051
3e0b53a6fcff3f1c778be518c54265c8	d__Bacteria;p__Firmicutes;c__Clostridia;o__Oscillospirales;f__Ruminococcaceae;g__Faecalibacterium;s__	0.9993595793629574
c3518ebbeca1725458280cd5b2f816c7	d__Bacteria;p__Firmicutes;c__Clostridia;o__Lachnospirales;f__Lachnospiraceae	0.998987499842158
69dc61ce60357112c00e98517cde111d	d__Bacteria;p__Actinobacteriota;c__Actinobacteria;o__Actinomycetales;f__Actinomycetaceae;g__Varibaculum;s__	0.9999864172055809
2bffcecde6f2d0c8af4afa15acfdb379	d__Bacteria;p__Firmicutes;c__Clostridia;o__Christensenellales;f__Christensenellaceae;g__Christensenellaceae_R-7_group;s__	0.8346758666131553
45f8421e1c6f72bde5b2458b0205db8f	d__Bacteria;p__Firmicutes;c__Clostridia;o__Oscillospirales;f__Oscillospiraceae;g__NK4A214_group;s__	0.9101438539025722
d9cc4129995e1842d52043d0fcdf40c7	d__Bacteria;p__Firmicutes;c__Bacilli;o__Lactobacillales;f__Streptococcaceae;g__Streptococcus;s__	0.9902267076499248
c38a45e3b2a7e1bfc03bebea063647e1	d__Bacteria;p__Firmicutes;c__Clostridia;o__Lachnospirales;f__Lachnospiraceae	0.9984852595850964
464f597dea42ece023f3690316af4e56	d__Bacteria;p__Bacteroidota;c__Bacteroidia;o__Bacteroidales;f__Marinifilaceae;g__Sanguibacteroides;s__	0.9998222836745604
c5d942237113b54e0a30044308974789	d__Bacteria;p__Proteobacteria;c__Gammaproteobacteria;o__Burkholderiales;f__Sutterellaceae;g__Sutterella;s__	0.9867898389032541
16a37ec7280de46edb5790b4d86de5f0	d__Bacteria;p__Bacteroidota;c__Bacteroidia;o__Bacteroidales;f__Marinifilaceae;g__Sanguibacteroides;s__	0.999944507112373
cdd2feb2bd5fcc9e5449560b73f17c13	d__Bacteria;p__Firmicutes;c__Clostridia;o__Oscillospirales;f__Oscillospiraceae	0.9706949735627768
3918ca2f9cfe320857becb70b23fc6b9	d__Bacteria;p__Firmicutes;c__Negativicutes;o__Veillonellales-Selenomonadales;f__Veillonellaceae;g__Dialister;s__	0.9999267858802661
ccdc11f2d8fe80d9a006cca0f13c6070	d__Bacteria;p__Verrucomicrobiota;c__Lentisphaeria;o__Victivallales;f__Victivallaceae;g__Victivallaceae;s__	0.989164407979494
bcf19e7d5af7ab5a738f19127d4257d8	d__Bacteria;p__Firmicutes;c__Clostridia;o__Oscillospirales;f__Ruminococcaceae;g__Faecalibacterium;s__	0.9989146564735047
241e850fe674a80218ae43b7ec795167	d__Bacteria;p__Firmicutes;c__Clostridia;o__Lachnospirales;f__Lachnospiraceae;g__Blautia;s__	0.9254765297810041
84d2c32cd9eb876819cdc88d0a245ea1	d__Bacteria;p__Firmicutes;c__Clostridia;o__Lachnospirales;f__Lachnospiraceae	0.9996382328731225
0a0ea612c6cfd98462c55171a6f7856f	d__Bacteria;p__Firmicutes;c__Clostridia;o__Lachnospirales;f__Lachnospiraceae;g__Blautia;s__	0.9397723750960255
f9422d55172c42bdf5edbe5e0da4922a	d__Bacteria;p__Firmicutes;c__Clostridia;o__Lachnospirales;f__Lachnospiraceae	0.9983040016252067
7c74146c2633c841b8bc0014ea94e6f0	d__Bacteria;p__Firmicutes;c__Clostridia;o__Peptostreptococcales-Tissierellales;f__Anaerovoracaceae;g__Family_XIII_UCG-001;s__	0.9243411422533679
ce36533d65d3a5f063136c93efea6295	d__Bacteria;p__Firmicutes;c__Clostridia;o__Oscillospirales;f__Oscillospiraceae	0.8899115607691916
04ccc794453a44f78c7f9581b43d1165	d__Bacteria;p__Firmicutes;c__Clostridia;o__Peptostreptococcales-Tissierellales;f__Peptostreptococcaceae;g__Romboutsia;s__	0.8801451388125495
593b17b7324f21ca2b074c3ec3be4d07	d__Bacteria;p__Firmicutes;c__Clostridia;o__Christensenellales;f__Christensenellaceae;g__Christensenellaceae_R-7_group;s__	0.7415655138777398
94915e61bb5635fd2171d8dad8f22376	d__Bacteria;p__Firmicutes;c__Clostridia;o__Lachnospirales;f__Lachnospiraceae;g__Lachnospiraceae_FCS020_group;s__	0.9129655894260259
9d0e50b743f9bb82677c056a066730e1	d__Bacteria;p__Firmicutes;c__Clostridia;o__Lachnospirales;f__Lachnospiraceae	0.9993193642446027
399c7a374c668fbbf0cf6e6be537342b	d__Bacteria;p__Firmicutes;c__Bacilli;o__Lactobacillales;f__Streptococcaceae;g__Streptococcus;s__	0.9999263127354531
d563814eed7391ebc42260690a59e2d4	d__Bacteria;p__Firmicutes;c__Clostridia;o__Lachnospirales;f__Lachnospiraceae;g__Lachnospiraceae_FCS020_group;s__	0.8773665520628251
7aa72314c48aad77a2aff7f38150caa3	d__Bacteria;p__Firmicutes;c__Clostridia;o__Lachnospirales;f__Lachnospiraceae	0.9994569390182898
6ade5a481f7e0b70291cb9de62248e78	d__Bacteria;p__Firmicutes;c__Clostridia	0.8658113856173797
16a05f19ee68688d83afd670eb1dcad0	d__Bacteria;p__Firmicutes;c__Clostridia;o__Christensenellales;f__Christensenellaceae;g__Christensenellaceae_R-7_group;s__	0.8288242960065321
e03c4d3086aea662dd4c3f2d575ba3f1	d__Bacteria;p__Firmicutes;c__Clostridia;o__Lachnospirales;f__Lachnospiraceae;g__Blautia;s__	0.9131782431044081
dc8cdab71d8825a7518193860fe0dbbd	d__Bacteria;p__Firmicutes;c__Clostridia;o__Oscillospirales;f__Ruminococcaceae	0.9567349352851241
d59510061759ef1fe41d7dc099b34d18	d__Bacteria;p__Firmicutes;c__Clostridia;o__Peptostreptococcales-Tissierellales;f__Peptostreptococcaceae;g__Romboutsia;s__	0.8963785037680558
08f09d5cb2041b72516280667b732767	d__Bacteria;p__Firmicutes;c__Clostridia;o__Oscillospirales;f__Ruminococcaceae;g__Faecalibacterium;s__	0.9996565234665094
b74512c9f9ad131b09065a7aae3df6a2	d__Bacteria;p__Firmicutes;c__Clostridia;o__Oscillospirales;f__Butyricicoccaceae;g__Butyricicoccus;s__	0.9995299869500054
c708dee5378a3a72846ae80f9f1d981c	d__Bacteria;p__Firmicutes;c__Clostridia;o__Oscillospirales;f__Butyricicoccaceae;g__Butyricicoccus;s__	0.9996683854797697
f8ed141b90aae4592dbd8d596c3c59ca	d__Bacteria;p__Bacteroidota;c__Bacteroidia;o__Bacteroidales;f__Prevotellaceae;g__Prevotella_9;s__	0.9930562364842324
5f6567078a5c3c186d6dc714ee78fabe	d__Bacteria;p__Firmicutes;c__Bacilli	0.9995729763832573
b2c60024f25d32ed559190ad4fd23573	d__Bacteria;p__Bacteroidota;c__Bacteroidia;o__Bacteroidales;f__Prevotellaceae;g__Prevotella;s__	0.9925383763050234
095f2abbed137430509d36b5e38e1d0c	d__Bacteria;p__Bacteroidota;c__Bacteroidia;o__Bacteroidales;f__Prevotellaceae;g__Prevotella_9;s__	0.9987679712775921
b5f35f098c00b7684a5f659c61e998ac	d__Bacteria;p__Firmicutes;c__Bacilli;o__Lactobacillales;f__Lactobacillaceae;g__Lactobacillus;s__	0.953561402107517
dc97e5bf868d98ed0468fd86baf4d6db	d__Bacteria;p__Bacteroidota;c__Bacteroidia;o__Bacteroidales;f__Prevotellaceae;g__Prevotella_9;s__	0.9990622751049851
1ec78a1230ee21124d92aedaacd33236	d__Bacteria;p__Bacteroidota;c__Bacteroidia;o__Bacteroidales;f__Prevotellaceae;g__Prevotella_9;s__	0.9945907440947517
19ce1861fe69c26a1f91021febf9379d	d__Bacteria;p__Bacteroidota;c__Bacteroidia;o__Bacteroidales;f__Prevotellaceae;g__Prevotella;s__	0.9883519213741367
9c9a00d8ee72a7e2cde637e2269c27b7	d__Bacteria;p__Firmicutes;c__Negativicutes;o__Veillonellales-Selenomonadales;f__Veillonellaceae;g__Megasphaera;s__	0.999990469829436
88ab161d11fc91a6c3570262d247c34b	d__Bacteria;p__Bacteroidota;c__Bacteroidia;o__Bacteroidales;f__Prevotellaceae;g__Prevotella;s__	0.9869552436092314
fc4a29dcda249166acd9fac7bba03baf	d__Bacteria;p__Firmicutes;c__Negativicutes;o__Veillonellales-Selenomonadales;f__Veillonellaceae;g__Megasphaera;s__	0.9999880515198524
341d02c43fb3ef0ad23032bf61a1178c	d__Bacteria;p__Firmicutes;c__Clostridia;o__Oscillospirales;f__Ruminococcaceae;g__Faecalibacterium;s__	0.998590834561502
4a7834db6d61248447375586869eaa5f	d__Bacteria;p__Actinobacteriota;c__Actinobacteria;o__Bifidobacteriales;f__Bifidobacteriaceae;g__Bifidobacterium;s__	0.9999911707206032
26e1df4bb5cc0b31e724cd4d7dd27d8f	d__Bacteria;p__Firmicutes;c__Clostridia;o__Peptostreptococcales-Tissierellales;f__Anaerovoracaceae;g__[Eubacterium]_nodatum_group;s__	0.7199539159830941
862d42a9b6d55c2f6f3f952a3389a008	d__Bacteria;p__Firmicutes;c__Clostridia;o__Oscillospirales;f__Ruminococcaceae;g__Faecalibacterium;s__	0.9996072318225174
f90d48932d8e0d2840003d7711024c61	d__Bacteria;p__Bacteroidota;c__Bacteroidia;o__Bacteroidales;f__Prevotellaceae;g__Prevotella_9;s__	0.9999048508912515
5a64ff894b281cc3a2e6ff08024ea1b2	d__Bacteria;p__Bacteroidota;c__Bacteroidia;o__Bacteroidales;f__Prevotellaceae;g__Prevotellaceae_NK3B31_group;s__	0.9996861091142564
f5764f98c80656684836dc7cc1f3d4da	d__Bacteria;p__Firmicutes;c__Clostridia;o__Lachnospirales;f__Lachnospiraceae	0.9662319693463258
39e976f638ad64c959e0df054bf8a8cd	d__Bacteria;p__Firmicutes;c__Clostridia;o__Lachnospirales;f__Lachnospiraceae;g__[Ruminococcus]_gauvreauii_group;s__	0.7824365471585065
ad927856f1ccf7faf69d5582514b9473	d__Bacteria;p__Firmicutes;c__Clostridia;o__Oscillospirales;f__Ruminococcaceae;g__Faecalibacterium;s__	0.9995660254701805
252fd57459b890947f8129f18260ddeb	d__Bacteria;p__Firmicutes;c__Negativicutes;o__Veillonellales-Selenomonadales;f__Selenomonadaceae;g__Mitsuokella;s__	0.9968774069222744
cae71fb1026be68f5c8b223c1e9f881c	d__Bacteria;p__Bacteroidota;c__Bacteroidia;o__Bacteroidales;f__Prevotellaceae;g__Prevotellaceae_NK3B31_group;s__	0.9997391714017133
6ac96acf9a4448c8ae9aaa8f514dac82	d__Bacteria;p__Firmicutes;c__Clostridia;o__Lachnospirales;f__Lachnospiraceae;g__Lachnospira;s__	0.7834349694742473
b70c3d05e99ba782d932035d948f25ca	d__Bacteria;p__Firmicutes;c__Clostridia;o__Lachnospirales;f__Lachnospiraceae;g__Blautia;s__	0.9563534127968142
269baa79ddaaaa5306a201c6bd1e6d99	d__Bacteria;p__Firmicutes;c__Clostridia;o__Lachnospirales;f__Lachnospiraceae;g__Lachnospira;s__	0.8953370324675886
035398f7a0db6521efe5d542807f2c3d	d__Bacteria;p__Firmicutes;c__Clostridia;o__Oscillospirales;f__Ruminococcaceae;g__Faecalibacterium;s__	0.9997341556809264
1969ddefafe4aefc99c905fa1fe8ad4c	d__Bacteria;p__Bacteroidota;c__Bacteroidia;o__Bacteroidales;f__uncultured;g__uncultured;s__	0.8366213519427986
7f8d7c7c2cb08de07de0887e1377a5e5	d__Bacteria;p__Firmicutes;c__Clostridia;o__Lachnospirales;f__Lachnospiraceae;g__Blautia;s__	0.9355122095366183
0ab75f78b6664d036067b4d3ebb1f6f6	d__Bacteria;p__Firmicutes;c__Clostridia;o__Lachnospirales;f__Lachnospiraceae	0.997935037895344
558b4094489c7c25d5b046391c9ebe26	d__Bacteria;p__Firmicutes;c__Clostridia;o__Lachnospirales;f__Lachnospiraceae	0.9496063191557214
2687ab309f511aa089558e83c495e666	d__Bacteria;p__Firmicutes;c__Clostridia;o__Oscillospirales;f__Ruminococcaceae;g__Faecalibacterium;s__	0.999484195966433
185842d9fde2080ea7921d56e9da8085	d__Bacteria;p__Bacteroidota;c__Bacteroidia;o__Bacteroidales;f__Bacteroidaceae;g__Bacteroides;s__	0.8917366562238394
50a3080a65fdbf6a09a69cd088a23720	d__Bacteria;p__Firmicutes;c__Bacilli;o__Erysipelotrichales;f__Erysipelotrichaceae	0.9945046735767101
0a96459c9e9e6355d50603fb5cd6075d	d__Bacteria;p__Firmicutes;c__Clostridia;o__Lachnospirales;f__Lachnospiraceae;g__Fusicatenibacter;s__	0.9992538106666634
3e2820d8084d3d975611a4ba7cd0faf3	d__Bacteria;p__Firmicutes;c__Bacilli;o__Lactobacillales;f__Streptococcaceae;g__Streptococcus;s__	0.9998971970810034
8f037885af15de58c437a77efd3d496e	d__Bacteria;p__Actinobacteriota;c__Coriobacteriia;o__Coriobacteriales;f__Atopobiaceae;g__Olsenella;s__	0.9956194020453122
eb05f8fe2789f7cccdfebfc736c76098	d__Bacteria;p__Firmicutes;c__Clostridia;o__Oscillospirales;f__Ruminococcaceae;g__Subdoligranulum;s__	0.9731313929850917
cc3726d7f8b845e4d3e3599097c05188	d__Bacteria;p__Bacteroidota;c__Bacteroidia;o__Bacteroidales;f__Rikenellaceae;g__Rikenellaceae_RC9_gut_group;s__	0.99439991514241
104760446a38173ecdeeaec370428078	d__Bacteria;p__Firmicutes;c__Clostridia;o__Lachnospirales;f__Lachnospiraceae	0.9999421851672864
5f8a3feccb8a279898bc4ebc684e691b	d__Bacteria;p__Actinobacteriota;c__Coriobacteriia;o__Coriobacteriales;f__Coriobacteriaceae;g__Collinsella;s__	0.9914206096268886
fa8e8d33ae42879a73aac4f35bc8087a	d__Bacteria;p__Firmicutes;c__Clostridia;o__Lachnospirales;f__Lachnospiraceae;g__Anaerostipes;s__	0.9987508085153487
e2c7e3d2a507379f326ef22170b47ae2	d__Bacteria;p__Actinobacteriota;c__Coriobacteriia;o__Coriobacteriales;f__Eggerthellaceae;g__Slackia;s__	0.9997464127426142
6d7cc74b4f63f0546945557dfe1d25ab	d__Bacteria;p__Bacteroidota;c__Bacteroidia;o__Bacteroidales;f__Tannerellaceae;g__Parabacteroides;s__	0.999849142371237
dfd81469800c28e1a7ad24331600000f	d__Bacteria;p__Firmicutes;c__Clostridia;o__Lachnospirales;f__Lachnospiraceae;g__Lachnospiraceae_UCG-010;s__	0.995499832710629
924285783e22838b21985ad28a5ced79	d__Bacteria;p__Firmicutes;c__Clostridia;o__Lachnospirales;f__Lachnospiraceae;g__[Eubacterium]_hallii_group;s__	0.9886015897343624
8f89cc029ce2a4d793f63caea9f283c8	d__Bacteria;p__Firmicutes;c__Clostridia;o__Lachnospirales;f__Lachnospiraceae;g__Lachnospiraceae_UCG-004;s__	0.9081010187385616
41636556292a9483cabba2d43a905746	d__Bacteria;p__Bacteroidota;c__Bacteroidia;o__Bacteroidales;f__Rikenellaceae;g__Rikenellaceae_RC9_gut_group;s__	0.9945251597605297
04618bd7508b2845c96efe6bfdceb57a	d__Bacteria;p__Firmicutes;c__Clostridia	0.9896060858714039
8d74d19b742000aa34bc0b0b4f70c453	d__Bacteria;p__Firmicutes;c__Clostridia;o__Oscillospirales;f__Oscillospiraceae;g__UCG-002;s__	0.9857640507392831
f23d43aab3a61d3ec85872cddb575fb2	d__Bacteria;p__Actinobacteriota;c__Coriobacteriia;o__Coriobacteriales;f__Atopobiaceae;g__Olsenella;s__	0.9937712952686965
2c42ee53f70433ed48df81a6debb705b	d__Bacteria;p__Firmicutes;c__Clostridia;o__Lachnospirales;f__Lachnospiraceae;g__Blautia;s__	0.8436125475415773
960f6d4d547eb7b21898dc42cd509e76	d__Bacteria;p__Firmicutes;c__Bacilli;o__Lactobacillales;f__Streptococcaceae;g__Streptococcus;s__	0.9996419972852068
65afa5ac2673325bd9a446faca8aca1e	d__Bacteria;p__Actinobacteriota;c__Coriobacteriia;o__Coriobacteriales;f__Eggerthellaceae;g__Enterorhabdus;s__	0.9969944556720668
0a5be68dfa4cd725a6c72316c7080fa8	d__Bacteria;p__Firmicutes;c__Clostridia;o__Lachnospirales;f__Lachnospiraceae;g__Coprococcus;s__	0.7383068647063044
30be704415412c66fc9449766dbb7c2a	d__Bacteria;p__Bacteroidota;c__Bacteroidia;o__Bacteroidales;f__Prevotellaceae;g__Prevotella_9;s__	0.9999289185650319
7d04090ebf6a46f08042138b3c9c814d	d__Bacteria;p__Bacteroidota;c__Bacteroidia;o__Bacteroidales;f__Bacteroidaceae;g__Bacteroides;s__	0.8744849868289699
4eeacecaf26dc4f6314218f5a436cc0a	d__Bacteria;p__Bacteroidota;c__Bacteroidia;o__Bacteroidales;f__Prevotellaceae;g__Prevotella_9;s__	0.9999824344334518
2538fd7026e11917415f1ede82624d51	d__Bacteria;p__Bacteroidota;c__Bacteroidia;o__Bacteroidales;f__Prevotellaceae;g__Prevotella_9;s__	0.9999921422666551
d046fa41f80f27ee5fa0811fa99165af	d__Bacteria;p__Bacteroidota;c__Bacteroidia;o__Bacteroidales;f__Prevotellaceae;g__Prevotella_9;s__	0.9999931764667908
b93d65b7065539239d2902adfe1fcc5f	d__Bacteria;p__Firmicutes;c__Clostridia;o__Oscillospirales;f__Ruminococcaceae;g__Ruminococcus;s__	0.973033975014736
35e0dbf15fc2e0c0a281861e82f70414	d__Bacteria;p__Bacteroidota;c__Bacteroidia;o__Bacteroidales;f__Prevotellaceae;g__Prevotellaceae_UCG-001;s__	0.9190718087370889
a93052ed38d9958103ccaf3f285e5ebd	d__Bacteria;p__Firmicutes;c__Negativicutes;o__Acidaminococcales;f__Acidaminococcaceae;g__Phascolarctobacterium;s__	0.9988287182881308
f707e4de018d05206fce7093f7183d41	d__Bacteria;p__Firmicutes;c__Clostridia;o__Oscillospirales;f__Ruminococcaceae;g__Faecalibacterium;s__	0.9995734887437745
aa51afc65673938d36bb8b7a1f40f8d7	d__Bacteria;p__Firmicutes;c__Clostridia;o__Oscillospirales;f__[Eubacterium]_coprostanoligenes_group;g__[Eubacterium]_coprostanoligenes_group;s__	0.7002835139163978
c5ef80232bb9a42c8b3281f6f3d99771	d__Bacteria;p__Bacteroidota;c__Bacteroidia;o__Bacteroidales;f__Bacteroidaceae;g__Bacteroides;s__	0.8821421467201739
ab187def73ba4cfa630432fd73f61cd6	d__Bacteria;p__Firmicutes;c__Clostridia;o__Oscillospirales;f__Ruminococcaceae;g__Faecalibacterium;s__	0.9995610923480424
93148494c32cb50bfc84113196b15b68	d__Bacteria;p__Firmicutes;c__Clostridia;o__Oscillospirales;f__Ruminococcaceae;g__Faecalibacterium;s__	0.9982837495440251
08fc73c0513e7c35b859d5670a5529ff	d__Bacteria;p__Firmicutes;c__Clostridia;o__Lachnospirales;f__Lachnospiraceae	0.9970770780917146
c3957afd1daeb4f89c9f24e93c06f90d	d__Bacteria;p__Bacteroidota;c__Bacteroidia;o__Bacteroidales;f__Prevotellaceae;g__Prevotellaceae_UCG-001;s__	0.939721784351658
cd66948fe606426546a1467d519f81df	d__Bacteria;p__Firmicutes;c__Negativicutes;o__Acidaminococcales;f__Acidaminococcaceae;g__Phascolarctobacterium;s__	0.9979207445083341
ba46893a50346c7ec5b966780322e5c1	d__Bacteria;p__Firmicutes;c__Bacilli;o__Erysipelotrichales;f__Erysipelotrichaceae;g__Faecalitalea;s__	0.9869122658714105
ea3dab3ab93ecc4d9536c05172e44a8f	d__Bacteria;p__Bacteroidota;c__Bacteroidia;o__Bacteroidales;f__Barnesiellaceae;g__Barnesiella;s__	0.9999561997251039
e0752ddcd1c4aa4e262e5fe3cbc7431d	d__Bacteria;p__Bacteroidota;c__Bacteroidia;o__Bacteroidales	0.991210219495317
3267fef56c77cd1cde7c9db8695a5a05	d__Bacteria;p__Firmicutes;c__Clostridia;o__Oscillospirales;f__Oscillospiraceae;g__UCG-002;s__	0.9824251326547032
810e222161879b7f5b2cdd876857c88f	d__Bacteria;p__Firmicutes;c__Clostridia;o__Oscillospirales;f__Ruminococcaceae;g__Ruminococcus;s__	0.7737851491536148
71abf09407b30ddb645463e6468b7537	d__Bacteria;p__Proteobacteria;c__Gammaproteobacteria;o__Burkholderiales;f__Sutterellaceae;g__Sutterella;s__	0.8963428600635549
9ee47d17132963b520f82b86f05d402b	d__Bacteria;p__Firmicutes;c__Clostridia;o__Lachnospirales;f__Lachnospiraceae	0.9959607771547925
a2232aa9b683e799b32f859ac2cdaeb8	d__Bacteria;p__Bacteroidota;c__Bacteroidia;o__Bacteroidales	0.9752319850722706
1df7f496dae2388896004ccc66637cda	d__Bacteria;p__Firmicutes;c__Clostridia;o__Oscillospirales;f__Oscillospiraceae;g__UCG-002;s__	0.9818085083782715
e67617a4dd646384a335b931d5933e3a	d__Bacteria;p__Bacteroidota;c__Bacteroidia;o__Bacteroidales	0.9767360546224031
2c58b72c713000777036996516223262	d__Bacteria;p__Bacteroidota;c__Bacteroidia;o__Bacteroidales	0.9819622915407855
331890003f9043c015a90bf1fb8e10ec	d__Bacteria;p__Bacteroidota;c__Bacteroidia;o__Bacteroidales;f__Bacteroidaceae;g__Bacteroides;s__	0.7070094299539543
71c02ca21a663aa37ab7018432a57367	d__Bacteria;p__Bacteroidota;c__Bacteroidia;o__Bacteroidales;f__Prevotellaceae	0.9940895684435658
5d940ff845814bbb4d7f9beb16e404c0	d__Bacteria;p__Firmicutes;c__Clostridia;o__Oscillospirales;f__Ruminococcaceae;g__Faecalibacterium;s__	0.9990941998967686
604ca703736c4fc293baab3fe2445da5	d__Bacteria;p__Firmicutes;c__Bacilli;o__Erysipelotrichales;f__Erysipelotrichaceae;g__Faecalicoccus;s__	0.9999655636543816
b84619974feb14525affc61a99dab71b	d__Bacteria;p__Bacteroidota;c__Bacteroidia;o__Bacteroidales	0.977649106782714
5ab0a61a85799cbb7264c2209f3dab80	d__Bacteria;p__Firmicutes;c__Negativicutes;o__Acidaminococcales;f__Acidaminococcaceae;g__Phascolarctobacterium;s__	0.9987618517303625
d073790428b461bc0b0a7eabdaa3aa40	d__Bacteria;p__Firmicutes;c__Negativicutes;o__Acidaminococcales;f__Acidaminococcaceae;g__Acidaminococcus;s__	0.9982363577043658
fb0ef66fc83ae4a0d2cb4db1e8bf3656	d__Bacteria;p__Bacteroidota;c__Bacteroidia;o__Bacteroidales;f__Prevotellaceae	0.9921675174630733
31ed2a00de02f38a71803fa275691512	d__Bacteria;p__Bacteroidota;c__Bacteroidia;o__Bacteroidales;f__Bacteroidaceae;g__Bacteroides;s__	0.7503895240608098
a256ad44a34bc8496dfbdb535cb5c82a	d__Bacteria;p__Firmicutes;c__Clostridia;o__Oscillospirales;f__Ruminococcaceae;g__Faecalibacterium;s__	0.9994218305720367
090d33d07c81d74f2d95f3e5fcbd2b45	d__Bacteria;p__Firmicutes;c__Clostridia;o__Lachnospirales;f__Lachnospiraceae;g__Lachnospira;s__	0.9570973388326213
ee9f4c80b742f3136b5393d501843fd9	d__Bacteria;p__Bacteroidota;c__Bacteroidia;o__Bacteroidales;f__Rikenellaceae;g__Alistipes;s__	0.9889825614530845
9a4be32930d77a5dc158c0a618f69ad3	d__Bacteria;p__Actinobacteriota;c__Coriobacteriia;o__Coriobacteriales;f__Coriobacteriales_Incertae_Sedis;g__uncultured;s__	0.9968274187946152
a1d1a3cfa5555ff2ee9f3216bc0a12d6	d__Bacteria;p__Bacteroidota;c__Bacteroidia;o__Bacteroidales;f__Rikenellaceae;g__Alistipes;s__	0.8761837819806028
ab18e082d0d25c340bc96ce2c93f3e08	d__Bacteria;p__Firmicutes;c__Clostridia;o__Oscillospirales;f__Ruminococcaceae;g__Faecalibacterium;s__	0.9995894585598107
492b721ecdae26452525744d4766b9e8	d__Bacteria;p__Bacteroidota;c__Bacteroidia;o__Bacteroidales;f__Prevotellaceae	0.9957203905813323
a0ee45ca94eea0a23bfd21da7b11f7dc	d__Bacteria;p__Firmicutes;c__Clostridia;o__Oscillospirales;f__Ruminococcaceae;g__Faecalibacterium;s__	0.9995718147370518
779169423262e0419c452cfc7052d7df	d__Bacteria;p__Firmicutes;c__Clostridia;o__Oscillospirales;f__Ruminococcaceae	0.8952131738631561
af4f35e58cc5ad595e922575dac5d07c	d__Bacteria;p__Bacteroidota;c__Bacteroidia;o__Bacteroidales;f__Prevotellaceae	0.9907971038481547
483f309998cb75b1c0532723da30a327	d__Bacteria;p__Bacteroidota;c__Bacteroidia;o__Bacteroidales;f__Rikenellaceae;g__Alistipes;s__	0.8312789927448763
b91fbec346b214316e3abc0d370bb04b	d__Bacteria;p__Actinobacteriota;c__Coriobacteriia;o__Coriobacteriales;f__Coriobacteriaceae;g__Collinsella;s__	0.9999346651140715
828d6d0f6f68246dcd26ac6275d2ba83	d__Bacteria;p__Firmicutes;c__Clostridia;o__Lachnospirales;f__Lachnospiraceae;g__Anaerostipes;s__	0.9857166905446139
553e3d7ecc5f972a03edd524347b1457	d__Bacteria;p__Firmicutes;c__Clostridia;o__Oscillospirales;f__Ruminococcaceae;g__Subdoligranulum;s__	0.9985696372422312
d32eddbe653b00a582be7adc549ff0ba	d__Bacteria;p__Firmicutes;c__Clostridia;o__Lachnospirales;f__Lachnospiraceae;g__[Eubacterium]_eligens_group;s__	0.9998662968804602
ff65915685c3b7ba35c7b5b0b26463b8	d__Bacteria;p__Firmicutes;c__Clostridia;o__Oscillospirales;f__Ruminococcaceae;g__Subdoligranulum;s__	0.9962230277804639
521921c027b5d9bcc2fa4d74526c6259	d__Bacteria;p__Actinobacteriota;c__Coriobacteriia;o__Coriobacteriales;f__Coriobacteriaceae;g__Collinsella;s__	0.9989135269864792
4c0046d3ab05e9cd997a70c528c27252	d__Bacteria;p__Bacteroidota;c__Bacteroidia;o__Bacteroidales;f__Rikenellaceae;g__Alistipes;s__	0.8444757734177681
5612de010a393f7ed8918aa7fb394c25	d__Bacteria;p__Firmicutes;c__Clostridia;o__Lachnospirales;f__Lachnospiraceae;g__Lachnospira;s__	0.9679520504351345
d92206c15ccce788433b2e2288fef662	d__Bacteria	0.9956031561420831
9f0c0778f1e62a7de80fd0c175a01724	d__Bacteria;p__Firmicutes;c__Clostridia;o__Lachnospirales;f__Lachnospiraceae	0.9951959544420645
aa98632ecc2b4da690cee4fffe3be3d8	d__Bacteria;p__Firmicutes;c__Clostridia;o__Christensenellales;f__Christensenellaceae;g__Christensenellaceae_R-7_group;s__	0.747461440377787
fea932dadc79351abf2c769a293aef92	d__Bacteria;p__Firmicutes;c__Clostridia;o__Lachnospirales;f__Lachnospiraceae;g__[Eubacterium]_hallii_group;s__	0.9934849641560642
a5b3376e8da042ebdcdc66f380f68e4d	d__Bacteria;p__Bacteroidota;c__Bacteroidia;o__Bacteroidales;f__Bacteroidaceae;g__Bacteroides;s__	0.9322903641361581
e6266de98f742c4e70b669f3f31117ec	d__Bacteria;p__Firmicutes;c__Negativicutes;o__Acidaminococcales;f__Acidaminococcaceae;g__Acidaminococcus;s__	0.9996174764809904
2b162b7955d7a2d656167ce0663e4049	d__Bacteria;p__Firmicutes;c__Clostridia;o__Oscillospirales;f__Ruminococcaceae;g__Faecalibacterium;s__	0.9993325333478124
487b847e7d3e79ce972ab52d351f8a0f	d__Bacteria;p__Firmicutes;c__Clostridia;o__Lachnospirales;f__Lachnospiraceae	0.9978721254094718
fa36e4d79058f09c3c012dd34e3e5b29	d__Bacteria;p__Firmicutes;c__Clostridia;o__Lachnospirales;f__Lachnospiraceae;g__Coprococcus;s__	0.9187071066805549
53b2adf6debc3ea38c16ae9b74f4d8fa	d__Bacteria;p__Firmicutes;c__Negativicutes;o__Veillonellales-Selenomonadales;f__Veillonellaceae;g__Dialister;s__	0.9914800230133567
1abd34bda43f6e94a038f6e82237cef6	d__Bacteria;p__Actinobacteriota;c__Coriobacteriia;o__Coriobacteriales;f__Eggerthellaceae;g__CHKCI002;s__	0.9999755569553582
16df7b18edad6e898ed83a8fe9691d94	d__Bacteria;p__Firmicutes;c__Clostridia;o__Clostridiales;f__Clostridiaceae;g__Clostridium_sensu_stricto_1;s__	0.9935112835754786
b398a1218f1403a22969d2931782f556	d__Bacteria;p__Firmicutes;c__Clostridia;o__Lachnospirales;f__Lachnospiraceae	0.9964526765139718
d5f98d191149427094166e1a48e2a816	d__Bacteria;p__Firmicutes;c__Clostridia;o__Lachnospirales;f__Lachnospiraceae;g__Dorea;s__	0.9755318681153241
81b62527a86c629f190a7695a6e3937d	d__Bacteria;p__Bacteroidota;c__Bacteroidia;o__Bacteroidales;f__Bacteroidaceae;g__Bacteroides;s__	0.9982001622549235
cd7829233d02d0bd770d4ce266905fd0	d__Bacteria;p__Firmicutes;c__Bacilli;o__Erysipelotrichales;f__Erysipelotrichaceae;g__Faecalicoccus;s__	0.999892403812532
cde42fc9e4a13c2b3a79d80f92805eb4	d__Bacteria;p__Firmicutes;c__Clostridia;o__Oscillospirales;f__Ruminococcaceae;g__Faecalibacterium;s__	0.9990736606649548
7ddc7fbf1d38b32b436ccb911c699ee7	d__Bacteria;p__Firmicutes;c__Clostridia;o__Lachnospirales;f__Lachnospiraceae	0.9977700339238749
cef0387ca23b1580841464b5af4323a3	d__Bacteria;p__Firmicutes;c__Clostridia;o__Lachnospirales;f__Lachnospiraceae;g__[Ruminococcus]_gauvreauii_group;s__	0.8530725940671057
ce87b3361a4af318bd27f82e224ae305	d__Bacteria;p__Firmicutes;c__Clostridia;o__Lachnospirales;f__Lachnospiraceae;g__Dorea;s__	0.9607857005145943
f1c273d0cddc532461a44076147df029	d__Bacteria;p__Firmicutes;c__Clostridia;o__Lachnospirales;f__Lachnospiraceae;g__Dorea;s__	0.9621066592989272
449b96844e38b920168a3664b97c0fdb	d__Bacteria;p__Firmicutes;c__Clostridia;o__Oscillospirales;f__Oscillospiraceae;g__UCG-005;s__	0.734789613663811
c199a7dd2c890e9d4fef3082f6741fe8	d__Bacteria;p__Firmicutes;c__Clostridia;o__Lachnospirales;f__Lachnospiraceae;g__[Eubacterium]_eligens_group;s__	0.9994170955409704
4f3f27f90904a1449b9d8dcbd4872c45	d__Bacteria;p__Firmicutes;c__Clostridia;o__Christensenellales;f__Christensenellaceae;g__Christensenellaceae_R-7_group;s__	0.7547959360407804
8e218a32f6c9e1784b1d3fd0d9b1492f	d__Bacteria;p__Bacteroidota;c__Bacteroidia;o__Bacteroidales;f__Tannerellaceae;g__Parabacteroides;s__	0.9996268183456327
60d622635cfbf65d83e0c0b76e33a8a6	d__Bacteria;p__Firmicutes;c__Clostridia;o__Lachnospirales;f__Lachnospiraceae;g__Dorea;s__	0.9642168509578805
592805165c3d19198343ec0f01350f3d	d__Bacteria;p__Firmicutes;c__Clostridia;o__Lachnospirales;f__Lachnospiraceae	0.9997264123919467
f865ad8b9f9c7039c9a6d6fe066f9ade	d__Bacteria;p__Firmicutes;c__Clostridia;o__Oscillospirales;f__Oscillospiraceae;g__UCG-003;s__	0.7560199725992559
7c1f47a45a4f81038b0f1a8e564c3bdd	d__Bacteria;p__Firmicutes;c__Clostridia;o__Lachnospirales;f__Lachnospiraceae	0.9993724705408717
6a91219803536e1ae5b0fbf91384d616	d__Bacteria;p__Firmicutes;c__Clostridia;o__Oscillospirales;f__Oscillospiraceae	0.7051218268033932
7a8e79c17c70273985c4cc2e06a3b520	d__Bacteria;p__Firmicutes;c__Clostridia;o__Oscillospirales;f__Oscillospiraceae;g__UCG-003;s__	0.9454123339333879
38f8ada86d04ef3683310c48d8695607	d__Bacteria	0.9959910673917647
641706201386cb1834c023860db80ca3	d__Bacteria;p__Firmicutes;c__Clostridia;o__Peptostreptococcales-Tissierellales;f__Anaerovoracaceae;g__Family_XIII_UCG-001;s__	0.9057040282592577
74b36ee390f65d98455055c4c4f68649	d__Bacteria;p__Verrucomicrobiota;c__Lentisphaeria;o__Victivallales;f__Victivallaceae;g__Victivallis;s__	0.9999412830621873
41ba840d2391193812249c181bf206b5	d__Bacteria;p__Firmicutes;c__Clostridia;o__Lachnospirales;f__Lachnospiraceae;g__Agathobacter;s__	0.9765558555926348
2b69ff563b9a7fc25e078c6462480b5d	d__Bacteria;p__Firmicutes;c__Clostridia;o__Christensenellales;f__Christensenellaceae;g__Christensenellaceae_R-7_group;s__	0.7905725450187974
6a1e3de908513584ed58bd9d313fa2f0	d__Bacteria;p__Firmicutes;c__Clostridia;o__Lachnospirales;f__Lachnospiraceae;g__Dorea;s__	0.9792947707090118
2a80564b4584a231fdfdcebc1d3ae1e8	d__Bacteria;p__Firmicutes;c__Clostridia;o__Lachnospirales;f__Lachnospiraceae	0.9998996676687795
5a4f4610751a839e0dca0fe8882b0cde	d__Bacteria;p__Firmicutes;c__Clostridia;o__Oscillospirales;f__Ruminococcaceae;g__Subdoligranulum;s__	0.9941203457207323
98f9897a1e87919a27924c60b73879ee	d__Bacteria;p__Firmicutes;c__Clostridia;o__Oscillospirales;f__Oscillospiraceae;g__UCG-003;s__	0.9361475225740106
b90047120e13b601ad53a4a529e53092	d__Bacteria;p__Firmicutes;c__Clostridia;o__Oscillospirales;f__Oscillospiraceae;g__UCG-003;s__	0.983993720296542
1392e84094f4dda83d95b14cad268c27	d__Bacteria;p__Firmicutes;c__Clostridia;o__Lachnospirales;f__Lachnospiraceae;g__Lachnospira;s__	0.9882914632311386
901cf26f462e6d8088b701ef50a01d84	d__Bacteria;p__Firmicutes;c__Clostridia;o__Lachnospirales;f__Lachnospiraceae	0.9912204100684112
cec95fd548af25732c711325422072f5	d__Bacteria;p__Firmicutes;c__Clostridia;o__Lachnospirales;f__Lachnospiraceae	0.9850107186794859
f746d470148a1abd93c2acc03e4b4651	d__Bacteria;p__Verrucomicrobiota;c__Verrucomicrobiae;o__Verrucomicrobiales;f__Akkermansiaceae;g__Akkermansia;s__	0.999999090636821
b6577a3abc022d24f876468db27bbe13	d__Bacteria;p__Desulfobacterota;c__Desulfovibrionia;o__Desulfovibrionales;f__Desulfovibrionaceae;g__Desulfovibrio;s__	0.9823221608820464
9a20d70d46991f2748e266cffc8e4b27	d__Bacteria;p__Firmicutes;c__Clostridia;o__Lachnospirales;f__Lachnospiraceae;g__Frisingicoccus;s__	0.9803349815358754
380edc06b0ceb43a16c310753ff3f116	d__Bacteria;p__Firmicutes;c__Clostridia;o__Clostridia_vadinBB60_group;f__Clostridia_vadinBB60_group;g__Clostridia_vadinBB60_group;s__	0.9422954426248682
82bae6ec2598bf5658647f55515773de	d__Bacteria;p__Firmicutes;c__Clostridia;o__Oscillospirales;f__Ruminococcaceae	0.9158984551751446
d4075e8bf27be2eac9cf7b0c74ccf42d	d__Bacteria;p__Firmicutes;c__Clostridia;o__Lachnospirales;f__Lachnospiraceae;g__[Eubacterium]_hallii_group;s__	0.9936979217967016
4f0c54d0f2260b9058f1cb2dec3f145b	d__Bacteria;p__Firmicutes;c__Clostridia;o__Lachnospirales;f__Lachnospiraceae;g__Frisingicoccus;s__	0.9389365931809631
b468a216457cc32575fc0c92ed89da69	d__Bacteria;p__Firmicutes;c__Clostridia	0.9497989736015761
cc51c718250269ee55e94ca099ebb6d4	d__Bacteria;p__Firmicutes;c__Clostridia;o__Oscillospirales;f__Oscillospiraceae	0.9910041254821589
bc5ed6babe5151e9688ed3b6b499f6ba	d__Bacteria;p__Firmicutes;c__Clostridia;o__Christensenellales;f__Christensenellaceae;g__Christensenellaceae_R-7_group;s__	0.8185838857313035
3b0f2d5bcabb1a2cfc728370f331b23a	d__Bacteria;p__Firmicutes;c__Bacilli;o__Erysipelotrichales;f__Erysipelatoclostridiaceae;g__Erysipelotrichaceae_UCG-003;s__	0.9992803257716032
99931aa27df590d3502d51982bcb6db6	d__Bacteria;p__Firmicutes;c__Clostridia;o__Lachnospirales;f__Lachnospiraceae;g__Dorea;s__	0.8344606825712749
c5725e99f6ca902c13d2a1cf22d81554	d__Bacteria;p__Firmicutes;c__Clostridia;o__Lachnospirales;f__Lachnospiraceae	0.9995952949271035
63e836e39b4bf987f1e2f8f6b33748e9	d__Bacteria;p__Proteobacteria;c__Gammaproteobacteria;o__Enterobacterales;f__Enterobacteriaceae	0.8827698997827338
a07051d0fc9822d725ff3bb7cba59f44	d__Bacteria;p__Firmicutes;c__Clostridia;o__Lachnospirales;f__Lachnospiraceae	0.9942048421549516
c0f4d0e6de37157c116ffa775224433a	d__Bacteria;p__Firmicutes;c__Clostridia;o__Christensenellales;f__Christensenellaceae;g__Christensenellaceae_R-7_group;s__	0.7416333992905008
84a52e6aab1d278cff6be76abe19db6f	d__Bacteria;p__Firmicutes;c__Clostridia;o__Lachnospirales;f__Lachnospiraceae;g__Frisingicoccus;s__	0.9755964574899413
5a898b4527e105e7581913d71a5f79c0	d__Bacteria;p__Actinobacteriota;c__Actinobacteria;o__Micrococcales;f__Micrococcaceae;g__Rothia;s__	0.9999857132925251
dc9a2e207848d960cb5d82d640aa6afa	d__Bacteria;p__Firmicutes;c__Bacilli;o__Lactobacillales;f__Streptococcaceae;g__Streptococcus;s__	0.9993555020556862
5a7cf1b580070ede0b3f3cb3a32f7b80	d__Bacteria;p__Firmicutes;c__Clostridia;o__Oscillospirales	0.7530833980949796
5aec654201fa295a4853713097386821	d__Bacteria	0.9958107558346803
b3627d5dc229a1529f69f92a35777ead	d__Bacteria;p__Firmicutes;c__Clostridia	0.8051639883901184
c4bf396df1757bd0f67618d0c383ed8c	d__Bacteria;p__Firmicutes;c__Clostridia;o__Clostridiales;f__Clostridiaceae;g__Clostridium_sensu_stricto_1;s__	0.9952596703282236
043d17faf44e8650df018c077c1168bf	d__Bacteria;p__Firmicutes;c__Clostridia;o__Lachnospirales;f__Lachnospiraceae	0.994390784718234
a55274c3120333a4cf92751fcfbc4f09	d__Bacteria;p__Firmicutes;c__Clostridia;o__Oscillospirales;f__Ruminococcaceae;g__Negativibacillus;s__	0.9995311494478409
b439dd7af83a6ff87879a2e6e7c7d907	d__Bacteria;p__Firmicutes;c__Clostridia;o__Lachnospirales;f__Lachnospiraceae	0.9989006166493832
2e83fda5bd49d3b9de3356b85ec38bb4	d__Bacteria;p__Firmicutes;c__Clostridia;o__Lachnospirales;f__Lachnospiraceae;g__Lachnoclostridium;s__	0.8060794101802149
0cc779e1026ebc95aa39e81c72c905b6	d__Bacteria;p__Firmicutes;c__Clostridia;o__Peptostreptococcales-Tissierellales;f__Peptostreptococcaceae;g__Romboutsia;s__	0.7327594360405439
4177fe007d737c7037ff80dbed96bd5e	d__Bacteria;p__Firmicutes;c__Clostridia;o__Lachnospirales;f__Lachnospiraceae;g__Blautia;s__	0.919039435114604
0c82ab63225e859975053b88fdc6d8f7	d__Bacteria;p__Firmicutes;c__Clostridia;o__Lachnospirales;f__Lachnospiraceae;g__[Ruminococcus]_torques_group;s__	0.7115882969383626
816b652682d232092377b30edac8c2f0	d__Bacteria;p__Firmicutes;c__Clostridia;o__Lachnospirales;f__Lachnospiraceae;g__Lachnospira;s__	0.9728819672150922
16414dba2513edccaab064ffee7c5beb	d__Bacteria;p__Bacteroidota;c__Bacteroidia;o__Bacteroidales;f__Prevotellaceae	0.7920490291952622
14802992d31889783c4e062811eeeaba	d__Bacteria;p__Firmicutes;c__Clostridia;o__Oscillospirales;f__Ruminococcaceae	0.7604948838901036
e4cf80598472c5d88b0d4b4270a87cb7	d__Bacteria;p__Bacteroidota;c__Bacteroidia;o__Bacteroidales;f__Bacteroidaceae;g__Bacteroides;s__	0.998599135026335
67f915a68233572bff4c0f0c9013374e	d__Bacteria;p__Firmicutes;c__Clostridia;o__Oscillospirales;f__Ruminococcaceae;g__Ruminococcus;s__	0.9506107143222065
5ac4786cd4ad24b8cef6101eed236b9d	d__Bacteria;p__Actinobacteriota;c__Actinobacteria;o__Bifidobacteriales;f__Bifidobacteriaceae;g__Bifidobacterium;s__	0.9994028875483908
d3a4188b07602b4ed10fd6972c919461	d__Bacteria;p__Firmicutes;c__Negativicutes;o__Acidaminococcales;f__Acidaminococcaceae;g__Phascolarctobacterium;s__	0.9997733417564757
67d5f6e1a0aad1ded872191ac5aa79c9	d__Bacteria;p__Bacteroidota;c__Bacteroidia;o__Bacteroidales;f__Bacteroidaceae;g__Bacteroides;s__	0.9996500275028091
d797fc750f5b7d8938348a92e984ee7a	d__Bacteria;p__Firmicutes;c__Clostridia;o__Oscillospirales;f__Ruminococcaceae;g__Ruminococcus;s__	0.8122565979778339
ea20c39e10983932669ae2e2805da2c2	d__Bacteria;p__Firmicutes;c__Clostridia;o__Oscillospirales;f__Ruminococcaceae;g__Subdoligranulum;s__	0.9915194539564445
f12e83bdb29cdb3c2a23cdf0220215e4	d__Bacteria;p__Firmicutes;c__Clostridia;o__Lachnospirales;f__Lachnospiraceae	0.9999844367321611
d95e37688f4fdc8cb0d36f6582060481	d__Bacteria;p__Firmicutes;c__Clostridia;o__Oscillospirales;f__Ruminococcaceae;g__Faecalibacterium;s__	0.9986840858606034
23cc336fef282db9699c91df5678519f	d__Bacteria;p__Bacteroidota;c__Bacteroidia;o__Bacteroidales;f__Bacteroidaceae;g__Bacteroides;s__	0.9963761334921029
7b25f61abf6a325da0646ad637406384	d__Bacteria;p__Firmicutes;c__Clostridia;o__Lachnospirales;f__Lachnospiraceae;g__[Ruminococcus]_torques_group;s__	0.720464355732219
4cc72b11b1a63cdf300d5dcaa1660815	d__Bacteria;p__Firmicutes;c__Clostridia;o__Lachnospirales;f__Lachnospiraceae;g__Blautia;s__	0.9414337215660772
2b536178ef61fe146738e1edb85a619a	d__Bacteria;p__Firmicutes;c__Clostridia;o__Lachnospirales;f__Lachnospiraceae;g__Fusicatenibacter;s__	0.9989032554217735
fde17b2d5a5e1cd4fde12444cf289aba	d__Bacteria;p__Firmicutes;c__Clostridia;o__Lachnospirales;f__Lachnospiraceae;g__Lachnospira;s__	0.9591938877781763
f7a74336c9c989e3c94a264743e5874a	d__Bacteria;p__Firmicutes;c__Clostridia;o__Oscillospirales;f__Ruminococcaceae;g__Faecalibacterium;s__	0.9995605514859867
3e646e9c0652faa5c38faa674f8e55a3	d__Bacteria;p__Bacteroidota;c__Bacteroidia;o__Bacteroidales;f__Bacteroidaceae;g__Bacteroides;s__	0.9921314082788111
661e2db81be20f5692def838227d7722	d__Bacteria;p__Firmicutes;c__Clostridia;o__Lachnospirales;f__Lachnospiraceae	0.9993623300809331
1bf17adaa1df807864d97bc00ee203f1	d__Bacteria;p__Firmicutes;c__Clostridia;o__Lachnospirales;f__Lachnospiraceae	0.9846299467477361
a736e33da84219901efc8e9efe62254a	d__Bacteria;p__Bacteroidota;c__Bacteroidia;o__Bacteroidales;f__Bacteroidaceae;g__Bacteroides;s__	0.9962748659482575
337d34f192958d94a66503f06491bd87	d__Bacteria;p__Firmicutes;c__Clostridia;o__Lachnospirales;f__Lachnospiraceae;g__Blautia;s__	0.9183087713813357
f6207286297b03ad2c9fbb9d1dde0843	d__Bacteria;p__Firmicutes;c__Clostridia;o__Oscillospirales;f__Ruminococcaceae;g__Incertae_Sedis;s__	0.9488179328753904
f9a2f208b6aaafd1d7cd7c9383f0062d	d__Bacteria;p__Firmicutes;c__Clostridia;o__Lachnospirales;f__Lachnospiraceae;g__[Eubacterium]_ventriosum_group;s__	0.8448535484812866
7613e28e8a857a8cf0396e6ee7177560	d__Bacteria;p__Firmicutes;c__Clostridia;o__Lachnospirales;f__Lachnospiraceae	0.9996292942652792
082618783e94d758f64e9f85f5722975	d__Bacteria;p__Bacteroidota;c__Bacteroidia;o__Bacteroidales;f__Bacteroidaceae;g__Bacteroides;s__	0.9994494096936544
6e850b0049226a955e2f6977ba936ecd	d__Bacteria;p__Desulfobacterota;c__Desulfovibrionia;o__Desulfovibrionales;f__Desulfovibrionaceae;g__Bilophila;s__	0.999994124772492
ab66c1da7e4fe0109aeefc0e085974cd	d__Bacteria;p__Firmicutes;c__Clostridia;o__Oscillospirales;f__Ruminococcaceae;g__Incertae_Sedis;s__	0.9678052450633465
88fc46e191857e14d45aeb0aebc83b27	d__Bacteria;p__Firmicutes;c__Clostridia;o__Lachnospirales;f__Lachnospiraceae;g__Lachnospira;s__	0.8457028918856164
ec347e8c302f9372ff4e54e22d62637c	d__Bacteria;p__Firmicutes;c__Clostridia;o__Peptostreptococcales-Tissierellales;f__Anaerovoracaceae;g__Family_XIII_UCG-001;s__	0.9003322574089941
de429c53692aaa9ea8b2bd1deea606e7	d__Bacteria;p__Firmicutes;c__Clostridia;o__Lachnospirales;f__Lachnospiraceae;g__[Eubacterium]_ventriosum_group;s__	0.7003627217475046
29060dcd6d5363d98e546715a3742844	d__Bacteria;p__Firmicutes;c__Clostridia;o__Lachnospirales;f__Lachnospiraceae;g__Blautia;s__	0.9278370940610424
919648f0bd52271b37fbc3e305fdf6d4	d__Bacteria;p__Firmicutes;c__Negativicutes;o__Acidaminococcales;f__Acidaminococcaceae;g__Phascolarctobacterium;s__	0.9992616197185961
cab5f17789035b9b92de104015f47f3f	d__Bacteria;p__Firmicutes;c__Clostridia;o__Lachnospirales;f__Lachnospiraceae	0.9994220877833379
a3d3ee09504fe59094340a3f3bd8e296	d__Bacteria;p__Firmicutes;c__Clostridia;o__Lachnospirales;f__Lachnospiraceae	0.985883534004711
c90041fdcbb209ef088dc10a70aeef63	d__Bacteria;p__Firmicutes;c__Clostridia;o__Lachnospirales;f__Lachnospiraceae;g__Blautia;s__	0.9321664858923276
c3a56cc81d8319c6e50721b12ff46d44	d__Bacteria;p__Firmicutes;c__Clostridia;o__Lachnospirales;f__Lachnospiraceae;g__Blautia;s__	0.9064107387981385
857008e73b097c3d3ab4712decd6850e	d__Bacteria;p__Firmicutes;c__Clostridia;o__Lachnospirales;f__Lachnospiraceae;g__Blautia;s__	0.9194955943282577
5384e1489ac51f31f0cc7feb9cdc5326	d__Bacteria;p__Firmicutes;c__Clostridia;o__Lachnospirales;f__Lachnospiraceae	0.9930058338477271
fea970605d5998c366532579df2218ad	d__Bacteria;p__Firmicutes;c__Clostridia;o__Oscillospirales;f__Butyricicoccaceae;g__Butyricicoccus;s__	0.9816323991853465
73e56db356e0815c7a37f6097c706c2b	d__Bacteria;p__Firmicutes;c__Bacilli;o__Erysipelotrichales;f__Erysipelatoclostridiaceae;g__Erysipelatoclostridium;s__	0.9232441739060999
b634b9df55d66eb8797ad1a5575bb4b3	d__Bacteria;p__Firmicutes;c__Clostridia;o__Lachnospirales;f__Lachnospiraceae;g__Lachnoclostridium;s__	0.7473089271938747
862e793b5789678416838f96c17b5ac3	d__Bacteria;p__Firmicutes;c__Clostridia;o__Lachnospirales;f__Lachnospiraceae	0.9998317602762693
535b8ea190b55cdafc3f6d8e168b5596	d__Bacteria;p__Firmicutes;c__Clostridia;o__Lachnospirales;f__Lachnospiraceae;g__[Ruminococcus]_gnavus_group;s__	0.9760418839044376
676fd3ddf25732bef7f13c239043fe45	d__Bacteria;p__Firmicutes;c__Clostridia;o__Oscillospirales;f__Ruminococcaceae;g__DTU089;s__	0.9897170997015814
a98e1e2cf051e3e4b928d9cf7ac16042	d__Bacteria;p__Firmicutes;c__Clostridia;o__Lachnospirales;f__Lachnospiraceae	0.9955373167627694
d81f8870655c704b65902c15f114f21d	d__Bacteria;p__Firmicutes;c__Clostridia;o__Oscillospirales;f__Oscillospiraceae;g__Oscillibacter;s__	0.8573990130687966
5f6ee32b556e81665716d0630de6e360	d__Bacteria;p__Firmicutes;c__Clostridia;o__Lachnospirales;f__Lachnospiraceae;g__Lachnoclostridium;s__	0.7610791176733895
8a39c235279e817dcd89bf8229802a4f	d__Bacteria;p__Firmicutes;c__Clostridia;o__Lachnospirales;f__Lachnospiraceae	0.9989940015316651
d552bb099795da7ada69e2c82c1952fa	d__Bacteria;p__Firmicutes;c__Clostridia;o__Lachnospirales;f__Lachnospiraceae	0.998818172060877
a5874e97ea4913075910e0ba3cda2c6c	d__Bacteria;p__Firmicutes;c__Clostridia;o__Lachnospirales;f__Lachnospiraceae;g__Frisingicoccus;s__	0.9288696298042272
00befc2e000535899031f849f64f723b	d__Bacteria;p__Firmicutes;c__Clostridia;o__Lachnospirales;f__Lachnospiraceae	0.9981200573258142
3f49e21e98c38303ace0bccec0160f66	d__Bacteria;p__Firmicutes;c__Clostridia;o__Lachnospirales;f__Lachnospiraceae	0.9977602582968226
f5df282220ecbe1ec07905a4769ee7a2	d__Bacteria;p__Firmicutes;c__Clostridia;o__Lachnospirales;f__Lachnospiraceae	0.9993193154028613
a1861cafefb170a92eac20ca5a71431a	d__Bacteria;p__Firmicutes;c__Clostridia;o__Oscillospirales;f__Ruminococcaceae	0.9418386569360674
b0aa54f569db8130d606065c78238ae6	d__Bacteria;p__Firmicutes;c__Clostridia;o__Lachnospirales;f__Lachnospiraceae	0.9781275804250944
eb33913888608cc9d7d58c84d8fb3490	d__Bacteria;p__Firmicutes;c__Clostridia;o__Oscillospirales;f__Butyricicoccaceae;g__Butyricicoccus;s__	0.9773260482252245
6ce0502a9c42c5d4f514644902e79180	d__Bacteria;p__Firmicutes;c__Clostridia;o__Lachnospirales;f__Lachnospiraceae	0.9989121662590328
2f0b387fa0f8db9c4e75c74b91e37c10	d__Bacteria;p__Firmicutes;c__Clostridia;o__Monoglobales;f__Monoglobaceae;g__Monoglobus;s__	0.9448009278324843
6e9e711aca0d6617387200d8938873a3	d__Bacteria;p__Firmicutes;c__Clostridia;o__Lachnospirales;f__Lachnospiraceae;g__[Ruminococcus]_gnavus_group;s__	0.9509218768683985
32194a2908a6756ff5a07fef0a0553c8	d__Bacteria;p__Firmicutes;c__Clostridia;o__Lachnospirales;f__Lachnospiraceae;g__Eisenbergiella;s__	0.9973235148300593
648ea60e2621a75825a6a4a6fc94c583	d__Bacteria;p__Firmicutes;c__Clostridia	0.992102144180524
2d7732587ebb759bfc1c2212aad2dd0c	d__Bacteria	0.9863787987292068
9e9938011f3f80b8fd7ee3376db1a15b	d__Bacteria;p__Firmicutes;c__Clostridia;o__Lachnospirales;f__Lachnospiraceae	0.9992333104207602
2828d48037abe436a873afe347c89635	d__Bacteria;p__Firmicutes;c__Clostridia;o__Lachnospirales;f__Lachnospiraceae	0.9988876702010647
f2cc6df3b5b54735b59f7f04c3a0a7be	d__Bacteria;p__Firmicutes;c__Clostridia;o__Lachnospirales;f__Lachnospiraceae	0.99997344593926
169f205d3532b36128976b218403ae13	d__Bacteria;p__Bacteroidota;c__Bacteroidia;o__Bacteroidales;f__Bacteroidaceae;g__Bacteroides;s__	0.9997768814667547
ece4440f1da388bc138226e4419f2abc	d__Bacteria;p__Bacteroidota;c__Bacteroidia;o__Bacteroidales;f__Bacteroidaceae;g__Bacteroides;s__	0.9993615846739355
ef9143cc453705d4b9f1bb14e923a305	d__Bacteria;p__Firmicutes;c__Clostridia;o__Oscillospirales;f__Ruminococcaceae;g__Subdoligranulum;s__	0.9905179599145703
754af2d13fce3a9d61999efcc3ae78ae	d__Bacteria;p__Firmicutes;c__Clostridia;o__Oscillospirales;f__Oscillospiraceae;g__UCG-002;s__	0.9322101129603031
973e2c856d2b72ae067aa414caa0a8b1	d__Bacteria;p__Firmicutes;c__Clostridia;o__Lachnospirales;f__Lachnospiraceae;g__[Ruminococcus]_torques_group;s__	0.8234593176170133
21b9bdc778885169a18423944ca5ad24	d__Bacteria;p__Firmicutes;c__Clostridia;o__Oscillospirales;f__Ruminococcaceae;g__Faecalibacterium;s__	0.9995671520319014
3a0e683bffccc36f733afe9171f1ae54	d__Bacteria;p__Firmicutes;c__Clostridia;o__Lachnospirales;f__Lachnospiraceae;g__Coprococcus;s__	0.8321525029251432
683de81fdcd974e1256d27f6422f29ef	d__Bacteria;p__Bacteroidota;c__Bacteroidia;o__Bacteroidales;f__Bacteroidaceae;g__Bacteroides;s__	0.9934503561547715
5aaa72fd91afb264dda6765c67c44c90	d__Bacteria;p__Firmicutes;c__Clostridia;o__Oscillospirales;f__Ruminococcaceae;g__Subdoligranulum;s__	0.9862148884636891
6e7fdf9bb0622e12b2a25c657024fd79	d__Bacteria;p__Firmicutes;c__Clostridia;o__Lachnospirales;f__Lachnospiraceae	0.997000523915107
5e3a2b5db9f58f76fce5b200093892d4	d__Bacteria;p__Bacteroidota;c__Bacteroidia;o__Bacteroidales;f__Tannerellaceae;g__Tannerellaceae;s__	0.9227891415694142
d21aed673fa75e674f7d00366a7b758f	d__Bacteria;p__Firmicutes;c__Clostridia;o__Oscillospirales;f__Ruminococcaceae;g__Ruminococcus;s__	0.7039227134580345
df1fe93bac0108c0547dc0f99fe60842	d__Bacteria;p__Firmicutes;c__Clostridia;o__Oscillospirales;f__Ruminococcaceae;g__Ruminococcus;s__	0.7888326771916768
2890960091971bdaa5cf66c039afd4eb	d__Bacteria;p__Firmicutes;c__Clostridia;o__Oscillospirales;f__Ruminococcaceae;g__Faecalibacterium;s__	0.9991146507667134
a3770533414e6b87973e78ccb31780e9	d__Bacteria;p__Bacteroidota;c__Bacteroidia;o__Bacteroidales;f__Bacteroidaceae;g__Bacteroides;s__	0.9982828374998627
a66777f671dc541ec742255d5cb8b905	d__Bacteria;p__Cyanobacteria;c__Vampirivibrionia;o__Gastranaerophilales;f__Gastranaerophilales;g__Gastranaerophilales;s__	0.9963489251553083
cf5f1e33187ccbf5ff8ee474ab790ec7	d__Bacteria;p__Firmicutes;c__Clostridia;o__Oscillospirales;f__Ruminococcaceae	0.8551263686043363
031aff26acfdd714f8e9cd59708d82e3	d__Bacteria;p__Firmicutes;c__Clostridia;o__Oscillospirales;f__Oscillospiraceae;g__UCG-002;s__	0.9322865214260345
0c9ae869df72afa2e2e72b504383fa2d	d__Bacteria;p__Firmicutes;c__Clostridia;o__Clostridia_UCG-014;f__Clostridia_UCG-014;g__Clostridia_UCG-014;s__	0.9999878686359711
9025d23ab6c99da203973563576717fb	d__Bacteria;p__Firmicutes;c__Clostridia;o__Lachnospirales;f__Lachnospiraceae;g__[Ruminococcus]_gauvreauii_group;s__	0.7714366656602868
7412d3c5c01ab94314ae80cc060c61c6	d__Bacteria;p__Firmicutes;c__Clostridia;o__Oscillospirales;f__Ruminococcaceae;g__Ruminococcus;s__	0.9547109067839147
8bb23b5057792cc6f7ef2d9ae4645adc	d__Bacteria;p__Firmicutes;c__Clostridia;o__Monoglobales;f__Monoglobaceae;g__Monoglobus;s__	0.9941406264191823
455537e86b380548ba70b97a75242e97	d__Bacteria;p__Firmicutes;c__Clostridia;o__Oscillospirales;f__Ruminococcaceae;g__Ruminococcus;s__	0.8233358178705268
7a11dbc699f228dfcfc852536041147d	d__Bacteria;p__Firmicutes;c__Clostridia;o__Oscillospirales;f__Oscillospiraceae;g__UCG-002;s__	0.9755807133125757
f6baba2d478beb21b327b1716ad4e04d	d__Bacteria;p__Firmicutes;c__Clostridia;o__Lachnospirales;f__Lachnospiraceae	0.9998280013514611
f8e6333f629865ee30454e45d83a7757	d__Bacteria;p__Bacteroidota;c__Bacteroidia;o__Bacteroidales;f__Barnesiellaceae;g__Coprobacter;s__	0.9614288407527781
bd3a054eac537f0fee703bbcb3210802	d__Bacteria;p__Firmicutes;c__Clostridia;o__Lachnospirales;f__Lachnospiraceae	0.9973117812165614
186719adb9c708b6e0e4dce5d7570753	d__Bacteria;p__Firmicutes;c__Clostridia;o__Oscillospirales;f__[Eubacterium]_coprostanoligenes_group;g__[Eubacterium]_coprostanoligenes_group;s__	0.7984678090957867
2ccd238b512c8ab7702085c62a331fe9	d__Bacteria;p__Firmicutes;c__Clostridia;o__Lachnospirales;f__Lachnospiraceae;g__Blautia;s__	0.9354720159107668
ccad032e19c0e6d9ba2513645b7c278b	d__Bacteria;p__Firmicutes;c__Clostridia;o__Oscillospirales;f__Oscillospiraceae;g__UCG-002;s__	0.9836720040762335
b3de90b1116150feacc13b0f3c1f463f	d__Bacteria;p__Firmicutes;c__Clostridia;o__Lachnospirales;f__Lachnospiraceae;g__Coprococcus;s__	0.7178197261112471
00a31135f22e724e1ce5ef30c9a5de2f	d__Bacteria;p__Firmicutes;c__Clostridia;o__Lachnospirales;f__Lachnospiraceae;g__[Ruminococcus]_torques_group;s__	0.8424981244125562
c585db6e722b966c9ff6ba3b7ade3d80	d__Bacteria;p__Firmicutes;c__Clostridia;o__Oscillospirales;f__Ruminococcaceae;g__Negativibacillus;s__	0.999814569155036
ca2af0cb9485ed3489054d46c2785ed7	d__Bacteria;p__Firmicutes;c__Clostridia;o__Oscillospirales;f__Oscillospiraceae	0.995990949404683
443c992b91b563b9ab7c311f0a31b775	d__Bacteria;p__Firmicutes;c__Clostridia;o__Lachnospirales;f__Lachnospiraceae;g__[Eubacterium]_hallii_group;s__	0.9966919065710914
a546d20b55af09056cba4519a4bbbc64	d__Bacteria;p__Firmicutes;c__Clostridia;o__Oscillospirales;f__Ruminococcaceae;g__Ruminococcus;s__	0.9495275957367479
f8923959d00406118a6ad51f9115cc4b	d__Bacteria;p__Bacteroidota;c__Bacteroidia;o__Bacteroidales;f__Bacteroidaceae;g__Bacteroides;s__	0.9991826270675342
136dff5195e66b797b56e255267cce63	d__Bacteria;p__Firmicutes;c__Clostridia;o__Lachnospirales;f__Lachnospiraceae;g__[Ruminococcus]_gauvreauii_group;s__	0.8207325913554816
dc546404386c480df84efd5c4f647289	d__Bacteria;p__Firmicutes;c__Clostridia;o__Lachnospirales;f__Lachnospiraceae;g__[Ruminococcus]_gauvreauii_group;s__	0.7995364819538615
ffa2848dcad64232123ebb7307dbbb54	d__Bacteria;p__Firmicutes;c__Clostridia;o__Oscillospirales;f__[Eubacterium]_coprostanoligenes_group;g__[Eubacterium]_coprostanoligenes_group;s__	0.7752218079524678
904b6dbd87ede7476a37c917a744fb37	d__Bacteria;p__Firmicutes;c__Clostridia;o__Lachnospirales;f__Lachnospiraceae;g__[Ruminococcus]_gauvreauii_group;s__	0.7743987481809985
ff6d9113a7c8b1d0ddd48915e839e68a	d__Bacteria;p__Firmicutes;c__Clostridia;o__Lachnospirales;f__Lachnospiraceae;g__Dorea;s__	0.9224813601574376
bff4efdf4bf25406d7faa33a31c38d06	d__Bacteria;p__Firmicutes;c__Clostridia;o__Lachnospirales;f__Lachnospiraceae;g__[Eubacterium]_hallii_group;s__	0.9884960805666734
0d3b0619833c6ccfd2a23c94070ebc78	d__Bacteria;p__Firmicutes;c__Clostridia;o__Lachnospirales;f__Lachnospiraceae;g__Lachnospira;s__	0.9458563134418888
9fa324e31584dfcf7331e7bddbf62248	d__Bacteria;p__Bacteroidota;c__Bacteroidia;o__Bacteroidales;f__Bacteroidaceae;g__Bacteroides;s__	0.9966743334111374
6787f47716a277275b905516accd403c	d__Bacteria;p__Firmicutes;c__Clostridia;o__Oscillospirales	0.7155022578725114
e417927931959d551ff4438fbee6e6d1	d__Bacteria;p__Firmicutes;c__Clostridia;o__Lachnospirales;f__Lachnospiraceae;g__Frisingicoccus;s__	0.7885037109718731
0c897bbdafc3eae4d17545bbeaeee49e	d__Bacteria;p__Firmicutes;c__Clostridia;o__Lachnospirales;f__Lachnospiraceae	0.9987655630183222
2d6fa4660f27ed934f8fa2fb3ece4639	d__Bacteria;p__Firmicutes;c__Clostridia;o__Lachnospirales;f__Lachnospiraceae	0.9966596341927225
942e5472de4f2f25b66d155d4b74cc98	d__Bacteria;p__Actinobacteriota;c__Coriobacteriia;o__Coriobacteriales;f__Eggerthellaceae;g__Enterorhabdus;s__	0.9973798979327205
d6144909d2e50f9f5dd0728e1bb6a5f9	d__Bacteria;p__Actinobacteriota;c__Coriobacteriia;o__Coriobacteriales;f__Coriobacteriaceae;g__Collinsella;s__	0.9985417697106428
947d93c6840985d7ed7a9182cbabad76	d__Bacteria;p__Firmicutes;c__Clostridia;o__Lachnospirales;f__Lachnospiraceae;g__Blautia;s__	0.9433672972828122
1b11339835a93ef8060f26ed03a8883a	d__Bacteria;p__Firmicutes;c__Clostridia;o__Lachnospirales;f__Lachnospiraceae;g__Dorea;s__	0.9175376065324845
a3fa013a0fc2bd00d4fa49809af425ed	d__Bacteria;p__Actinobacteriota;c__Coriobacteriia;o__Coriobacteriales;f__Eggerthellaceae;g__Enterorhabdus;s__	0.9981665285376892
0dd325bfd233c8a0a12635132e6bb95a	d__Bacteria;p__Firmicutes;c__Clostridia;o__Oscillospirales;f__Ruminococcaceae;g__Fournierella;s__	0.9982327322079521
088d3129eafaa37677565a64cbb183d3	d__Bacteria;p__Firmicutes;c__Clostridia;o__Lachnospirales;f__Lachnospiraceae	0.9821466355677204
7af8ae6fe7a6453b000b7fc94160f09b	d__Bacteria;p__Firmicutes;c__Clostridia;o__Lachnospirales;f__Lachnospiraceae;g__[Eubacterium]_xylanophilum_group;s__	0.9976677095296823
ad6a23f04321a15fee6b873aa9789378	d__Bacteria;p__Firmicutes;c__Clostridia;o__Oscillospirales;f__Oscillospiraceae;g__UCG-002;s__	0.9730020498639458
e5df05133b783e7ed7fe6493816d1994	d__Bacteria	0.9929115594064273
11e7e13a4c359e2eb395c85502226d5e	d__Bacteria;p__Firmicutes;c__Clostridia;o__Oscillospirales;f__Oscillospiraceae;g__UCG-002;s__	0.9928238675778591
59944b63b49028ae92375d9fe01565ec	d__Bacteria;p__Firmicutes;c__Clostridia;o__Lachnospirales;f__Lachnospiraceae;g__[Ruminococcus]_torques_group;s__	0.8180188659993255
2d2821d823b22dec5c363d06944fa3a3	d__Bacteria;p__Firmicutes;c__Clostridia;o__Lachnospirales;f__Lachnospiraceae;g__Blautia;s__	0.9445526493196756
edbad5a8985dbdf17cc416412eebea44	d__Bacteria;p__Firmicutes;c__Clostridia;o__Lachnospirales;f__Lachnospiraceae	0.9976157256331315
1cacfa5af0137f6581c02059c5400433	d__Bacteria;p__Firmicutes;c__Clostridia;o__Christensenellales;f__Christensenellaceae;g__Christensenellaceae_R-7_group;s__	0.8903310341998022
a9fd9cd8a5f9e65e54c03d3e3dddb5ef	d__Bacteria;p__Firmicutes;c__Clostridia;o__Oscillospirales;f__Oscillospiraceae	0.9904935177339524
fab6c8e5bf711e4d56e538cf01af7cfb	d__Bacteria;p__Firmicutes;c__Clostridia;o__Oscillospirales;f__Ruminococcaceae;g__Anaerotruncus;s__	0.9311477698302316
6543fe568f618e61c24aa47cb1660cdd	d__Bacteria;p__Firmicutes;c__Clostridia;o__Oscillospirales;f__Oscillospiraceae;g__UCG-002;s__	0.9103530142972227
560af0d459e4dabb86d8992d411059f0	d__Bacteria;p__Cyanobacteria;c__Vampirivibrionia;o__Gastranaerophilales;f__Gastranaerophilales;g__Gastranaerophilales;s__	0.9990052417211932
717c9610cf007b9eaa925207a38211ba	d__Bacteria;p__Actinobacteriota;c__Coriobacteriia;o__Coriobacteriales;f__Eggerthellaceae;g__Enteroscipio;s__	0.99984692668921
c67205ba9fa5e732afee9ff6f1d2a7dc	d__Bacteria;p__Firmicutes;c__Clostridia;o__Lachnospirales;f__Lachnospiraceae;g__Lachnospira;s__	0.9539822202837759
5c64aef89ff322622e573d46fe6d7419	d__Bacteria;p__Firmicutes;c__Clostridia;o__Lachnospirales;f__Lachnospiraceae;g__Lachnospiraceae_UCG-010;s__	0.7771187932785186
10fecceedd3821a195206b1283bb3240	d__Bacteria;p__Firmicutes;c__Clostridia;o__Peptostreptococcales-Tissierellales;f__Anaerovoracaceae;g__Family_XIII_AD3011_group;s__	0.9077618652280746
7abe5932c65b78aac0bf60b0d85a918c	d__Bacteria;p__Firmicutes;c__Clostridia;o__Lachnospirales;f__Lachnospiraceae;g__Blautia;s__	0.9541803692273864
7fa3170ecfb32819c9aa094080f1b1a0	d__Bacteria;p__Firmicutes;c__Clostridia;o__Lachnospirales;f__Lachnospiraceae	0.9867933260703037
a20c21ae4ee736456eab05195974b141	d__Bacteria;p__Firmicutes;c__Clostridia;o__Lachnospirales;f__Lachnospiraceae	0.9947301966918025
6c03fd913a89d8995ba28769406e0f27	d__Bacteria;p__Firmicutes;c__Clostridia;o__Oscillospirales;f__Ruminococcaceae;g__Anaerofilum;s__	0.9968270916271533
10131aba48e91e5e94b5a2b6be713319	d__Bacteria;p__Firmicutes;c__Clostridia;o__Lachnospirales;f__Lachnospiraceae	0.9847325620701431
4774d1b66c9e9ca12acf85a100d29e40	d__Bacteria;p__Firmicutes;c__Clostridia;o__Oscillospirales;f__Ruminococcaceae;g__Incertae_Sedis;s__	0.9454181252062499
041b1a758a3b9c1b31d500254de21675	d__Bacteria;p__Firmicutes;c__Clostridia;o__Lachnospirales;f__Lachnospiraceae	0.9984456552747755
7d90444e648f108672144a8e225d2a11	d__Bacteria;p__Firmicutes;c__Clostridia;o__Lachnospirales;f__Lachnospiraceae;g__Blautia;s__	0.9465690413152019
c80191a47563cc204b075540f7b9aa97	d__Bacteria;p__Firmicutes;c__Clostridia;o__Lachnospirales;f__Lachnospiraceae;g__Blautia;s__	0.9383013258533902
91c0a8744edd06e053185430c0a4d439	d__Bacteria;p__Firmicutes;c__Clostridia;o__Lachnospirales;f__Lachnospiraceae	0.9689081723858347
1b9ce7f405f51235cbb094ce4f1a8f51	d__Bacteria;p__Firmicutes;c__Clostridia;o__Peptostreptococcales-Tissierellales;f__Anaerovoracaceae;g__Family_XIII_UCG-001;s__	0.8747185450963368
f7c5d7234adca3d3a03497e0484e457a	d__Bacteria;p__Firmicutes;c__Clostridia;o__Lachnospirales;f__Lachnospiraceae;g__Lachnospira;s__	0.9478283990366548
ea8dea86e4170c2e923f705d656b3052	d__Bacteria;p__Actinobacteriota;c__Coriobacteriia;o__Coriobacteriales;f__Eggerthellaceae	0.9994336206172075
3af016abb4bff9990111b783f64b856a	d__Bacteria;p__Firmicutes;c__Clostridia;o__Lachnospirales;f__Lachnospiraceae	0.9917883019488942
f9e0eab1cecb7c8e92581ae1e7b2ed07	d__Bacteria;p__Firmicutes;c__Clostridia;o__Lachnospirales;f__Lachnospiraceae	0.988833199967961
92e91b2caa8a504280262e84648e3213	d__Bacteria;p__Firmicutes;c__Clostridia;o__Lachnospirales;f__Lachnospiraceae;g__Blautia;s__	0.9509040053359781
5a829a8df9cb51f46cf85f9aec67b6db	d__Bacteria;p__Firmicutes;c__Clostridia;o__Oscillospirales;f__Oscillospiraceae;g__UCG-002;s__	0.9936391632456354
cf9f74da5a26be736970c7eb68ec5c56	d__Bacteria;p__Firmicutes;c__Clostridia;o__Oscillospirales;f__Ruminococcaceae;g__Faecalibacterium;s__	0.9992797785835734
bf15c21f03d4dd3948b8408caa53cf20	d__Bacteria;p__Bacteroidota;c__Bacteroidia;o__Bacteroidales;f__Muribaculaceae;g__Muribaculaceae;s__	0.9625833258887923
93795e755075a3202b82b48e483f998f	d__Bacteria;p__Firmicutes;c__Clostridia;o__Oscillospirales;f__Ruminococcaceae;g__Faecalibacterium;s__	0.9987339079204858
f5da87dfa14c18074b3b913f9ec59167	d__Bacteria;p__Firmicutes;c__Clostridia;o__Oscillospirales;f__Ruminococcaceae	0.824577666679491
6b3140cfaff59c09cf4455d960b09dec	d__Bacteria;p__Firmicutes;c__Clostridia;o__Oscillospirales;f__Ruminococcaceae;g__Ruminococcus;s__	0.9480999818243381
43c8605d44478c4ec544486699339338	d__Bacteria;p__Firmicutes;c__Negativicutes;o__Acidaminococcales;f__Acidaminococcaceae;g__Phascolarctobacterium;s__	0.9998171178196628
702fee437aa73848f03720187e4cfc28	d__Bacteria;p__Firmicutes;c__Clostridia;o__Oscillospirales;f__Ruminococcaceae;g__Faecalibacterium;s__	0.999762743993346
0cdfc89e309d1af781cda7c62f1ab066	d__Bacteria;p__Firmicutes;c__Clostridia;o__Oscillospirales;f__Ruminococcaceae;g__Faecalibacterium;s__	0.9992485842697725
1422063a49b07197278cfce9d85e1ca9	d__Bacteria;p__Firmicutes;c__Clostridia;o__Oscillospirales;f__Ruminococcaceae	0.8607271489827851
f2cb8739fb538a5839bbc7012d686681	d__Bacteria;p__Firmicutes;c__Clostridia;o__Oscillospirales;f__Ruminococcaceae	0.8629797302424529
c23b2dab970fdf5921c9d6d612e58289	d__Bacteria;p__Bacteroidota;c__Bacteroidia;o__Bacteroidales;f__Bacteroidaceae;g__Bacteroides;s__	0.99072131971992
60f5395d32a0a994bfac92128c0305fb	d__Bacteria;p__Firmicutes;c__Bacilli;o__Erysipelotrichales;f__Erysipelotrichaceae;g__Merdibacter;s__	0.9999996726911571
ec0a44562a851fcdfc869e21e80828e2	d__Bacteria;p__Firmicutes;c__Clostridia;o__Oscillospirales;f__Ruminococcaceae;g__Subdoligranulum;s__	0.9894043703229443
dcfb05c3d3c53d01c2b5ae5aa0a013e5	d__Bacteria;p__Firmicutes;c__Clostridia;o__Oscillospirales;f__Oscillospiraceae	0.9859373296529306
460f4178895cd08980358006cadce067	d__Bacteria;p__Firmicutes;c__Clostridia;o__Lachnospirales;f__Lachnospiraceae	0.9911892538083193
e467099d6b508398d9c661a7a4e3a0fa	d__Bacteria;p__Proteobacteria;c__Gammaproteobacteria;o__Burkholderiales;f__Sutterellaceae;g__Parasutterella;s__	0.9999991228944519
4fa38db065bae16962bd7578374c727e	d__Bacteria;p__Firmicutes;c__Clostridia;o__Lachnospirales;f__Lachnospiraceae;g__[Eubacterium]_hallii_group;s__	0.994606296162789
e50a528088185e787fe5d5953419631c	d__Bacteria;p__Firmicutes;c__Clostridia;o__Lachnospirales;f__Lachnospiraceae;g__[Eubacterium]_hallii_group;s__	0.9923524607974384
6cc13a56649bdab69175787c22442cfa	d__Bacteria;p__Firmicutes;c__Bacilli;o__Lactobacillales;f__Streptococcaceae;g__Streptococcus;s__	0.9999838432206428
4daa8c460abe543442f98d4a1ce6ff21	d__Bacteria;p__Firmicutes;c__Bacilli;o__Lactobacillales;f__Streptococcaceae;g__Streptococcus;s__	0.9999887758620446
b3f9e752ab35c4081dacafb2dda44735	d__Bacteria;p__Firmicutes;c__Clostridia;o__Lachnospirales;f__Lachnospiraceae;g__[Eubacterium]_hallii_group;s__	0.9822683321286952
670d97c0a03f1358283838ece0407480	d__Bacteria;p__Firmicutes;c__Clostridia;o__Oscillospirales;f__Ruminococcaceae;g__Faecalibacterium;s__	0.9989693886898002
50c4f2d009502916fd8ab1a3ce741853	d__Bacteria;p__Firmicutes;c__Clostridia;o__Lachnospirales;f__Lachnospiraceae;g__Anaerostipes;s__	0.9980502282040007
9148881f27a72f3c31a7d307848a3362	d__Bacteria;p__Firmicutes;c__Clostridia;o__Oscillospirales;f__Oscillospiraceae	0.9945216089891653
0e8e51c3e1815694abd7c1e1a0431a27	d__Bacteria;p__Firmicutes;c__Negativicutes;o__Acidaminococcales;f__Acidaminococcaceae;g__Phascolarctobacterium;s__	0.9998393948176661
47b438d2a81812e472916cec06d5ec45	d__Bacteria;p__Firmicutes;c__Clostridia;o__Oscillospirales;f__Butyricicoccaceae;g__UCG-009;s__	0.7630414911657846
f2edb0bfd165f422bb73de72ac7ca5ba	d__Bacteria;p__Actinobacteriota;c__Actinobacteria;o__Bifidobacteriales;f__Bifidobacteriaceae;g__Bifidobacterium;s__	0.9990041322438834
f9c436448e68ba34b716f63487b51ec6	d__Bacteria;p__Firmicutes;c__Clostridia;o__Oscillospirales;f__Oscillospiraceae;g__UCG-002;s__	0.9936966967604428
d8ae987314c9574cf1f64824884a5403	d__Bacteria;p__Firmicutes;c__Clostridia;o__Oscillospirales;f__Ruminococcaceae	0.9623041021839809
ab8223b70fd683b673e00709cda2826d	d__Bacteria;p__Firmicutes;c__Clostridia;o__Lachnospirales;f__Lachnospiraceae	0.999816581559375
f7b0897965efd20e61c5e7ca8bc9ad72	d__Bacteria;p__Actinobacteriota;c__Coriobacteriia;o__Coriobacteriales;f__Coriobacteriales_Incertae_Sedis;g__Raoultibacter;s__	0.9969315570167369
47445e8aa65c6cf54a8723387a70ca59	d__Bacteria;p__Firmicutes;c__Clostridia;o__Lachnospirales;f__Lachnospiraceae;g__[Eubacterium]_ventriosum_group;s__	0.7718683258276364
f9c149e1f1440fbad11f90c75f91ee38	d__Bacteria;p__Firmicutes;c__Clostridia;o__Oscillospirales;f__Ruminococcaceae	0.790133150160414
907e47eaf3497da4671c45d4c0aad4cd	d__Bacteria;p__Firmicutes;c__Clostridia;o__Oscillospirales;f__Ruminococcaceae	0.9818710736981917
391494b1586e11b3a7d92be49a3e5716	d__Bacteria;p__Actinobacteriota;c__Actinobacteria;o__Bifidobacteriales;f__Bifidobacteriaceae;g__Bifidobacterium;s__	0.9995302982930796
d937b3eb9a2f6f665b128fdeb8f4c493	d__Bacteria;p__Firmicutes;c__Clostridia;o__Lachnospirales;f__Lachnospiraceae;g__Blautia;s__	0.7681296071573032
3f59f1030c4c9bde371e6a7ee3fef3c4	d__Bacteria;p__Firmicutes;c__Clostridia;o__Monoglobales;f__Monoglobaceae;g__Monoglobus;s__	0.9383049939606316
7b47e1476dcf2ba13609bfb405c407a4	d__Bacteria;p__Firmicutes;c__Clostridia;o__Lachnospirales;f__Lachnospiraceae	0.999551728334614
dfded7d9de02be0fb79324fe7c960e67	d__Bacteria;p__Firmicutes;c__Clostridia;o__Lachnospirales;f__Lachnospiraceae;g__[Eubacterium]_hallii_group;s__	0.995395233567488
757ae7aaa4b6bde54b249ee7dab6a258	d__Bacteria;p__Firmicutes;c__Clostridia;o__Eubacteriales;f__Eubacteriaceae;g__Eubacterium;s__	0.9876417161634313
d6b618b2721fdbf473be7a2af07adf7b	d__Bacteria;p__Firmicutes;c__Clostridia;o__Lachnospirales;f__Lachnospiraceae;g__Blautia;s__	0.9115580284755118
dc6785b38b32ea91e97b7991db51613b	d__Bacteria;p__Firmicutes;c__Clostridia;o__Lachnospirales;f__Lachnospiraceae;g__Dorea;s__	0.9017132186071437
09480f6b583b10f94adfe582e6b3b794	d__Bacteria;p__Firmicutes;c__Clostridia;o__Oscillospirales;f__Ruminococcaceae;g__Faecalibacterium;s__	0.9990339325367029
d1292f74ddf5fa432807178d931c09ac	d__Bacteria;p__Firmicutes;c__Bacilli;o__Lactobacillales;f__Streptococcaceae;g__Streptococcus;s__	0.9999720265875383
eebf8cc4ea1bd1fca876fd1416945789	d__Bacteria;p__Firmicutes;c__Clostridia;o__Monoglobales;f__Monoglobaceae;g__Monoglobus;s__	0.9531586415048741
2a68ebdc1d1076ee904bb7ae243a2c99	d__Bacteria;p__Firmicutes;c__Clostridia;o__Lachnospirales;f__Lachnospiraceae	0.983928196051667
a0bb0680f8175ce050b3964bf25cab51	d__Bacteria;p__Firmicutes;c__Clostridia;o__Lachnospirales;f__Lachnospiraceae;g__Sellimonas;s__	0.8295996207770933
633f534d7cd4bf76db221bb243cb7d7b	d__Bacteria;p__Firmicutes;c__Clostridia;o__Lachnospirales;f__Lachnospiraceae;g__Blautia;s__	0.8868638274459694
9bf07b40b8527c3a00e9792901376e9f	d__Bacteria;p__Firmicutes;c__Clostridia;o__Oscillospirales;f__Oscillospiraceae;g__Pseudoflavonifractor;s__	0.8606278769738417
b2fcf4f1afe5ac274b9933feeb850a42	d__Bacteria;p__Firmicutes;c__Clostridia;o__Oscillospirales;f__Ruminococcaceae;g__uncultured;s__	0.7829011059634843
833882b0e2a9c79ab0f8adaeef865f3f	d__Bacteria;p__Firmicutes;c__Clostridia;o__Lachnospirales;f__Lachnospiraceae	0.9997859950345804
78693c122b255c47fb663f42d0dfe58e	d__Bacteria;p__Firmicutes;c__Clostridia;o__Oscillospirales;f__Oscillospiraceae	0.9960194772933038
aa41debe6579cbdd3dcf33a66e7269be	d__Bacteria;p__Proteobacteria;c__Gammaproteobacteria;o__Enterobacterales;f__Enterobacteriaceae	0.7262448059898363
6e892d9f511aed198a1f0dc2f110bdbd	d__Bacteria;p__Synergistota;c__Synergistia;o__Synergistales;f__Synergistaceae;g__Pyramidobacter;s__	0.9999849912379775
d94973ffadc2ae819fc2736daaeb584c	d__Bacteria;p__Firmicutes;c__Clostridia;o__Lachnospirales;f__Lachnospiraceae;g__Dorea;s__	0.9693248239670065
11386dec30a6ca5445a8c315a68ea27c	d__Bacteria;p__Firmicutes;c__Clostridia;o__Lachnospirales;f__Lachnospiraceae	0.9992566055353007
d302c2db1204ca5baba367623a4515b6	d__Bacteria;p__Firmicutes;c__Clostridia;o__Lachnospirales;f__Lachnospiraceae;g__Blautia;s__	0.9035934969574324
ce593eb89ea64d75373a5f4023eaa99b	d__Bacteria;p__Firmicutes;c__Clostridia;o__Lachnospirales;f__Lachnospiraceae	0.9833625074878631
db08211adb937ff2b1a9430f0861c1eb	d__Bacteria;p__Bacteroidota;c__Bacteroidia;o__Bacteroidales;f__Bacteroidaceae;g__Bacteroides;s__	0.9993531059292203
55d0f6ba48d358f75959e774051d5ee8	d__Bacteria;p__Firmicutes;c__Clostridia;o__Lachnospirales;f__Lachnospiraceae;g__Lachnospiraceae_UCG-004;s__	0.7607150539363052
b8c0b2249d3a4f2a68a5e61dc2adc3c0	d__Bacteria;p__Bacteroidota;c__Bacteroidia;o__Bacteroidales;f__Prevotellaceae;g__Prevotella_9;s__	0.9999804685810741
4c109a3736cef7c413880b1a561d045d	d__Bacteria;p__Firmicutes;c__Clostridia;o__Lachnospirales;f__Lachnospiraceae	0.9870161286962605
ea694d5a3d561e266c37977372622e9e	d__Bacteria;p__Firmicutes;c__Bacilli;o__Lactobacillales;f__Streptococcaceae;g__Streptococcus;s__	0.9999993933377731
a2aadae5bdd1ce480999b8cc69852130	d__Bacteria;p__Firmicutes;c__Clostridia;o__Lachnospirales;f__Lachnospiraceae	0.9994568718351857
57eae0a813dae864ad5287d7554c6dfc	d__Bacteria;p__Firmicutes;c__Clostridia;o__Lachnospirales;f__Lachnospiraceae	0.9979074198901551
525a988d73518825bc4264aec7eefb12	d__Bacteria;p__Firmicutes;c__Clostridia;o__Lachnospirales;f__Lachnospiraceae	0.9961248836161779
cb083362080d40f55b98df14d1156fc9	d__Bacteria;p__Firmicutes;c__Clostridia;o__Peptostreptococcales-Tissierellales;f__Peptostreptococcaceae;g__Terrisporobacter;s__	0.9989985991103034
35db87b1c89791ac2c57b6d164c1cac2	d__Bacteria;p__Firmicutes;c__Clostridia;o__Lachnospirales;f__Lachnospiraceae	0.9999217611585559
f3e865b24b412ccf1b64fa817dbbf1e2	d__Bacteria;p__Firmicutes;c__Bacilli;o__Erysipelotrichales;f__Erysipelotrichaceae;g__Erysipelotrichaceae;s__	0.9999563164566695
713a02039400f865a73ec06866a924a0	d__Bacteria;p__Firmicutes;c__Clostridia;o__Lachnospirales;f__Lachnospiraceae	0.9992750955552652
57dbc4dd003b3969ca95aa6419ca664c	d__Bacteria;p__Firmicutes;c__Clostridia;o__Oscillospirales;f__Ruminococcaceae	0.8341310264859153
317c1d3469d51a7bd291b3e7e82b3a28	d__Bacteria;p__Proteobacteria;c__Gammaproteobacteria;o__Enterobacterales;f__Enterobacteriaceae	0.9655898452096696
d8012e670ac3169e6f3a46cd9fa3f50c	d__Bacteria;p__Firmicutes;c__Clostridia;o__Lachnospirales;f__Lachnospiraceae	0.9992928281697095
767549ce5b9ecd17ab59d3ef705073e1	d__Bacteria;p__Firmicutes;c__Clostridia;o__Lachnospirales;f__Lachnospiraceae;g__Sellimonas;s__	0.9323652100082325
0a143437cbb32edb86b41ac54e8bae23	d__Bacteria;p__Proteobacteria;c__Gammaproteobacteria;o__Burkholderiales;f__Sutterellaceae;g__Sutterella;s__	0.9999711882569029
14fda0be2460bdd4a97566e05d4d4c7a	d__Bacteria;p__Bacteroidota;c__Bacteroidia;o__Bacteroidales;f__Prevotellaceae;g__Prevotella_9;s__	0.9999742669418076
fa2416e3fdd4315e94977bcd7af5e138	d__Bacteria;p__Bacteroidota;c__Bacteroidia;o__Bacteroidales;f__Prevotellaceae;g__Prevotella_9;s__	0.9999630933026248
05b2a7828bd73e3922289029aadba568	d__Bacteria;p__Bacteroidota;c__Bacteroidia;o__Bacteroidales;f__Prevotellaceae;g__Prevotella_9;s__	0.9999725620083496
68f85d2996e282db237c5e0dac371150	d__Bacteria;p__Bacteroidota;c__Bacteroidia;o__Bacteroidales;f__Prevotellaceae;g__Prevotella_9;s__	0.9999717396898171
b90ab7a932a520f52b13f6b2b0e510bc	d__Bacteria;p__Firmicutes;c__Clostridia;o__Oscillospirales;f__Ruminococcaceae;g__Faecalibacterium;s__	0.9990281729195263
92bd890b4a515ae69976a87a1686e428	d__Bacteria;p__Bacteroidota;c__Bacteroidia;o__Bacteroidales;f__Prevotellaceae;g__Prevotella_9;s__	0.9999904919266642
4275f5f56af1836db68c35286320864e	d__Bacteria;p__Bacteroidota;c__Bacteroidia;o__Bacteroidales;f__Prevotellaceae;g__Prevotella_9;s__	0.9999596929073283
db753818096e735b9a08f181f1eb99e1	d__Bacteria;p__Firmicutes;c__Clostridia;o__Lachnospirales;f__Lachnospiraceae;g__[Eubacterium]_hallii_group;s__	0.9941452393141452
55115469c9e9f577172579e48533a02d	d__Bacteria;p__Firmicutes;c__Bacilli;o__Lactobacillales;f__Streptococcaceae;g__Streptococcus;s__	0.9998634933317979
06e05adb4b397db6dc13184d1e3ae4ed	d__Bacteria;p__Proteobacteria;c__Gammaproteobacteria;o__Burkholderiales;f__Sutterellaceae;g__Sutterella;s__	0.9999311084538972
8108e1d6047575c02f5fe1529766ae2b	d__Bacteria;p__Firmicutes;c__Clostridia;o__Lachnospirales;f__Lachnospiraceae;g__Blautia;s__	0.8244786130710464
4de0fe3f8457b7a71dc5d20dbbf47779	d__Bacteria;p__Firmicutes;c__Clostridia;o__Lachnospirales;f__Lachnospiraceae;g__[Eubacterium]_hallii_group;s__	0.9841533901260567
63160491dd9769b6e8e204f430fba6f9	d__Bacteria;p__Firmicutes;c__Clostridia;o__Lachnospirales;f__Lachnospiraceae;g__[Ruminococcus]_gnavus_group;s__	0.9778638426179769
fbaaaf40d76b3e3d5734a5224f21b109	d__Bacteria;p__Firmicutes;c__Clostridia;o__Lachnospirales;f__Lachnospiraceae;g__Lachnoclostridium;s__	0.794722869840282
b08649a0f1dff605459639dbeb93afff	d__Bacteria;p__Bacteroidota;c__Bacteroidia;o__Bacteroidales;f__Barnesiellaceae;g__Barnesiella;s__	0.9999871035064828
36d14de1428fb55e2d7f134ccc483a75	d__Bacteria;p__Firmicutes;c__Clostridia;o__Lachnospirales;f__Lachnospiraceae;g__Agathobacter;s__	0.7264818508330273
b1e451ca9d05cf9dd14b8a60f58dad4d	d__Bacteria;p__Firmicutes;c__Bacilli;o__Erysipelotrichales;f__Erysipelatoclostridiaceae;g__Erysipelotrichaceae_UCG-003;s__	0.9996404803798341
2deed76a5425a5b886a7fca8a1b44195	d__Bacteria;p__Firmicutes;c__Clostridia;o__Lachnospirales;f__Lachnospiraceae;g__[Eubacterium]_hallii_group;s__	0.9888996520930504
c9d2a118994f957013858f4cd6449442	d__Bacteria;p__Firmicutes;c__Clostridia;o__Lachnospirales;f__Lachnospiraceae;g__[Eubacterium]_hallii_group;s__	0.9891827592934651
b7a6251d077cf0e002bb96f4e55085a7	d__Bacteria;p__Firmicutes;c__Clostridia;o__Lachnospirales;f__Lachnospiraceae;g__[Eubacterium]_hallii_group;s__	0.9905758716954735
c846ed2181cab8a4677ec4eab4a97062	d__Bacteria;p__Firmicutes;c__Clostridia;o__Oscillospirales;f__Ruminococcaceae	0.7776457741184628
a124812d59a3884f34cabdb9d98c8158	d__Bacteria;p__Firmicutes;c__Clostridia;o__Lachnospirales;f__Lachnospiraceae;g__[Eubacterium]_hallii_group;s__	0.9936032538865077
96af07c54b18fcaf8ec44131a5751415	d__Bacteria;p__Firmicutes;c__Clostridia;o__Lachnospirales;f__Lachnospiraceae;g__Fusicatenibacter;s__	0.9993676962914049
80f81933994251410bcd627c8ec35490	d__Bacteria;p__Firmicutes;c__Bacilli;o__Erysipelotrichales;f__Erysipelatoclostridiaceae;g__Erysipelotrichaceae_UCG-003;s__	0.9995245248011996
24c13aad0227071c1bbb6e4f5feb1948	d__Bacteria;p__Firmicutes;c__Clostridia;o__Lachnospirales;f__Lachnospiraceae;g__Blautia;s__	0.9020582222069539
b2695a28426b7904552305a51099bcf1	d__Bacteria;p__Firmicutes;c__Clostridia;o__Lachnospirales;f__Lachnospiraceae;g__Blautia;s__	0.9020078579766647
9372c68addea810a30d6612273ab53fa	d__Bacteria;p__Actinobacteriota;c__Coriobacteriia;o__Coriobacteriales;f__Coriobacteriaceae;g__Collinsella;s__	0.9995860822343318
cdb97dfa5a34cf25cf642a883b025066	d__Bacteria;p__Firmicutes;c__Clostridia;o__Lachnospirales;f__Lachnospiraceae	0.9985221106024531
aa3f8212c7c8431da4f5ffff79d39647	d__Bacteria;p__Firmicutes;c__Clostridia;o__Lachnospirales;f__Lachnospiraceae;g__Lachnospiraceae_UCG-004;s__	0.8879089696464788
81e9aa7d030d5f8b139787dd422027be	d__Bacteria;p__Firmicutes;c__Bacilli;o__Erysipelotrichales;f__Erysipelatoclostridiaceae;g__Erysipelotrichaceae_UCG-003;s__	0.9996396883978107
d110b8ed5cb6cdecbd0de1800cccf587	d__Bacteria;p__Firmicutes;c__Clostridia;o__Lachnospirales;f__Lachnospiraceae	0.9994946183862091
be3454547b1f2deea595ad4612fdc1cc	d__Bacteria;p__Firmicutes;c__Clostridia;o__Oscillospirales;f__Oscillospiraceae	0.9804836838913152
feff61418d1aef3d1e3c211f38554393	d__Bacteria;p__Firmicutes;c__Clostridia;o__Oscillospirales;f__Oscillospiraceae;g__UCG-002;s__	0.988266951313066
10eecf52c5fbe09b0aacba6e49e74a0a	d__Bacteria;p__Bacteroidota;c__Bacteroidia;o__Bacteroidales;f__Barnesiellaceae;g__Barnesiella;s__	0.9999545600047618
1456756e9598ced5459c450446e2aa72	d__Bacteria;p__Firmicutes;c__Clostridia;o__Oscillospirales;f__Oscillospiraceae;g__UCG-003;s__	0.9026449929168193
324b6abf9d15810fa1f01918fb209cbd	d__Bacteria;p__Firmicutes;c__Clostridia;o__Lachnospirales;f__Lachnospiraceae;g__Sellimonas;s__	0.8756769830986281
06ab694fbec456aef397dee03552c056	d__Bacteria;p__Firmicutes;c__Clostridia;o__Lachnospirales;f__Lachnospiraceae	0.9984511106214947
15e091687ec6546fc5ca932cfca6c557	d__Bacteria;p__Firmicutes;c__Clostridia;o__Lachnospirales;f__Lachnospiraceae;g__Blautia;s__	0.9163976806818441
3adb818d3aef51cf3c83beced7e11ddf	d__Bacteria;p__Actinobacteriota;c__Coriobacteriia;o__Coriobacteriales;f__Coriobacteriaceae;g__Collinsella;s__	0.9998066935547644
6c095e901accbf3bfe41a967f9157609	d__Bacteria;p__Firmicutes;c__Clostridia;o__Oscillospirales;f__Oscillospiraceae;g__UCG-003;s__	0.9753463605844044
980e736bf873b0fe9b18fa50075c165b	d__Bacteria;p__Firmicutes;c__Clostridia;o__Lachnospirales;f__Lachnospiraceae;g__Blautia;s__	0.8897064792439116
1f15934e9f49a63b0edf158da481e3ae	d__Bacteria;p__Firmicutes;c__Clostridia;o__Oscillospirales;f__Ruminococcaceae;g__Subdoligranulum;s__	0.9887008378620016
7500cd8be0652831f63cc9ab58aa5d35	d__Bacteria;p__Firmicutes;c__Clostridia;o__Lachnospirales;f__Lachnospiraceae	0.9872694846165156
416d8b6d338d416ea029d88c26258f1a	d__Bacteria;p__Firmicutes;c__Clostridia;o__Lachnospirales;f__Lachnospiraceae;g__[Ruminococcus]_gauvreauii_group;s__	0.7399853551336423
79726de300ec1628dc862c9042b31755	d__Bacteria;p__Firmicutes;c__Clostridia;o__Oscillospirales;f__Ruminococcaceae;g__Subdoligranulum;s__	0.9822156588224861
660c6dfefb5bbb3a2f4dbede523b3587	d__Bacteria;p__Firmicutes;c__Clostridia;o__Lachnospirales;f__Lachnospiraceae	0.8954034167878101
3252c77fbbfc074af13e21370d8d9f6e	d__Bacteria;p__Firmicutes;c__Clostridia;o__Oscillospirales;f__Ruminococcaceae;g__Subdoligranulum;s__	0.9834408586430046
f81376198a55f7546a5855d1e065ca71	d__Bacteria;p__Actinobacteriota;c__Coriobacteriia;o__Coriobacteriales;f__Coriobacteriaceae;g__Collinsella;s__	0.9994273038830209
177452c5d0ec56df2feec6c4ab47adbe	d__Bacteria;p__Actinobacteriota;c__Coriobacteriia;o__Coriobacteriales;f__Atopobiaceae;g__Olsenella;s__	0.8888982498501563
9529f7068360520faea3162c1abdea7e	d__Bacteria;p__Firmicutes;c__Clostridia;o__Lachnospirales;f__Lachnospiraceae	0.988760391346476
2e8c8554ca3a7665066e49d408657436	d__Bacteria;p__Firmicutes;c__Clostridia;o__Lachnospirales;f__Lachnospiraceae;g__Tuzzerella;s__	0.9363492919776968
9a5694ef04fe5bc8a981e37c2169ca67	d__Bacteria;p__Bacteroidota;c__Bacteroidia;o__Bacteroidales;f__Barnesiellaceae;g__Barnesiella;s__	0.9999853513000843
276a69009a9c158709f15d84ccb87c66	d__Bacteria;p__Firmicutes;c__Clostridia;o__Lachnospirales;f__Lachnospiraceae;g__Blautia;s__	0.7313027056362031
76d6dd11161e76f64367098bc786f645	d__Bacteria;p__Firmicutes;c__Clostridia;o__Lachnospirales;f__Lachnospiraceae	0.9982693120554109
377b2fe18ad745404ae4dedc35a410b0	d__Bacteria;p__Firmicutes;c__Bacilli;o__Erysipelotrichales;f__Erysipelotrichaceae;g__[Anaerorhabdus]_furcosa_group;s__	0.8312215911770209
d3cf0bd796dcdf45b9f4bd37276d2eb2	d__Bacteria;p__Firmicutes;c__Clostridia;o__Peptostreptococcales-Tissierellales;f__Anaerovoracaceae;g__Family_XIII_AD3011_group;s__	0.8810276536049297
a31b9d6568314166bed4e4911146f1b5	d__Bacteria;p__Firmicutes;c__Clostridia;o__Lachnospirales;f__Lachnospiraceae	0.9969287600256058
80849994beb177328d78158099fd88e1	d__Bacteria;p__Bacteroidota;c__Bacteroidia;o__Bacteroidales;f__Bacteroidaceae;g__Bacteroides;s__	0.9998496367867857
fb047fd28e5ffce1be57dbfae94637db	d__Bacteria;p__Actinobacteriota;c__Actinobacteria;o__Bifidobacteriales;f__Bifidobacteriaceae;g__Bifidobacterium;s__	0.9996266812840889
2cc3b695edcdb11b7045209534a12b35	d__Bacteria;p__Bacteroidota;c__Bacteroidia;o__Bacteroidales;f__Bacteroidaceae;g__Bacteroides;s__	0.9992496220172471
4d9c559be53684e5e15c643a6699fa5d	d__Bacteria;p__Firmicutes;c__Clostridia;o__Oscillospirales;f__Ruminococcaceae;g__Subdoligranulum;s__	0.9993555320101591
c35da929e608f5a1922ff943815ab0fc	d__Bacteria;p__Bacteroidota;c__Bacteroidia;o__Bacteroidales;f__Bacteroidaceae;g__Bacteroides;s__	0.9982231212632735
a4ae85149359b5d4a3cdfd1302e9d5ce	d__Bacteria;p__Firmicutes;c__Clostridia;o__Oscillospirales;f__Ruminococcaceae;g__Faecalibacterium;s__	0.9991185490555583
fce08b494a6f862b74be22b8c4a5f9bd	d__Bacteria;p__Firmicutes;c__Clostridia;o__Lachnospirales;f__Lachnospiraceae;g__Dorea;s__	0.862406120894769
d608ef880df24d660b8a8b8eb1bce466	d__Bacteria;p__Firmicutes;c__Clostridia;o__Oscillospirales;f__Ruminococcaceae;g__Ruminococcus;s__	0.9870717265438512
9106302ff3719920ebb8c323397b1e9b	d__Bacteria;p__Firmicutes;c__Clostridia;o__Oscillospirales;f__Ruminococcaceae;g__Faecalibacterium;s__	0.9991530544232452
7c3cdc46a3b6b158a3fea2f39287bb34	d__Bacteria;p__Proteobacteria;c__Gammaproteobacteria;o__Burkholderiales;f__Sutterellaceae;g__Parasutterella;s__	0.999997224127499
00bbe3d4b73f31f781dc7c7620eafeb3	d__Bacteria;p__Firmicutes;c__Clostridia;o__Lachnospirales;f__Lachnospiraceae;g__Anaerostipes;s__	0.9983412001317918
25a51aceb6e1008e7e5c73a9dbb6db8d	d__Bacteria;p__Firmicutes;c__Clostridia;o__Oscillospirales;f__Ruminococcaceae;g__Faecalibacterium;s__	0.9961286683078969
933f52fe34d8ba8af5e3da3fc990846c	d__Bacteria;p__Firmicutes;c__Clostridia;o__Oscillospirales;f__Ruminococcaceae;g__Faecalibacterium;s__	0.9986664527172124
de857f90df60e86432a0ffc4ce36a401	d__Bacteria;p__Firmicutes;c__Clostridia;o__Oscillospirales;f__Ruminococcaceae;g__Ruminococcus;s__	0.8779199096737285
5cf0b372f710942bc87eb2f3d22995ea	d__Bacteria;p__Firmicutes;c__Clostridia;o__Lachnospirales;f__Lachnospiraceae;g__[Eubacterium]_ruminantium_group;s__	0.8797131840508797
45c7ab67016d1a53774a914b253f6ede	d__Bacteria;p__Firmicutes;c__Clostridia;o__Lachnospirales;f__Lachnospiraceae;g__Anaerostipes;s__	0.997959749781129
a1cee604b34b2006127d38a0354b74ef	d__Bacteria;p__Firmicutes;c__Clostridia;o__Lachnospirales;f__Lachnospiraceae;g__Dorea;s__	0.9638142209066438
b622776fd108f6c9c3b46a3d976ed84a	d__Bacteria;p__Bacteroidota;c__Bacteroidia;o__Bacteroidales;f__Rikenellaceae;g__Alistipes;s__	0.9933905331501384
93ec4335fa83cabf1de554c722460a1b	d__Bacteria;p__Firmicutes;c__Clostridia;o__Lachnospirales;f__Lachnospiraceae	0.9992224408143885
b098841fe354111b8bf39659c142772a	d__Bacteria;p__Firmicutes;c__Clostridia;o__Lachnospirales;f__Lachnospiraceae;g__[Eubacterium]_hallii_group;s__	0.996371341541754
3593e08bd3bd959f05476b4773077dd3	d__Bacteria;p__Firmicutes;c__Clostridia;o__Lachnospirales;f__Lachnospiraceae;g__Blautia;s__	0.9589375459595532
45cb23f3e861cf0b1c58ce118a9c5bdb	d__Bacteria;p__Firmicutes;c__Clostridia;o__Lachnospirales;f__Lachnospiraceae	0.9981952709661435
bf20092469df3c58b2a49456e9620e38	d__Bacteria;p__Bacteroidota;c__Bacteroidia;o__Bacteroidales;f__Prevotellaceae;g__Prevotella_9;s__	0.9999882509995338
55dc277189ac3aecff15d872cb494793	d__Bacteria;p__Bacteroidota;c__Bacteroidia;o__Bacteroidales;f__Prevotellaceae;g__Prevotella_9;s__	0.9999828930056907
57f758d83f54f702de75c2ba1a2f302e	d__Bacteria;p__Firmicutes;c__Bacilli;o__Erysipelotrichales;f__Erysipelotrichaceae;g__Holdemanella;s__	0.9999978514605832
368b191290287c1eabcaae3d5b25518f	d__Bacteria;p__Bacteroidota;c__Bacteroidia;o__Bacteroidales;f__Prevotellaceae;g__Prevotella_9;s__	0.9999452454426854
9ae9886db1ff6b3879f8fdc059c677a3	d__Bacteria;p__Bacteroidota;c__Bacteroidia;o__Bacteroidales;f__Prevotellaceae;g__Prevotella_9;s__	0.9998906538892406
28d60b39b109b69f91e445dc1ded556e	d__Bacteria;p__Bacteroidota;c__Bacteroidia;o__Bacteroidales;f__Prevotellaceae;g__Prevotella_9;s__	0.9997294670392487
4c3bd0a7fda7d2e9b0e9b223895005bc	d__Bacteria;p__Firmicutes;c__Bacilli;o__Erysipelotrichales;f__Erysipelotrichaceae;g__Holdemanella;s__	0.9999985796968357
3693098f3727580b5ea76ff2871024f4	d__Bacteria;p__Firmicutes;c__Bacilli;o__Erysipelotrichales;f__Erysipelotrichaceae;g__Holdemanella;s__	0.9999944040743967
10b5abd5221eb14daf036f463605a82c	d__Bacteria;p__Bacteroidota;c__Bacteroidia;o__Bacteroidales;f__Prevotellaceae;g__Prevotella_9;s__	0.9998096501615279
28096d6fef2e6f1e8c5eb66953a23f3e	d__Bacteria;p__Bacteroidota;c__Bacteroidia;o__Bacteroidales;f__Prevotellaceae;g__Prevotella_9;s__	0.9997736525322294
98ba494dcbfa47bb3819deb65ee8d1e4	d__Bacteria;p__Bacteroidota;c__Bacteroidia;o__Bacteroidales;f__Prevotellaceae;g__Prevotella_9;s__	0.9998575357018145
53440cff4985e4b46cc890eda6bf25a3	d__Bacteria;p__Firmicutes;c__Negativicutes;o__Veillonellales-Selenomonadales;f__Veillonellaceae;g__Megasphaera;s__	0.999992295711485
b325898aa07ba033dd593f638a01a4bf	d__Bacteria;p__Firmicutes;c__Negativicutes;o__Acidaminococcales;f__Acidaminococcaceae;g__Phascolarctobacterium;s__	0.9999026402312503
3a30c4e810f43c82ddddb042b5274e19	d__Bacteria;p__Bacteroidota;c__Bacteroidia;o__Bacteroidales	0.998547763248208
b13be041ce5a6610a57c437a082dfd8f	d__Bacteria;p__Actinobacteriota;c__Coriobacteriia;o__Coriobacteriales;f__Coriobacteriaceae;g__Collinsella;s__	0.9999301213391085
4fa06dc058cb545c46f3b0fc08a1b82f	d__Bacteria;p__Firmicutes;c__Bacilli;o__Erysipelotrichales;f__Erysipelotrichaceae;g__Holdemanella;s__	0.9999971624029386
84812edbd580369ac4b7303c5703a41e	d__Bacteria;p__Bacteroidota;c__Bacteroidia;o__Bacteroidales;f__Bacteroidaceae;g__Bacteroides;s__	0.9198427498524974
35fff6d0dc5ddec30f76f5493c0ab085	d__Bacteria;p__Firmicutes;c__Bacilli;o__Erysipelotrichales;f__Erysipelotrichaceae;g__Holdemanella;s__	0.9999722762065419
0d9901c5ab2ddc4d40304b8b965cd86e	d__Bacteria;p__Firmicutes;c__Clostridia;o__Lachnospirales;f__Lachnospiraceae;g__[Ruminococcus]_torques_group;s__	0.761573603328744
4a0f603168f00638f8d79c8230ef7d5e	d__Bacteria;p__Firmicutes;c__Clostridia;o__Lachnospirales;f__Lachnospiraceae;g__[Ruminococcus]_torques_group;s__	0.9186707996872767
e6e31a849b75cc1ce414a6f9cbe0f36c	d__Bacteria;p__Firmicutes;c__Bacilli;o__Lactobacillales;f__Streptococcaceae;g__Streptococcus;s__	0.9996134815615395
d24341e0018f8663c950057c2cf001a4	d__Bacteria;p__Firmicutes;c__Clostridia;o__Oscillospirales;f__Ruminococcaceae;g__Subdoligranulum;s__	0.9826524454950472
56cb3d8de092c2e79fc70c5848efcae9	d__Bacteria;p__Fusobacteriota;c__Fusobacteriia;o__Fusobacteriales;f__Fusobacteriaceae;g__Fusobacterium;s__	0.9877850107525018
88ce64ba098617a223d28ab1e20b8c1c	d__Bacteria;p__Firmicutes;c__Clostridia;o__Lachnospirales;f__Lachnospiraceae	0.9863502691559143
7ee0c4690faadba4b4465e59bc8150aa	d__Bacteria;p__Firmicutes;c__Clostridia;o__Lachnospirales;f__Lachnospiraceae	0.9984472188694128
487d7efd7d8e4a199d7717e6cbe46d54	d__Bacteria;p__Actinobacteriota;c__Coriobacteriia;o__Coriobacteriales;f__Eggerthellaceae;g__uncultured;s__	0.9991412529655138
e91837bf294cc00d6cde395e277b7987	d__Bacteria;p__Firmicutes;c__Clostridia;o__Lachnospirales;f__Lachnospiraceae;g__[Eubacterium]_hallii_group;s__	0.9927362709467024
c1a603b3af4dac533657c5c86936c8d4	d__Bacteria;p__Firmicutes;c__Clostridia;o__Oscillospirales;f__Ruminococcaceae;g__Faecalibacterium;s__	0.9987872513676256
ede5c1dee24630c27ba74eb5f51efed4	d__Bacteria;p__Firmicutes;c__Clostridia;o__Lachnospirales;f__Lachnospiraceae	0.9996113929365186
8cbbf9e3608bd651d55845e05a87954f	d__Bacteria;p__Firmicutes;c__Clostridia;o__Lachnospirales;f__Lachnospiraceae;g__Anaerostipes;s__	0.997978562422476
c6804da634776ad1bda1b71e4e26922b	d__Bacteria;p__Firmicutes;c__Clostridia;o__Lachnospirales;f__Lachnospiraceae;g__Blautia;s__	0.9621856693819644
7cebc79e8165e166ef7e8137b10cf645	d__Bacteria;p__Bacteroidota;c__Bacteroidia;o__Bacteroidales;f__Bacteroidaceae;g__Bacteroides;s__	0.9998511519767697
f6a5c84df5e1840c7d7dc42cbe6af4b6	d__Bacteria;p__Firmicutes;c__Clostridia;o__Lachnospirales;f__Lachnospiraceae;g__Blautia;s__	0.9715690990371656
a9670092e5cc5319df00ca5f5524a452	d__Bacteria;p__Firmicutes;c__Clostridia;o__Oscillospirales;f__Ruminococcaceae	0.7834576127176872
76dd3c13539c099aaa8f9a848c4ffd9e	d__Bacteria;p__Firmicutes;c__Clostridia;o__Lachnospirales;f__Lachnospiraceae	0.998691034914346
475d65ba3d35b0caccd35526b52d620a	d__Bacteria;p__Firmicutes;c__Clostridia;o__Oscillospirales;f__Ruminococcaceae;g__Ruminococcus;s__	0.9793827215551076
a1a649e6cc1dfdc1561e9f61ef217e43	d__Bacteria;p__Desulfobacterota;c__Desulfovibrionia;o__Desulfovibrionales;f__Desulfovibrionaceae;g__Bilophila;s__	0.9999884514112632
a9bcf4a07184c79c13afd935d97000df	d__Bacteria;p__Proteobacteria;c__Gammaproteobacteria;o__Burkholderiales;f__Sutterellaceae;g__Parasutterella;s__	0.9999994939372386
ae1935f1dadfdd70e4d033a5a828f53f	d__Bacteria;p__Bacteroidota;c__Bacteroidia;o__Bacteroidales;f__Bacteroidaceae;g__Bacteroides;s__	0.9984640351417486
042e2f1ecbae5c2060d32697430305cd	d__Bacteria;p__Firmicutes;c__Bacilli;o__Lactobacillales;f__Lactobacillaceae;g__Pediococcus;s__	0.9999995214621443
49186491a2d265dd97019d66c7250723	d__Bacteria;p__Firmicutes;c__Clostridia;o__Lachnospirales;f__Lachnospiraceae;g__[Ruminococcus]_gnavus_group;s__	0.9743902062523433
5ea7ae9cb614459113e070862d15d88b	d__Bacteria;p__Firmicutes;c__Clostridia;o__Oscillospirales;f__Ruminococcaceae;g__Faecalibacterium;s__	0.9995318424980062
e59f8b38bbe5573ff22a2893427de28a	d__Bacteria;p__Proteobacteria;c__Gammaproteobacteria;o__Enterobacterales;f__Hafniaceae;g__Hafnia-Obesumbacterium;s__	0.9881278266882055
7c5925920a3ef7385c9d912694c2b145	d__Bacteria;p__Bacteroidota;c__Bacteroidia;o__Bacteroidales;f__Bacteroidaceae;g__Bacteroides;s__	0.9998217240452584
53baf132f43109591de79923d95ee306	d__Bacteria;p__Campylobacterota;c__Campylobacteria;o__Campylobacterales;f__Helicobacteraceae;g__Helicobacter;s__	0.998365422889218
6cdf10db41442be89e90c70a7f7dd65d	d__Bacteria;p__Firmicutes;c__Clostridia;o__Lachnospirales;f__Lachnospiraceae	0.9994276397514493
cec6f92000becf57f922a291adfdacf5	d__Bacteria;p__Bacteroidota;c__Bacteroidia;o__Bacteroidales;f__Bacteroidaceae;g__Bacteroides;s__	0.9986838462470944
d93fad2c87a7df40b31302d2b4ecf943	d__Bacteria;p__Firmicutes;c__Clostridia;o__Oscillospirales;f__Oscillospiraceae;g__Flavonifractor;s__	0.9999591682842635
7d5dead7f8f7c802805a941e11b2d2e8	d__Bacteria;p__Firmicutes;c__Clostridia;o__Oscillospirales;f__Butyricicoccaceae;g__Butyricicoccus;s__	0.9597606327349113
6fe4c009ab634655c12609393499f47e	d__Bacteria;p__Firmicutes;c__Clostridia;o__Lachnospirales;f__Lachnospiraceae	0.9994481965914734
20f8f86c81f66a629aa177b8d2f960df	d__Bacteria;p__Firmicutes;c__Negativicutes;o__Veillonellales-Selenomonadales;f__Veillonellaceae;g__Dialister;s__	0.9999062962817887
d764529b3001f061fdfcb2254ab8f46d	d__Bacteria;p__Firmicutes;c__Negativicutes;o__Veillonellales-Selenomonadales;f__Veillonellaceae;g__Dialister;s__	0.9998254272447341
b18fa93091fa81247d9f735be7c64389	d__Bacteria;p__Actinobacteriota;c__Actinobacteria;o__Bifidobacteriales;f__Bifidobacteriaceae;g__Bifidobacterium;s__	0.999709234860762
2d10212568c15ca97262f3cd687e3349	d__Bacteria;p__Bacteroidota;c__Bacteroidia;o__Bacteroidales;f__Bacteroidaceae;g__Bacteroides;s__	0.999547486493986
5da296328475374e1b492f12893b09a1	d__Bacteria;p__Bacteroidota;c__Bacteroidia;o__Bacteroidales;f__Tannerellaceae;g__Parabacteroides;s__	0.9916645329845931
2f93ee7fbc6d10877f4d04fb32c5ce75	d__Bacteria;p__Firmicutes;c__Clostridia;o__Lachnospirales;f__Lachnospiraceae	0.9997763695107794
808de3de5348fc5fe555259c8ada965a	d__Bacteria;p__Actinobacteriota;c__Actinobacteria;o__Bifidobacteriales;f__Bifidobacteriaceae;g__Bifidobacterium;s__	0.9999687172040498
dc863d59b1d93eec11f85895d98d2c58	d__Bacteria;p__Firmicutes;c__Clostridia;o__Oscillospirales;f__Ruminococcaceae;g__UBA1819;s__	0.9999316595525183
322eff5a5578087bd20a0bd92ae8557f	d__Bacteria;p__Proteobacteria;c__Gammaproteobacteria;o__Enterobacterales;f__Enterobacteriaceae	0.817486380220539
7a728c3be7d2cca29a442a4c7b059701	d__Bacteria;p__Firmicutes;c__Clostridia;o__Lachnospirales;f__Lachnospiraceae;g__Tuzzerella;s__	0.7293511505537945
49e786842f39df89d554eda78c0a818d	d__Bacteria;p__Firmicutes;c__Clostridia;o__Lachnospirales;f__Lachnospiraceae	0.9989361731590269
dd82ea8e619fc8bfad534e13cd9ea70e	d__Bacteria;p__Firmicutes;c__Clostridia;o__Lachnospirales;f__Lachnospiraceae	0.9875314213609424
c1f3cb70f68ce913a165de2a441ca6dd	d__Bacteria;p__Firmicutes;c__Clostridia;o__Oscillospirales;f__Butyricicoccaceae;g__Butyricicoccus;s__	0.9674214499612311
29701f9e785c6db395855fd0bbaf38b8	d__Bacteria;p__Firmicutes;c__Clostridia;o__Lachnospirales;f__Lachnospiraceae	0.9900651905522925
178d7ded85e4303e90a4385aa31f6f93	d__Bacteria;p__Actinobacteriota;c__Actinobacteria;o__Actinomycetales;f__Actinomycetaceae;g__Actinomyces;s__	0.9866041492065689
7228952dcac314e0400caac744232ca7	d__Bacteria;p__Firmicutes;c__Clostridia;o__Lachnospirales;f__Lachnospiraceae	0.9997452732521093
64b985d5a50961919537d99984ba6a47	d__Bacteria;p__Firmicutes;c__Negativicutes;o__Veillonellales-Selenomonadales;f__Veillonellaceae;g__Anaeroglobus;s__	0.9970707303298096
07b526035e5f71cf78687c23e90e2b21	d__Bacteria;p__Actinobacteriota;c__Actinobacteria;o__Actinomycetales;f__Actinomycetaceae;g__Actinomyces;s__	0.9910673907995124
2cb7e54bad1e2c3d3022806ad2df67b5	d__Bacteria;p__Firmicutes;c__Clostridia;o__Lachnospirales;f__Lachnospiraceae	0.9967008858825055
4ba0b9c2885d02560975819b0b47f8e3	d__Bacteria;p__Firmicutes;c__Clostridia;o__Oscillospirales;f__Ruminococcaceae;g__Incertae_Sedis;s__	0.975489726867528
a9e7a27edaba36f2fd2f84676e039484	d__Bacteria;p__Firmicutes;c__Clostridia;o__Lachnospirales;f__Lachnospiraceae	0.9989279844183078
de59c0a07e2525dff41179d486809382	d__Bacteria;p__Proteobacteria;c__Gammaproteobacteria;o__Enterobacterales;f__Enterobacteriaceae	0.7829720954679746
23fa6099f6af956276284be303b8f0cc	d__Bacteria;p__Proteobacteria;c__Gammaproteobacteria;o__Enterobacterales;f__Hafniaceae;g__Hafnia-Obesumbacterium;s__	0.9715409078775894
add3a6fcd1eb92e4576d5e4bae2a1131	d__Bacteria;p__Firmicutes;c__Clostridia;o__Lachnospirales;f__Lachnospiraceae;g__[Ruminococcus]_gnavus_group;s__	0.8877792841456541
528546cb6711b33e01d82ef0211aea36	d__Bacteria;p__Firmicutes;c__Clostridia;o__Lachnospirales;f__Lachnospiraceae;g__Lachnospiraceae_UCG-004;s__	0.7584395049160426
8f89cf013a00cddc8cd8cffc67383f7d	d__Bacteria;p__Firmicutes;c__Clostridia;o__Oscillospirales;f__Ruminococcaceae;g__uncultured;s__	0.7927146001386306
e951ffdf7e45599d4f52e0a12c0dec0f	d__Bacteria;p__Firmicutes;c__Bacilli;o__Erysipelotrichales;f__Erysipelotrichaceae;g__Dielma;s__	0.9999299360648247
a19b19e71e68d0f9f7f91b7a2b923b6f	d__Bacteria;p__Firmicutes;c__Clostridia;o__Lachnospirales;f__Lachnospiraceae;g__[Ruminococcus]_torques_group;s__	0.7990427480249293
50ababd57e17200136e8cc883567ce18	d__Bacteria;p__Firmicutes;c__Clostridia;o__Oscillospirales;f__Ruminococcaceae;g__uncultured;s__	0.8233480545461079
1cfd44f4ac37016f1db35e0a4e8d2f89	d__Bacteria;p__Firmicutes;c__Clostridia;o__Lachnospirales;f__Lachnospiraceae;g__Blautia;s__	0.9190300319179878
17605971efd1cee64b4800b3e23380b5	d__Bacteria;p__Firmicutes;c__Clostridia;o__Oscillospirales;f__Ruminococcaceae;g__Faecalibacterium;s__	0.9996253324597885
a7db1c820c1a0e3b6208c1900de0820a	d__Bacteria;p__Firmicutes;c__Clostridia;o__Lachnospirales;f__Lachnospiraceae;g__[Eubacterium]_hallii_group;s__	0.9002913630605702
38bae41593bb7f644177d06a0aa0110e	d__Bacteria;p__Firmicutes;c__Clostridia;o__Lachnospirales;f__Lachnospiraceae;g__Blautia;s__	0.955813609860696
32898a91b1792332017ea75e4b88cdf6	d__Bacteria;p__Firmicutes;c__Clostridia;o__Lachnospirales;f__Lachnospiraceae;g__Blautia;s__	0.8595561758900422
e0c5d9c30411fcb9b647faf31ab31a9e	d__Bacteria;p__Firmicutes;c__Clostridia;o__Lachnospirales;f__Lachnospiraceae;g__Blautia;s__	0.9154268550083008
aec14b538a57427b537027a459078c94	d__Bacteria;p__Firmicutes;c__Clostridia;o__Oscillospirales;f__Ruminococcaceae;g__Anaerotruncus;s__	0.9968142434207885
0ed44fdbb26436a14e9a3f617bc8c28e	d__Bacteria;p__Bacteroidota;c__Bacteroidia;o__Bacteroidales;f__Prevotellaceae;g__Prevotellaceae_NK3B31_group;s__	0.9987077197299566
03668a9f19b9de6d7915fc8e136af955	d__Bacteria;p__Firmicutes;c__Clostridia;o__Lachnospirales;f__Lachnospiraceae;g__Hungatella;s__	0.9962339004224807
d9296b90d5c5d0039d3a78499704de80	d__Bacteria;p__Firmicutes;c__Bacilli;o__Erysipelotrichales;f__Erysipelatoclostridiaceae;g__Erysipelatoclostridium;s__	0.755397198383016
c40f328c2156abe203cdb403a3aa8fdc	d__Bacteria;p__Firmicutes;c__Negativicutes;o__Veillonellales-Selenomonadales;f__Veillonellaceae;g__Veillonella;s__	0.999998344556096
ea5b582055a6f36877dcd11bf668fe29	d__Bacteria;p__Firmicutes;c__Clostridia;o__Lachnospirales;f__Lachnospiraceae;g__Hungatella;s__	0.9979952060201484
1f3a19618b561e92b2e5fb9789c101ac	d__Bacteria;p__Firmicutes;c__Bacilli;o__Lactobacillales;f__Streptococcaceae;g__Lactococcus;s__	0.999999815814479
4303297888f9408542035c2f50780f0d	d__Bacteria;p__Firmicutes;c__Clostridia;o__Oscillospirales;f__Ruminococcaceae;g__Ruminococcus;s__	0.7405851298358741
138d4ef750080374a3556f8f8f06c3ef	d__Bacteria;p__Firmicutes;c__Clostridia;o__Lachnospirales;f__Lachnospiraceae	0.9990211209975622
3b268d8fe6443a265330580c8db11972	d__Bacteria;p__Actinobacteriota;c__Coriobacteriia;o__Coriobacteriales;f__Eggerthellaceae;g__Slackia;s__	0.999747873050085
857f47b2d54030308beb62eddf13ff3e	d__Bacteria;p__Firmicutes;c__Clostridia;o__Lachnospirales;f__Lachnospiraceae;g__Dorea;s__	0.9526554331847868
a4eb7103f91002f0908d60aca1fe533b	d__Bacteria;p__Firmicutes;c__Clostridia;o__Lachnospirales;f__Lachnospiraceae	0.9990194456443577
28c0b094637c01fa9d3b17c32e858fb5	d__Bacteria;p__Firmicutes;c__Clostridia;o__Lachnospirales;f__Lachnospiraceae	0.9987239812223307
433ed5bc3786fd6e8da88acc85d41b8f	d__Bacteria;p__Firmicutes;c__Clostridia;o__Lachnospirales;f__Lachnospiraceae;g__Dorea;s__	0.9727984813805933
4ffe137a4428def524682e69aed22405	d__Bacteria;p__Proteobacteria;c__Gammaproteobacteria;o__Burkholderiales;f__Sutterellaceae;g__Parasutterella;s__	0.9999940699582378
c09ae77eddd1949b39ee85911f08b974	d__Bacteria;p__Firmicutes;c__Clostridia;o__Lachnospirales;f__Lachnospiraceae;g__Lachnospira;s__	0.9587567631843781
f4a11092808b55b96613b0bbf91e614c	d__Bacteria;p__Firmicutes;c__Clostridia;o__Lachnospirales;f__Lachnospiraceae;g__Lachnospira;s__	0.8865279139922679
3f68367830a15d92f5c4bc35a3cf573d	d__Bacteria;p__Firmicutes;c__Clostridia;o__Lachnospirales;f__Lachnospiraceae;g__Lachnospira;s__	0.9488347681938961
41f8c10d98c90170687117971550e31e	d__Bacteria;p__Firmicutes;c__Clostridia;o__Lachnospirales;f__Lachnospiraceae	0.9982197235606018
edd6bb786d02e1536d88d00102127491	d__Bacteria;p__Bacteroidota;c__Bacteroidia;o__Bacteroidales;f__Barnesiellaceae;g__Coprobacter;s__	0.8767537471462512
18a945604f2771fa68177f0e277a9e03	d__Bacteria;p__Firmicutes;c__Clostridia;o__Oscillospirales;f__Butyricicoccaceae;g__Butyricicoccus;s__	0.9996906823133669
3ec3148a50627a099830d9d723ff2cda	d__Bacteria;p__Firmicutes;c__Clostridia;o__Lachnospirales;f__Lachnospiraceae;g__Fusicatenibacter;s__	0.9338297090594032
c5e6efa114dcf8ce2753a0d974442d86	d__Bacteria;p__Firmicutes;c__Clostridia;o__Lachnospirales;f__Lachnospiraceae;g__Lachnospira;s__	0.9865768480837266
699cb19a1a44df14722657f8c62ae78e	d__Bacteria;p__Firmicutes;c__Clostridia;o__Lachnospirales;f__Lachnospiraceae;g__Lachnoclostridium;s__	0.7376313939022918
663d0352a123d857014ede1702a637e5	d__Bacteria;p__Firmicutes;c__Clostridia;o__Lachnospirales;f__Lachnospiraceae;g__Lachnospira;s__	0.9751561865374438
7d19758cb35f5450983123a8d8bf5135	d__Bacteria;p__Actinobacteriota;c__Actinobacteria;o__Actinomycetales;f__Actinomycetaceae;g__Actinomyces;s__	0.9839763869178015
84f7896691449bd059682e44517c8328	d__Bacteria;p__Actinobacteriota;c__Actinobacteria;o__Actinomycetales;f__Actinomycetaceae;g__Actinomyces;s__	0.9821651029173167
94b825253b3a0a0a22fce5df6c9d3f5a	d__Bacteria;p__Firmicutes;c__Clostridia;o__Lachnospirales;f__Lachnospiraceae;g__Fusicatenibacter;s__	0.8889088208001678
09baffc64ef75819fba80ee8aff4da10	d__Bacteria;p__Firmicutes;c__Bacilli;o__Erysipelotrichales;f__Erysipelotrichaceae;g__Holdemania;s__	0.9995667147245296
d1df9350bf95a47886f81fadab1fb2a4	d__Bacteria;p__Bacteroidota;c__Bacteroidia;o__Bacteroidales;f__Barnesiellaceae;g__Coprobacter;s__	0.9999983758512032
724914c73fb8680f0fda085aa88ca14b	d__Bacteria;p__Firmicutes;c__Clostridia;o__Lachnospirales;f__Lachnospiraceae;g__Blautia;s__	0.9161709065114269
3d0490f83a83f6ff158163d1a3328332	d__Bacteria;p__Proteobacteria;c__Gammaproteobacteria;o__Burkholderiales;f__Sutterellaceae;g__Parasutterella;s__	0.9999991656212542
60be432c64cd4c44af90352bc205089f	d__Bacteria;p__Firmicutes;c__Clostridia;o__Lachnospirales;f__Lachnospiraceae;g__Lachnospira;s__	0.868727192300694
60931fbc8e8831d38033ed681856c90c	d__Bacteria;p__Firmicutes;c__Clostridia;o__Lachnospirales;f__Lachnospiraceae;g__Fusicatenibacter;s__	0.9757910172374946
799f890c17afd8bb50f3cff9079e0d82	d__Bacteria;p__Firmicutes;c__Clostridia;o__Lachnospirales;f__Lachnospiraceae;g__Fusicatenibacter;s__	0.9429395674173415
ecdddb472eff98aed36a6fe1a9b6d423	d__Bacteria;p__Bacteroidota;c__Bacteroidia;o__Bacteroidales;f__Barnesiellaceae;g__Barnesiella;s__	0.999964593771199
84012b214ccf14a9e79c303e14c7507f	d__Bacteria;p__Firmicutes;c__Clostridia;o__Oscillospirales;f__Ruminococcaceae;g__Fournierella;s__	0.9984817817095366
fc3a79875066a1112cb3b9b75a45d491	d__Bacteria;p__Firmicutes;c__Clostridia;o__Oscillospirales;f__Ruminococcaceae;g__Fournierella;s__	0.998323188642174
2e40995d4f13f026d802392c2fe3b670	d__Bacteria;p__Firmicutes;c__Clostridia;o__Clostridiales;f__Clostridiaceae;g__Clostridium_sensu_stricto_1;s__	0.9838599206017955
ccb8ad91c52eb5cbb64bf9babf5b1a82	d__Bacteria;p__Firmicutes;c__Bacilli;o__Erysipelotrichales;f__Erysipelotrichaceae;g__Solobacterium;s__	0.9487691352941624
cb43a59f703d4c3850e3c375ca0a94b5	d__Bacteria;p__Proteobacteria;c__Gammaproteobacteria;o__Enterobacterales;f__Pasteurellaceae;g__Haemophilus;s__	0.9766523396762945
b9d121f787b6a3ab6ab9e8499e87933f	d__Bacteria;p__Actinobacteriota;c__Actinobacteria;o__Actinomycetales;f__Actinomycetaceae;g__Actinomyces;s__	0.9863933006344137
b5d225468bb3d5f696dfc86051ae03e8	d__Bacteria;p__Firmicutes;c__Bacilli;o__Lactobacillales;f__Streptococcaceae;g__Streptococcus;s__	0.9997176700954702
c77920832a09e1b3a35c0bd4d5708ca2	d__Bacteria;p__Firmicutes;c__Bacilli;o__Lactobacillales;f__Streptococcaceae;g__Streptococcus;s__	0.9999958247056693
6a0427fd76c61194112eed4ff2e1a0f9	d__Bacteria;p__Proteobacteria;c__Gammaproteobacteria;o__Pseudomonadales;f__Halomonadaceae;g__Halomonas;s__	0.8664227740000967
d9a0cfc06411f09fe847abdf291393d3	d__Bacteria;p__Firmicutes;c__Clostridia;o__Peptostreptococcales-Tissierellales;f__Peptostreptococcaceae;g__Romboutsia;s__	0.7513485577603344
a3efc5d126ceb66b7eb87bf0d610ba71	d__Bacteria;p__Patescibacteria;c__Saccharimonadia;o__Saccharimonadales;f__Saccharimonadaceae;g__TM7x;s__	0.9999362271997381
d09d5b90c63e570b33dc43a6c879aed8	d__Bacteria;p__Proteobacteria;c__Gammaproteobacteria;o__Pseudomonadales;f__Pseudomonadaceae;g__Pseudomonas;s__	0.997251730998906
fe8216cfa560bf07195c40ae21383a4d	d__Bacteria;p__Firmicutes;c__Bacilli;o__Lactobacillales;f__Streptococcaceae;g__Streptococcus;s__	0.9999784150991774
c298b84dcfcc26dc15fba591ee002844	d__Bacteria;p__Firmicutes;c__Clostridia;o__Clostridiales;f__Clostridiaceae;g__Clostridium_sensu_stricto_1;s__	0.9675954260120835
9f1ea34a7f8d432fa425ee8bc48fa169	d__Bacteria;p__Firmicutes;c__Clostridia;o__Oscillospirales;f__Ruminococcaceae;g__Faecalibacterium;s__	0.9992262886503173
4ff1411e5b02ef27f34bf3739cf92aa4	d__Bacteria;p__Firmicutes;c__Clostridia;o__Lachnospirales;f__Lachnospiraceae	0.9998971707072042
50720d68388023a661477d208bc92502	d__Bacteria;p__Firmicutes;c__Clostridia;o__Oscillospirales;f__Ruminococcaceae;g__Subdoligranulum;s__	0.9947338260062887
049d5fbc9bc21995f682baa446fbdfda	d__Bacteria;p__Firmicutes;c__Clostridia;o__Oscillospirales;f__Ruminococcaceae;g__Subdoligranulum;s__	0.9979152048788742
9edb75f630856a8e8345bce529e6be27	d__Bacteria;p__Firmicutes;c__Clostridia;o__Oscillospirales;f__Ruminococcaceae;g__Subdoligranulum;s__	0.9982485069461713
74d6aa5db232ce6c9074a8b463ee1dd5	d__Bacteria;p__Firmicutes;c__Clostridia;o__Lachnospirales;f__Lachnospiraceae	0.9975409381087867
e1b0fa7e7f88b1cb71fb8c17204caf02	d__Bacteria;p__Firmicutes;c__Clostridia;o__Lachnospirales;f__Lachnospiraceae;g__Lachnoclostridium;s__	0.827279453823033
030b0f58f1b4dc444874121f950c7f81	d__Bacteria;p__Firmicutes;c__Clostridia;o__Oscillospirales;f__Ruminococcaceae;g__Subdoligranulum;s__	0.9973684227211557
717496e7fd10da34332592b75dd5dd24	d__Bacteria;p__Firmicutes;c__Clostridia;o__Oscillospirales;f__Ruminococcaceae;g__Subdoligranulum;s__	0.9753577997109928
9b1aefce69362caffad6d0894a5ca45b	d__Bacteria;p__Firmicutes;c__Clostridia;o__Lachnospirales;f__Lachnospiraceae;g__Frisingicoccus;s__	0.9556622057217671
4062ec3a2c7a9cfe225487f22efe0e59	d__Bacteria;p__Firmicutes;c__Clostridia;o__Lachnospirales;f__Lachnospiraceae;g__Frisingicoccus;s__	0.8039416121095527
007d9bed7c9fbb7326e32c6dbf0a027a	d__Bacteria;p__Firmicutes;c__Clostridia;o__Lachnospirales;f__Lachnospiraceae	0.9994352208477834
2dd3d972528df7b451da946cfb099a13	d__Bacteria;p__Firmicutes;c__Clostridia;o__Lachnospirales;f__Lachnospiraceae	0.9995045427325819
f0885dd30ae8f9c52f83186df9b307a4	d__Bacteria;p__Firmicutes;c__Clostridia;o__Lachnospirales;f__Lachnospiraceae;g__Fusicatenibacter;s__	0.9986077896341705
6bf78c115c4e3aa601da641bfd87bb86	d__Bacteria;p__Firmicutes;c__Clostridia;o__Lachnospirales;f__Lachnospiraceae;g__Dorea;s__	0.8854519419002191
d5c4a2c9a068d015cd6fa85c587bf954	d__Bacteria;p__Firmicutes;c__Clostridia;o__Lachnospirales;f__Lachnospiraceae;g__[Ruminococcus]_torques_group;s__	0.955708905222813
caa37f20c04a11827a0b00003f97a996	d__Bacteria;p__Firmicutes;c__Clostridia;o__Lachnospirales;f__Lachnospiraceae;g__Blautia;s__	0.9270031828897074
1fa1e5d324384273ad2adfeb07eb9897	d__Bacteria;p__Firmicutes;c__Clostridia;o__Oscillospirales;f__Oscillospiraceae	0.9816874966657503
f1d90f7bf8d7f880db17bcad8e4b3c69	d__Bacteria;p__Firmicutes;c__Clostridia;o__Lachnospirales;f__Lachnospiraceae;g__Blautia;s__	0.9197343790636833
a3ed1c5d9959da252abaead404d374f6	d__Bacteria;p__Firmicutes;c__Bacilli;o__Erysipelotrichales;f__Erysipelotrichaceae;g__Holdemania;s__	0.9745418241192095
b02eef837650f58ac298427c513ea913	d__Bacteria;p__Firmicutes;c__Clostridia;o__Lachnospirales;f__Lachnospiraceae;g__Fusicatenibacter;s__	0.999315812994711
c02e71383f7a127ddd6e7b7b8317dd60	d__Bacteria;p__Firmicutes;c__Clostridia;o__Lachnospirales;f__Lachnospiraceae;g__[Eubacterium]_fissicatena_group;s__	0.7119618424395006
f3e8df7d3f45eaf787ca5e555787b62f	d__Bacteria;p__Firmicutes;c__Clostridia;o__Lachnospirales;f__Lachnospiraceae;g__Blautia;s__	0.8267445513139151
5abef0e0fb42b4696586d36dfbde82e2	d__Bacteria;p__Firmicutes;c__Clostridia;o__Peptostreptococcales-Tissierellales;f__Peptostreptococcaceae;g__Intestinibacter;s__	0.984940304960682
9ec53393e3247789732ee96133becbf7	d__Bacteria;p__Firmicutes;c__Clostridia;o__Lachnospirales;f__Lachnospiraceae	0.9887734479305
d7703cde02217b074041f7c15eeb5b3b	d__Bacteria;p__Firmicutes;c__Clostridia;o__Oscillospirales;f__Butyricicoccaceae;g__Butyricicoccus;s__	0.9985362173786152
5f4a5dd819cfbe631d627bc4bfb55244	d__Bacteria;p__Firmicutes;c__Clostridia;o__Lachnospirales;f__Lachnospiraceae;g__[Ruminococcus]_gauvreauii_group;s__	0.819355699026237
2f81ae57592b300ff6303b1ca31238e6	d__Bacteria;p__Actinobacteriota;c__Coriobacteriia;o__Coriobacteriales;f__Eggerthellaceae;g__Paraeggerthella;s__	0.9999677145962114
7b82645fc1567a91a910b8f30fec453d	d__Bacteria;p__Firmicutes;c__Clostridia;o__Lachnospirales;f__Lachnospiraceae	0.9939393649806813
da80ae5dd614df0bb53ca35327644aa3	d__Bacteria;p__Firmicutes;c__Clostridia;o__Oscillospirales;f__Ruminococcaceae	0.7909078632427413
2b9a9e11b9ccb8ca902fa416493e39cd	d__Bacteria;p__Firmicutes;c__Clostridia;o__Lachnospirales;f__Lachnospiraceae;g__[Ruminococcus]_torques_group;s__	0.8385383412616173
bb230d2e40a9307ea8417ca4cedc633a	d__Bacteria;p__Firmicutes;c__Clostridia;o__Lachnospirales;f__Lachnospiraceae;g__Blautia;s__	0.829339265403706
f4786301a3c928b6aa2a815ba91198d0	d__Bacteria;p__Firmicutes;c__Clostridia;o__Lachnospirales;f__Lachnospiraceae;g__Blautia;s__	0.809412985058078
84992f2d2a9b06eac1f682013600b0d9	d__Bacteria;p__Firmicutes;c__Bacilli;o__Erysipelotrichales;f__Erysipelotrichaceae;g__[Clostridium]_innocuum_group;s__	0.9994826865560771
adda1ea6e134733c744128c696eabdc4	d__Bacteria;p__Actinobacteriota;c__Actinobacteria;o__Actinomycetales;f__Actinomycetaceae;g__Actinomyces;s__	0.9720908696735688
6e2e8764df5c5fd0cdf3c2800c89d0cf	d__Bacteria;p__Firmicutes;c__Clostridia;o__Lachnospirales;f__Lachnospiraceae;g__Lachnospiraceae_ND3007_group;s__	0.9997672000706137
375ffcf846c19cc9be2fc76626f38e92	d__Bacteria;p__Firmicutes;c__Clostridia;o__Lachnospirales;f__Lachnospiraceae;g__Blautia;s__	0.9030200296971987
593d71bd2a34c5d5dcd22ef21a3cb8af	d__Bacteria;p__Firmicutes;c__Bacilli;o__Erysipelotrichales;f__Erysipelotrichaceae;g__Holdemanella;s__	0.999993810456913
9707c9b4bb0cbbbbf7825b979b4b8da8	d__Bacteria;p__Proteobacteria;c__Gammaproteobacteria;o__Enterobacterales;f__Enterobacteriaceae;g__Raoultella;s__	0.7410931654477655
d091bd5f0917caa327396bd978f1f104	d__Bacteria;p__Proteobacteria;c__Gammaproteobacteria;o__Enterobacterales;f__Morganellaceae;g__Providencia;s__	0.9987601423217582
5ca76019fada2d998c9aeccc14f21866	d__Bacteria;p__Actinobacteriota;c__Coriobacteriia;o__Coriobacteriales;f__Coriobacteriaceae;g__Collinsella;s__	0.997894836845948
13ffa8a3c84215131db3bf3957476436	d__Bacteria;p__Proteobacteria;c__Gammaproteobacteria;o__Enterobacterales;f__Morganellaceae;g__Providencia;s__	0.9989945105095978
f275e45e560894b559b5ed160b49bb6d	d__Bacteria;p__Actinobacteriota;c__Coriobacteriia;o__Coriobacteriales;f__Coriobacteriaceae;g__Collinsella;s__	0.9999633940342689
be2209119d8b4b6490f4476bbe03875a	d__Bacteria;p__Proteobacteria;c__Gammaproteobacteria;o__Enterobacterales;f__Morganellaceae;g__Morganella;s__	0.9999777744721345
877a8659a891483a530509ea5051ca77	d__Bacteria;p__Actinobacteriota;c__Coriobacteriia;o__Coriobacteriales;f__Coriobacteriaceae;g__Collinsella;s__	0.9975191002535502
94a3034e086c4a03d48a1ac009becfbb	d__Bacteria;p__Firmicutes;c__Clostridia;o__Lachnospirales;f__Lachnospiraceae;g__[Eubacterium]_hallii_group;s__	0.9866023322246827
f0b5e24ecd7b9e5a747f15d1b68e3865	d__Bacteria;p__Proteobacteria;c__Gammaproteobacteria;o__Enterobacterales;f__Morganellaceae;g__Providencia;s__	0.9986832900516556
ee890de4445bcda689dab71591096c05	d__Bacteria;p__Firmicutes;c__Clostridia;o__Lachnospirales;f__Lachnospiraceae;g__[Eubacterium]_hallii_group;s__	0.9907515482285983
29947c797977eddd2a97c8064ebfbb05	d__Bacteria;p__Firmicutes;c__Clostridia;o__Lachnospirales;f__Lachnospiraceae;g__[Ruminococcus]_torques_group;s__	0.8030224436665249
ca22732736ab64e09e6878afcf8f3c81	d__Bacteria;p__Firmicutes;c__Negativicutes;o__Veillonellales-Selenomonadales;f__Veillonellaceae;g__Megasphaera;s__	0.9979339661204504
208ea5387889c7497fd6667af65c725c	d__Bacteria;p__Firmicutes;c__Clostridia;o__Oscillospirales;f__Ruminococcaceae;g__Faecalibacterium;s__	0.9994946347956776
78019b43e49d107f49985d2f735b9654	d__Bacteria;p__Firmicutes;c__Clostridia;o__Oscillospirales;f__Ruminococcaceae;g__Faecalibacterium;s__	0.9982117974990674
fa24d80570d32d4543bc1a925966bfed	d__Bacteria;p__Proteobacteria;c__Gammaproteobacteria;o__Enterobacterales;f__Morganellaceae;g__Providencia;s__	0.9971567277190336
70f87a40db36a493e91dcdd21eb48225	d__Bacteria;p__Firmicutes;c__Clostridia;o__Lachnospirales;f__Lachnospiraceae;g__Dorea;s__	0.9557083118129653
e62d279b1eecfa4be89475746e26e72f	d__Bacteria;p__Firmicutes;c__Clostridia;o__Oscillospirales;f__Ruminococcaceae;g__Subdoligranulum;s__	0.9849522674368505
ccaf12cdae0c3329d99eabb7eb32dacf	d__Bacteria;p__Firmicutes;c__Clostridia;o__Lachnospirales;f__Lachnospiraceae	0.9978326738342205
8916df1c6c57cbb1c83caf8302e33bac	d__Bacteria;p__Firmicutes;c__Clostridia;o__Lachnospirales;f__Lachnospiraceae	0.9995825589096832
e000f3429fc5daae8b67744ff5ad1bfc	d__Bacteria;p__Proteobacteria;c__Gammaproteobacteria;o__Enterobacterales;f__Morganellaceae;g__Morganella;s__	0.9998882095110397
0537261d0ccc0c02debacdd8e4721c98	d__Bacteria;p__Firmicutes;c__Negativicutes;o__Veillonellales-Selenomonadales;f__Veillonellaceae;g__Megasphaera;s__	0.9976457888637209
1af0a965ed95ed264f038b00b5b99e9e	d__Bacteria;p__Firmicutes;c__Clostridia;o__Lachnospirales;f__Lachnospiraceae	0.9985806287938916
688ddcf6455cf60e5af96014bcf772a8	d__Bacteria;p__Firmicutes;c__Clostridia;o__Lachnospirales;f__Lachnospiraceae	0.9975511411951458
b82e2ad1f678bf31d32f7c42e99b092a	d__Bacteria;p__Firmicutes;c__Clostridia;o__Monoglobales;f__Monoglobaceae;g__Monoglobus;s__	0.9973624499574988
41d92a9e72ffcae3d07f6f2a7e172e31	d__Bacteria;p__Firmicutes;c__Clostridia;o__Oscillospirales;f__Ruminococcaceae;g__Faecalibacterium;s__	0.9966421890577634
0ef0aa1c970e10682a91502ddfe02125	d__Bacteria;p__Firmicutes;c__Clostridia;o__Lachnospirales;f__Lachnospiraceae;g__Dorea;s__	0.9617004721412165
e4ec2ac7d2718a48f96ceacdbae08bcd	d__Bacteria;p__Proteobacteria;c__Gammaproteobacteria;o__Enterobacterales	0.9999989474610307
d3183afa224cf9d4b202a6e7c340637d	d__Bacteria;p__Firmicutes;c__Clostridia;o__Oscillospirales;f__Ruminococcaceae;g__Faecalibacterium;s__	0.9986975612712296
088d22181a9c8cac9c3d7fa4c3200645	d__Bacteria;p__Firmicutes;c__Clostridia	0.7534813071800408
89c69cbec508a015d497f5a3c0441674	d__Bacteria;p__Firmicutes;c__Bacilli;o__Lactobacillales;f__Streptococcaceae;g__Streptococcus;s__	0.9999800114780696
58bc3e93f24ef97d108dcb6d2967d59e	d__Bacteria;p__Firmicutes;c__Clostridia;o__Lachnospirales;f__Lachnospiraceae	0.9988868200290306
a0e86345c1cd9cc6edd4cc14463e64b8	d__Bacteria;p__Firmicutes;c__Clostridia;o__Lachnospirales;f__Lachnospiraceae	0.9996889224136782
4b6def49030a0b8552d25ae298c689e1	d__Bacteria;p__Firmicutes;c__Clostridia;o__Lachnospirales;f__Lachnospiraceae;g__Dorea;s__	0.9486259849178321
51e82debd00b15232f48885ae6d69a7e	d__Bacteria;p__Proteobacteria;c__Gammaproteobacteria;o__Enterobacterales;f__Morganellaceae;g__Morganella;s__	0.9999710853802902
50644a00711181ba16c28833000dba5d	d__Bacteria;p__Bacteroidota;c__Bacteroidia;o__Bacteroidales;f__Bacteroidaceae;g__Bacteroides;s__	0.9949850270658784
810b51362c206b6ce92419c3a6a64a76	d__Bacteria;p__Firmicutes;c__Bacilli;o__Lactobacillales;f__Streptococcaceae;g__Streptococcus;s__	0.9998703164356164
a3189817687f0080ce370d6dba9c8a2a	d__Bacteria;p__Firmicutes;c__Clostridia;o__Lachnospirales;f__Lachnospiraceae	0.999493366069221
b01408f19945187566af956a13844040	d__Bacteria;p__Firmicutes;c__Negativicutes;o__Veillonellales-Selenomonadales;f__Veillonellaceae;g__Veillonellaceae;s__	0.9598462845058535
7ac8776fec253f7e6452e856eff25699	d__Bacteria;p__Firmicutes;c__Clostridia;o__Lachnospirales;f__Lachnospiraceae;g__Dorea;s__	0.943485196079534
328b13e85709e08f12687027ba3beaac	d__Bacteria;p__Actinobacteriota;c__Coriobacteriia;o__Coriobacteriales;f__Coriobacteriaceae;g__Collinsella;s__	0.9996731013236537
4bfed2f2602dac249dd20cf52687395d	d__Bacteria;p__Firmicutes;c__Clostridia;o__Lachnospirales;f__Lachnospiraceae	0.9997370506152965
4d18eaddaac6aa9b6c56a44bf54e34f1	d__Bacteria;p__Firmicutes;c__Bacilli;o__Staphylococcales;f__Gemellaceae;g__Gemella;s__	0.999999349220586
bfe0d9ae0e8c0396e3600125bc021188	d__Bacteria;p__Firmicutes;c__Clostridia;o__Oscillospirales;f__Ruminococcaceae;g__Subdoligranulum;s__	0.9696199397963737
85bae34337eec52ada4d6598fff522db	d__Bacteria;p__Actinobacteriota;c__Coriobacteriia;o__Coriobacteriales;f__Eggerthellaceae	0.9999985127925033
ce9996a7902d87cff8c6e8d866c2212f	d__Bacteria;p__Firmicutes;c__Clostridia	0.9907083147846575
86a330570282175dfec84e5d824afe9c	d__Bacteria;p__Firmicutes;c__Bacilli;o__Lactobacillales;f__Streptococcaceae;g__Streptococcus;s__	0.9999948597900304
f4e87889971215df86762485dd95bd83	d__Bacteria;p__Firmicutes;c__Clostridia;o__Clostridiales;f__Clostridiaceae;g__Clostridium_sensu_stricto_1;s__	0.9921184805846217
b1e6eb7313e3e84647bfe96e70cf8829	d__Bacteria;p__Firmicutes;c__Bacilli;o__Lactobacillales;f__Streptococcaceae;g__Streptococcus;s__	0.9999728765480705
a9a86897681cee03df87136b138e3cb6	d__Bacteria;p__Firmicutes;c__Clostridia;o__Lachnospirales;f__Lachnospiraceae;g__Lachnoclostridium;s__	0.7731741350411895
549c5c8b41a7d19c66cfea353c5f3bfe	d__Bacteria;p__Firmicutes;c__Bacilli;o__Staphylococcales;f__Gemellaceae;g__Gemella;s__	0.999998950981261
b5a7178e2b43a2d28281997c4b6c3e8c	d__Bacteria;p__Proteobacteria;c__Gammaproteobacteria;o__Enterobacterales	0.9999989101796998
e5145d7a7bb1e9de34c7b9674588e516	d__Bacteria;p__Firmicutes;c__Clostridia;o__Lachnospirales;f__Lachnospiraceae	0.9985446636387847
d2580a4cf1dd31745d6d31efb8630a45	d__Bacteria;p__Proteobacteria;c__Gammaproteobacteria;o__Enterobacterales;f__Enterobacteriaceae	0.8646681608529045
7ce44d60e134dfc5742fa92a36b959b3	d__Bacteria;p__Firmicutes;c__Negativicutes;o__Veillonellales-Selenomonadales;f__Veillonellaceae;g__Megasphaera;s__	0.999940872476652
c18528223f68ebfbce3013e2545b98dc	d__Bacteria;p__Firmicutes;c__Clostridia;o__Lachnospirales;f__Lachnospiraceae	0.9977507124118691
ceed3e12688534b6b9f2808003e97948	d__Bacteria;p__Bacteroidota;c__Bacteroidia;o__Bacteroidales;f__Bacteroidaceae;g__Bacteroides;s__	0.9995325924909093
5e8ccd7585aa653df571c5bae8b9f6b9	d__Bacteria;p__Firmicutes;c__Negativicutes;o__Veillonellales-Selenomonadales;f__Veillonellaceae;g__Megasphaera;s__	0.9999730832245317
728327da23523b1057a9ae9a5bd03eaf	d__Bacteria;p__Firmicutes;c__Bacilli;o__Lactobacillales;f__Streptococcaceae;g__Streptococcus;s__	0.9997563331123382
db83c3e9343f2957585bcb2e8cfaf6a6	d__Bacteria;p__Firmicutes;c__Negativicutes;o__Veillonellales-Selenomonadales;f__Veillonellaceae;g__Megasphaera;s__	0.9998636353192347
253c4e25e60fe072e7ed6a2f9f1d7dfb	d__Bacteria;p__Firmicutes;c__Negativicutes;o__Veillonellales-Selenomonadales;f__Veillonellaceae;g__Megasphaera;s__	0.9995578394269732
5e66b54d0759c998ffb5ce1e43aac257	d__Bacteria;p__Firmicutes;c__Negativicutes;o__Veillonellales-Selenomonadales;f__Veillonellaceae;g__Megasphaera;s__	0.9999722851364239
e4a8c0e5de7457c5170859419f9253f2	d__Bacteria;p__Firmicutes;c__Clostridia;o__Oscillospirales;f__Ruminococcaceae;g__Faecalibacterium;s__	0.9987906691777643
0426ffdcd31cff294484b1fe9ba48c2c	d__Bacteria;p__Firmicutes;c__Clostridia;o__Lachnospirales;f__Lachnospiraceae;g__Agathobacter;s__	0.9768125939920707
0f6f86988c3dbf91b52d4c3f441d176c	d__Bacteria;p__Firmicutes;c__Clostridia;o__Lachnospirales;f__Lachnospiraceae	0.997095178348688
d35d73e1e3e62aa6c00b05fdb77f6b47	d__Bacteria;p__Firmicutes;c__Bacilli;o__Lactobacillales;f__Streptococcaceae;g__Streptococcus;s__	0.9996749234536976
46d8a15fc5b891a08058e2532b07f647	d__Bacteria;p__Firmicutes;c__Clostridia;o__Lachnospirales;f__Lachnospiraceae	0.9996092008750433
ca755fb306319e012c8794880d7c126b	d__Bacteria;p__Firmicutes;c__Clostridia;o__Lachnospirales;f__Lachnospiraceae	0.999879822695804
3173d09dad3e27be104bb57b851101ba	d__Bacteria;p__Firmicutes;c__Clostridia;o__Lachnospirales;f__Lachnospiraceae	0.999630174217255
ca7fcc6b7ad12f3fe022aedd39c1487a	d__Bacteria;p__Firmicutes;c__Clostridia;o__Lachnospirales;f__Lachnospiraceae	0.9935442560383945
4eea0f68db8571a8b9d166dc5f959dc9	d__Bacteria;p__Firmicutes;c__Clostridia;o__Lachnospirales;f__Lachnospiraceae;g__Lachnospira;s__	0.862068864105836
5bebe678b71556ead20f161bb47f29d8	d__Bacteria;p__Proteobacteria;c__Gammaproteobacteria;o__Enterobacterales	0.9999996812907662
17b5233c43fc88460bb2463222e7eb20	d__Bacteria;p__Firmicutes;c__Clostridia;o__Lachnospirales;f__Lachnospiraceae;g__Anaerostipes;s__	0.9980426008712825
dd8ac30400778eb92a0628080a250066	d__Bacteria;p__Firmicutes;c__Bacilli;o__Lactobacillales;f__Streptococcaceae;g__Streptococcus;s__	0.9990466253459769
195c7ecd687398f0c5806284576cb7ff	d__Bacteria;p__Firmicutes;c__Clostridia;o__Oscillospirales;f__Oscillospiraceae;g__UCG-003;s__	0.9818395176112007
69ed996ba56b51d8c310ab853ee66c34	d__Bacteria;p__Firmicutes;c__Clostridia;o__Lachnospirales;f__Lachnospiraceae;g__Blautia;s__	0.8656925780071658
a27a21a8bc2e27c088e9eec25aaf402a	d__Bacteria;p__Proteobacteria;c__Gammaproteobacteria;o__Enterobacterales;f__Enterobacteriaceae;g__Escherichia-Shigella;s__	0.7002458603782088
d3d81a5c021a0c29d4b7fe757e4fd2c5	d__Bacteria;p__Firmicutes;c__Clostridia;o__Lachnospirales;f__Lachnospiraceae;g__Blautia;s__	0.8828129705193873
04b05401a5e1632e31116985d5b3e823	d__Bacteria;p__Proteobacteria;c__Gammaproteobacteria;o__Enterobacterales;f__Enterobacteriaceae	0.9458102362503213
6f795e6e2af1fc5314b84954b052ad8f	d__Bacteria;p__Firmicutes;c__Clostridia;o__Lachnospirales;f__Lachnospiraceae;g__Lachnoclostridium;s__	0.716550344864197
5c1e24c910bea5d4cb27338418eb3b51	d__Bacteria;p__Firmicutes;c__Clostridia;o__Lachnospirales;f__Lachnospiraceae	0.9998451585695158
2190170b01516023221822714bb2b435	d__Bacteria;p__Firmicutes;c__Clostridia;o__Oscillospirales;f__Ruminococcaceae;g__Faecalibacterium;s__	0.998312030470266
37926c8cb4783cc34e6bbd6d879cce28	d__Bacteria;p__Firmicutes;c__Bacilli;o__Lactobacillales;f__Streptococcaceae;g__Streptococcus;s__	0.9995514197593033
902fcbb363959be63285fccc11abf82a	d__Bacteria;p__Firmicutes;c__Clostridia;o__Oscillospirales;f__Butyricicoccaceae;g__Butyricicoccus;s__	0.9999216758095755
e2229262d99e26b3ca073c3eeda9e956	d__Bacteria;p__Bacteroidota;c__Bacteroidia;o__Bacteroidales;f__Marinifilaceae;g__Odoribacter;s__	0.9999838580816031
da04847bef9232ac107accad82351193	d__Bacteria;p__Bacteroidota;c__Bacteroidia;o__Bacteroidales;f__Tannerellaceae;g__Tannerellaceae;s__	0.9958461045863451
e6a647b02a2ced3c247ec46e9de79873	d__Bacteria;p__Firmicutes;c__Clostridia;o__Lachnospirales;f__Lachnospiraceae	0.9993490740302454
e8c9acf2debab515c6f0de12a45808c8	d__Bacteria;p__Actinobacteriota;c__Actinobacteria;o__Bifidobacteriales;f__Bifidobacteriaceae;g__Bifidobacterium;s__	0.9993933006778993
7b9d109a142e953e2bd5b77bd748dd51	d__Bacteria;p__Firmicutes;c__Clostridia;o__Lachnospirales;f__Lachnospiraceae;g__Blautia;s__	0.9626432709718135
90b3e8671dcd49f9ed6200e65c0f9ec5	d__Bacteria;p__Firmicutes;c__Bacilli;o__Erysipelotrichales;f__Erysipelatoclostridiaceae;g__Erysipelatoclostridium;s__	0.9226023790318527
668d3221619c85fc22c3eeaeb83b3381	d__Bacteria;p__Firmicutes;c__Clostridia;o__Lachnospirales;f__Lachnospiraceae	0.9992785048512925
43dc16f193a1873a135937e2009eff81	d__Bacteria;p__Firmicutes;c__Clostridia;o__Oscillospirales;f__Oscillospiraceae;g__Flavonifractor;s__	0.999973022215168
4dbeaca53e9f9f3e628309ca4d16834f	d__Bacteria;p__Firmicutes;c__Bacilli;o__Lactobacillales;f__P5D1-392;g__P5D1-392;s__	0.7346079149965241
d7fbe29e67a3178895637b8cdd4c2cdc	d__Bacteria;p__Firmicutes;c__Bacilli;o__Lactobacillales;f__Streptococcaceae;g__Streptococcus;s__	0.9999156570215814
e09c5d87f65eef92b84f8cfad1102599	d__Bacteria;p__Firmicutes;c__Clostridia;o__Lachnospirales;f__Lachnospiraceae	0.9993407545640787
762f1fe3bab2b805ea8f51ce87aff190	d__Bacteria;p__Bacteroidota;c__Bacteroidia;o__Bacteroidales;f__Bacteroidaceae;g__Bacteroides;s__	0.9962220525577151
616e4cc2c427f64702cdbe28e183f20f	d__Bacteria;p__Firmicutes;c__Clostridia;o__Peptostreptococcales-Tissierellales;f__Peptostreptococcaceae;g__Romboutsia;s__	0.7450814159621736
3f8b185a9cf7e2f371690618b0ca69d4	d__Bacteria;p__Firmicutes;c__Clostridia;o__Lachnospirales;f__Lachnospiraceae	0.9631359634987074
a511d269d54a5ad04b8a679bf5566d0b	d__Bacteria;p__Firmicutes;c__Negativicutes;o__Veillonellales-Selenomonadales;f__Veillonellaceae;g__Veillonellaceae;s__	0.8021781270698328
db28ec9737668c2b80fb0a321442a67f	d__Bacteria;p__Proteobacteria;c__Gammaproteobacteria;o__Enterobacterales;f__Enterobacteriaceae	0.9074812339897063
68d8654984330644c8061e0e21cf00db	d__Bacteria;p__Firmicutes;c__Clostridia;o__Oscillospirales;f__Ruminococcaceae;g__Faecalibacterium;s__	0.994266628059649
091db9b6fd451a994caaf29277c7f2b0	d__Bacteria;p__Firmicutes;c__Clostridia;o__Oscillospirales;f__Ruminococcaceae;g__Faecalibacterium;s__	0.9996945438806455
641a6aded2ac43df8a5e0134a678324c	d__Bacteria;p__Firmicutes;c__Clostridia;o__Peptostreptococcales-Tissierellales;f__Peptostreptococcaceae;g__Intestinibacter;s__	0.9880482669723669
386b839d67915d9339de72172a11ff59	d__Bacteria;p__Bacteroidota;c__Bacteroidia;o__Bacteroidales;f__Tannerellaceae;g__Parabacteroides;s__	0.9997362823372813
d19a5c059ebb41e7f3a680aa59e64d24	d__Bacteria;p__Firmicutes;c__Clostridia;o__Oscillospirales;f__Ruminococcaceae;g__Ruminococcus;s__	0.9802738638560392
46a4da4fa36991d08832343bd5f3c8c5	d__Bacteria;p__Firmicutes;c__Clostridia;o__Oscillospirales;f__Ruminococcaceae;g__Subdoligranulum;s__	0.9961931265890056
038ce169c4d10c055461b73990e992e8	d__Bacteria;p__Firmicutes;c__Clostridia;o__Oscillospirales;f__Ruminococcaceae;g__Faecalibacterium;s__	0.9996080203836499
810a24fd513472100626f63cf19833ca	d__Bacteria;p__Firmicutes;c__Clostridia;o__Oscillospirales;f__Oscillospiraceae	0.9082896503199361
b64a1bfe5787179f36c378442a389fb9	d__Bacteria;p__Firmicutes;c__Clostridia;o__Lachnospirales;f__Lachnospiraceae;g__Blautia;s__	0.9467875870012017
54db73b7dab004786e5d8080081743cc	d__Bacteria;p__Firmicutes;c__Clostridia;o__Lachnospirales;f__Lachnospiraceae;g__Anaerostipes;s__	0.9934293387700818
4649f5e531bdf8e304d1ca4b01e5bebb	d__Bacteria;p__Firmicutes;c__Clostridia;o__Oscillospirales;f__Butyricicoccaceae;g__UCG-008;s__	0.9530764968927141
0b054d0a562fba71bd8199b260d7ecfc	d__Bacteria;p__Bacteroidota;c__Bacteroidia;o__Bacteroidales;f__Bacteroidaceae;g__Bacteroides;s__	0.9853265606768292
351d91d6439a9482a16ac94447f8270f	d__Bacteria;p__Firmicutes;c__Clostridia;o__Oscillospirales;f__Oscillospiraceae	0.7121605680729522
c4072cb0933c8e50eca6f4e828c28121	d__Bacteria;p__Firmicutes;c__Clostridia;o__Oscillospirales;f__[Eubacterium]_coprostanoligenes_group;g__[Eubacterium]_coprostanoligenes_group;s__	0.8585656203600984
50118f57b1da0b89225204079eea85f8	d__Bacteria;p__Firmicutes;c__Clostridia;o__Lachnospirales;f__Lachnospiraceae;g__[Eubacterium]_hallii_group;s__	0.9506518538415415
b41ddd4ecbd84f9cce4c4b84a319ffee	d__Bacteria;p__Firmicutes;c__Clostridia;o__Lachnospirales;f__Lachnospiraceae	0.9945901419940719
13366b980682d21ad4e575104e96d1cf	d__Bacteria;p__Firmicutes;c__Clostridia;o__Lachnospirales;f__Lachnospiraceae;g__Fusicatenibacter;s__	0.998138434782295
cb75c348cbf2619a2f7fb37da2d0a9a4	d__Bacteria;p__Firmicutes;c__Clostridia;o__Clostridiales;f__Clostridiaceae;g__Clostridium_sensu_stricto_1;s__	0.9940084785877369
d27ad864c1ba6eb03b20698d94e2c21b	d__Bacteria;p__Firmicutes;c__Clostridia;o__Clostridiales;f__Clostridiaceae;g__Clostridium_sensu_stricto_1;s__	0.995201676384107
70f62cf4fb7073762db550ebbedc29d0	d__Bacteria;p__Firmicutes;c__Clostridia;o__Lachnospirales;f__Lachnospiraceae	0.9884339120642998
52f1e984ec3a6c15a08e465d63ff5498	d__Bacteria;p__Firmicutes;c__Clostridia;o__Oscillospirales;f__Oscillospiraceae;g__Pseudoflavonifractor;s__	0.7260753130252693
f2f81875a46da2a1ad3e65f387ce3c07	d__Bacteria;p__Firmicutes;c__Clostridia;o__Lachnospirales;f__Lachnospiraceae;g__[Eubacterium]_hallii_group;s__	0.9497758463570305
a86139b0e4fdd8d29b8cc7cc66d5877a	d__Bacteria;p__Firmicutes;c__Clostridia;o__Lachnospirales;f__Lachnospiraceae;g__Blautia;s__	0.9596341354934239
0cd3cf275a3f0a2cfe7b7960264eb6cd	d__Bacteria;p__Firmicutes;c__Clostridia;o__Oscillospirales	0.8958617727969815
6a7d392974ec64612b3a558946b62d9a	d__Bacteria;p__Firmicutes;c__Clostridia;o__Lachnospirales;f__Lachnospiraceae	0.9996375093079127
b1cb886002cc3154ece17df457ad189b	d__Bacteria;p__Firmicutes;c__Clostridia;o__Lachnospirales;f__Lachnospiraceae;g__[Ruminococcus]_gnavus_group;s__	0.968499493376167
7569b7870fcd14c3ad591841ffb61348	d__Bacteria;p__Firmicutes;c__Clostridia;o__Clostridiales;f__Clostridiaceae;g__Clostridium_sensu_stricto_1;s__	0.9938121413028226
d890d0bfa65a58aac75a74bc8eb11b4b	d__Bacteria;p__Firmicutes;c__Negativicutes;o__Veillonellales-Selenomonadales;f__Veillonellaceae;g__Veillonella;s__	0.9158115810973139
97b21542978796aa616f3cdcdfef0a69	d__Bacteria;p__Actinobacteriota;c__Coriobacteriia;o__Coriobacteriales;f__Eggerthellaceae;g__CHKCI002;s__	0.9995500855097079
a595cdfcf330150b447a1072b29a5a54	d__Bacteria;p__Firmicutes;c__Clostridia;o__Lachnospirales;f__Lachnospiraceae	0.9995958729174332
f6f3ac22f451e00ed8da15c678c7885d	d__Bacteria;p__Firmicutes;c__Clostridia;o__Clostridia_UCG-014;f__Clostridia_UCG-014;g__Clostridia_UCG-014;s__	0.9999704541861119
473518c3d8e6ceb9127e237c96015678	d__Bacteria;p__Proteobacteria;c__Gammaproteobacteria;o__Burkholderiales;f__Sutterellaceae;g__Sutterella;s__	0.9972077964606972
f737fe1846527ca219b121ad3d8a4489	d__Bacteria;p__Bacteroidota;c__Bacteroidia;o__Bacteroidales;f__Bacteroidaceae;g__Bacteroides;s__	0.9145408826679832
5d71b533a656bb412edd0ecf8bd6d5eb	d__Bacteria;p__Proteobacteria;c__Gammaproteobacteria;o__Burkholderiales;f__Sutterellaceae;g__Sutterella;s__	0.9979489420492929
ed1a2b17bf83f8c4fc7f11d4b7ff1f34	d__Bacteria;p__Bacteroidota;c__Bacteroidia;o__Bacteroidales;f__Bacteroidaceae;g__Bacteroides;s__	0.9999561201821666
730e5694f7bde005beaf207a0298148f	d__Bacteria;p__Actinobacteriota;c__Coriobacteriia;o__Coriobacteriales;f__Coriobacteriaceae;g__Collinsella;s__	0.9999624254683985
043a7c245355622eace3ac8c86547535	d__Bacteria;p__Firmicutes;c__Clostridia;o__Oscillospirales;f__[Eubacterium]_coprostanoligenes_group;g__[Eubacterium]_coprostanoligenes_group;s__	0.8806943894587326
b91586904ebd78c3ce474c25056b7a6e	d__Bacteria;p__Firmicutes;c__Clostridia;o__Lachnospirales;f__Lachnospiraceae;g__Anaerostipes;s__	0.9787794497998273
aa94cbdb94cf53e8a2d7563ccc5f3c66	d__Bacteria;p__Firmicutes;c__Clostridia;o__Oscillospirales;f__[Eubacterium]_coprostanoligenes_group;g__[Eubacterium]_coprostanoligenes_group;s__	0.8720494327036181
76c8dba4d2c3ad5299f950263b612fe7	d__Bacteria;p__Firmicutes;c__Clostridia;o__Oscillospirales	0.7166611236241704
0610d26da8ecc4da1356837681206643	d__Bacteria;p__Firmicutes;c__Clostridia;o__Clostridia_UCG-014;f__Clostridia_UCG-014;g__Clostridia_UCG-014;s__	0.9999852478576813
4508eaf8763136d935a94bd9e187cc55	d__Bacteria;p__Firmicutes;c__Clostridia;o__Christensenellales;f__Christensenellaceae;g__Christensenellaceae_R-7_group;s__	0.7825223518277244
70860dbbc94c3c2335a0d0d5b7bf46d6	d__Bacteria;p__Firmicutes;c__Clostridia;o__Clostridia_UCG-014;f__Clostridia_UCG-014;g__Clostridia_UCG-014;s__	0.9999900336492377
3e70b19e38d5039dfa8852ca687f066d	d__Bacteria;p__Firmicutes;c__Clostridia;o__Oscillospirales;f__Ruminococcaceae;g__Subdoligranulum;s__	0.995234095553667
3d4b386f7481c59614136f1b46f865ce	d__Bacteria;p__Firmicutes;c__Clostridia;o__Oscillospirales;f__Ruminococcaceae;g__Faecalibacterium;s__	0.9981128711997247
1a9089b0def4afa2988995c0bc03341c	d__Bacteria;p__Bacteroidota;c__Bacteroidia;o__Bacteroidales;f__Bacteroidaceae;g__Bacteroides;s__	0.9997825486670159
68241bf98e6473d3c04fbe51871d22fb	d__Bacteria;p__Bacteroidota;c__Bacteroidia;o__Bacteroidales;f__Marinifilaceae;g__Odoribacter;s__	0.9999721347340401
22dbb1bc0567a5c584f10a8938bfb441	d__Bacteria;p__Firmicutes;c__Clostridia;o__Clostridiales;f__Clostridiaceae;g__Clostridium_sensu_stricto_1;s__	0.9950355498595244
922d3119eb8d7767f9db96c533a382e0	d__Bacteria;p__Firmicutes;c__Clostridia;o__Lachnospirales;f__Lachnospiraceae;g__[Eubacterium]_hallii_group;s__	0.9954674703586067
4d11b18571fea8679ba07edd06b36b59	d__Bacteria;p__Firmicutes;c__Clostridia;o__Lachnospirales;f__Lachnospiraceae	0.9992962141162279
539dcc9b428b32ac8da40dd2f24d6c35	d__Bacteria;p__Firmicutes;c__Clostridia;o__Oscillospirales;f__Ruminococcaceae;g__Ruminococcus;s__	0.7654041109162143
34af1ad3a18faa21c1524d8c89426248	d__Bacteria;p__Firmicutes;c__Clostridia;o__Christensenellales;f__Christensenellaceae;g__Christensenellaceae_R-7_group;s__	0.7258235614159697
7c163ba7db8e464cf2f6286a197df3ad	d__Bacteria;p__Proteobacteria;c__Gammaproteobacteria;o__Enterobacterales;f__Hafniaceae;g__Hafnia-Obesumbacterium;s__	0.9894478418570624
43cfaee3eb8a69b33889210bb48fb87e	d__Bacteria;p__Proteobacteria;c__Gammaproteobacteria;o__Enterobacterales;f__Enterobacteriaceae;g__Citrobacter;s__	0.7035179540308113
0f80b02dce593db05d32a96f384155b1	d__Bacteria;p__Firmicutes;c__Clostridia;o__Monoglobales;f__Monoglobaceae;g__Monoglobus;s__	0.9367465138141662
8234149b9efbb9733c9e92ebb7c749e7	d__Bacteria;p__Firmicutes;c__Clostridia;o__Lachnospirales;f__Lachnospiraceae;g__[Eubacterium]_hallii_group;s__	0.9908751210844023
20186f14da0b5c633e3bf87ea9f899b8	d__Bacteria;p__Firmicutes;c__Clostridia;o__Oscillospirales	0.8491853159836773
c7148b1bcb5d274aae632154cd1718c1	d__Bacteria;p__Firmicutes;c__Clostridia;o__Lachnospirales;f__Lachnospiraceae;g__[Eubacterium]_hallii_group;s__	0.9897929111184475
8eeb85418ca7d08f9e44c9524ae19f5b	d__Bacteria;p__Firmicutes;c__Clostridia;o__Clostridia_UCG-014;f__Clostridia_UCG-014;g__Clostridia_UCG-014;s__	0.9992063126879744
e5b7a3d1dd1b45456d3041638f056237	d__Bacteria;p__Firmicutes;c__Clostridia;o__Lachnospirales;f__Lachnospiraceae;g__Fusicatenibacter;s__	0.999307572978675
b962d13d902c9af71d8144fac864a36d	d__Bacteria;p__Firmicutes;c__Clostridia;o__Lachnospirales;f__Lachnospiraceae;g__Lachnospiraceae_FCS020_group;s__	0.8627756610749344
e1b6ee128a7e0efc4c22a3ae8ae01d94	d__Bacteria;p__Firmicutes;c__Clostridia;o__Clostridia_UCG-014;f__Clostridia_UCG-014;g__Clostridia_UCG-014;s__	0.9999849408980462
4d344dfc46d072023ade124c66494112	d__Bacteria;p__Firmicutes;c__Clostridia;o__Lachnospirales;f__Lachnospiraceae	0.8259608647832726
b91ac4dd36bd61eced1d368f1da23b56	d__Bacteria;p__Firmicutes;c__Clostridia;o__Lachnospirales;f__Lachnospiraceae;g__Dorea;s__	0.9520294158094611
c216768a0144eac862260f852a108f56	d__Bacteria;p__Firmicutes;c__Clostridia;o__Oscillospirales	0.7693024827522933
b1601aab347beca908b703aa2b3c89f8	d__Bacteria;p__Firmicutes;c__Bacilli;o__Lactobacillales;f__Streptococcaceae;g__Streptococcus;s__	0.9999610259566312
d7804f65646b64770e57a6d1b872a937	d__Bacteria;p__Firmicutes;c__Clostridia;o__Oscillospirales	0.8115245149511927
fc420780232cec75c988503c27e9673e	d__Bacteria;p__Firmicutes;c__Clostridia;o__Oscillospirales;f__Ruminococcaceae;g__Incertae_Sedis;s__	0.9175757500615034
8cbf4cd0edb1a81ad2149f57a578b69c	d__Bacteria;p__Firmicutes;c__Clostridia;o__Lachnospirales;f__Lachnospiraceae;g__Dorea;s__	0.90705359296726
1c25b00f0748394139edfe640edc3efe	d__Bacteria;p__Firmicutes;c__Clostridia	0.9853678589045941
0b48673ede29969403b9f12b50763669	d__Bacteria;p__Firmicutes;c__Clostridia;o__Lachnospirales;f__Lachnospiraceae;g__Blautia;s__	0.9087610560670181
fbe0bbdba41acbaebb7334ad5f40a58e	d__Bacteria;p__Firmicutes;c__Clostridia;o__Oscillospirales;f__Ruminococcaceae	0.7676465245016102
b7d345763fe8a494d9fedf3b534fcc91	d__Bacteria;p__Firmicutes;c__Clostridia;o__Lachnospirales;f__Defluviitaleaceae;g__Defluviitaleaceae_UCG-011;s__	0.9082116886571282
95b0ab171002d683cbdf3bf9d423b066	d__Bacteria;p__Firmicutes;c__Clostridia;o__Lachnospirales;f__Lachnospiraceae	0.997976604098526
94daaedcbdb01f7ab59e1666533a118b	d__Bacteria;p__Firmicutes;c__Clostridia;o__Lachnospirales;f__Lachnospiraceae	0.8130151374746992
89a38936615a69bae453434088da66d1	d__Bacteria;p__Firmicutes;c__Clostridia;o__Lachnospirales;f__Lachnospiraceae	0.9835441385840114
472afe52c197844aee628151ca4573cb	d__Bacteria;p__Firmicutes;c__Clostridia;o__Lachnospirales;f__Lachnospiraceae	0.9999645484834284
a19096fb042da9b644ab3cfb63c85f07	d__Bacteria;p__Firmicutes;c__Clostridia	0.9702429856528636
8640160943b479283deead186dfa8b7d	d__Bacteria;p__Firmicutes;c__Clostridia;o__Oscillospirales;f__Oscillospiraceae	0.989316596261291
1acec2c7fb43b632a215602d35575677	d__Bacteria;p__Firmicutes;c__Clostridia;o__Oscillospirales;f__Ruminococcaceae;g__uncultured;s__	0.8141421864747653
6747a890743303203ac5ac6d1256c355	d__Bacteria;p__Firmicutes;c__Clostridia;o__Lachnospirales;f__Lachnospiraceae	0.9809453493181054
37f7ce21c5f44d9bc59ea7ef8d28129c	d__Bacteria;p__Firmicutes;c__Clostridia;o__Lachnospirales;f__Lachnospiraceae	0.9998102654953628
52c5fba1b4ac18d0fa40bef16703ccc2	d__Bacteria;p__Firmicutes;c__Clostridia;o__Lachnospirales;f__Lachnospiraceae	0.9992082376634237
42b6d0a581070579f3bad712569e8d1a	d__Bacteria;p__Firmicutes;c__Clostridia;o__Lachnospirales;f__Lachnospiraceae	0.9922996456754183
e8b0eb1a36a0ab494155c6073f890ac4	d__Bacteria;p__Firmicutes;c__Clostridia;o__Lachnospirales;f__Defluviitaleaceae;g__Defluviitaleaceae_UCG-011;s__	0.8895399110974395
bb67637c51ae13eb8bfc04108d45fb5c	d__Bacteria;p__Firmicutes;c__Clostridia;o__Lachnospirales;f__Lachnospiraceae	0.9973662867789056
2d13b43df63511d245a9af06b3825cad	d__Bacteria;p__Firmicutes;c__Clostridia;o__Christensenellales;f__Christensenellaceae;g__Christensenellaceae_R-7_group;s__	0.9272443193560265
47c07037c525bd6952ad48e665fdda86	d__Bacteria;p__Firmicutes;c__Clostridia;o__Oscillospirales;f__Oscillospiraceae;g__Oscillibacter;s__	0.7784922959146608
07ae2370dd04e3c6d0596a3e87f39db9	d__Bacteria;p__Firmicutes;c__Clostridia	0.9972867509915729
8609db0948c643dab25bb5ff6431ebb3	d__Bacteria;p__Firmicutes;c__Clostridia;o__Clostridiales;f__Clostridiaceae;g__Clostridium_sensu_stricto_1;s__	0.9913718559663187
91c1ffe23a13a46e03f93ae328c5c83a	d__Bacteria;p__Firmicutes;c__Clostridia;o__Oscillospirales;f__Ruminococcaceae;g__DTU089;s__	0.9996286489279866
753c5623e8b0d60d5b45a5295b1a8237	d__Bacteria;p__Firmicutes;c__Clostridia;o__Lachnospirales;f__Lachnospiraceae	0.9914198007864123
19a43e5de068fbc78929cf13c13439d7	d__Bacteria;p__Firmicutes;c__Clostridia;o__Lachnospirales;f__Lachnospiraceae	0.9946334898313864
8b6c364dc8dddaf4f40e730812a2b344	d__Bacteria;p__Firmicutes;c__Clostridia;o__Lachnospirales;f__Lachnospiraceae;g__Blautia;s__	0.9517062172533136
b677c6abb831837fa03ce287b5ae1bce	d__Bacteria;p__Firmicutes;c__Clostridia;o__Oscillospirales;f__Ruminococcaceae;g__Ruminococcus;s__	0.8000131647984277
fc67f10a10fd580f71bfe6d824a9b39e	d__Bacteria;p__Actinobacteriota;c__Actinobacteria;o__Bifidobacteriales;f__Bifidobacteriaceae;g__Bifidobacterium;s__	0.9998892657512672
2c4aadd4b391f354e71b696d3a2602f9	d__Bacteria;p__Bacteroidota;c__Bacteroidia;o__Bacteroidales;f__Bacteroidaceae;g__Bacteroides;s__	0.9986619713532738
0e37df01522112080c4116f66f802597	d__Bacteria;p__Firmicutes;c__Bacilli;o__Erysipelotrichales;f__Erysipelotrichaceae;g__Holdemanella;s__	0.9999861376959446
e84c328d0ba69cde31d472062c9388af	d__Bacteria;p__Actinobacteriota;c__Coriobacteriia;o__Coriobacteriales;f__Atopobiaceae	0.9999568251303499
b43c6723386556f574ed24953bd789b3	d__Bacteria;p__Firmicutes;c__Bacilli;o__Erysipelotrichales;f__Erysipelotrichaceae;g__Holdemanella;s__	0.999986397067084
7dedc45f132bb64f3be9d32e2a311894	d__Bacteria;p__Firmicutes;c__Clostridia;o__Lachnospirales;f__Lachnospiraceae;g__[Eubacterium]_ventriosum_group;s__	0.8901919141708844
785abe7c7a6b86b6ad42e42e6522b967	d__Bacteria;p__Bacteroidota;c__Bacteroidia;o__Bacteroidales;f__Bacteroidaceae;g__Bacteroides;s__	0.9975816508120989
768fa8d9ba5195345531a7d14eab7ebb	d__Bacteria;p__Firmicutes;c__Clostridia;o__Lachnospirales;f__Lachnospiraceae;g__Anaerostipes;s__	0.9960140642920984
cf55ee2f5f392bf2782ade56b9c63e6d	d__Bacteria;p__Proteobacteria;c__Gammaproteobacteria;o__Burkholderiales;f__Sutterellaceae;g__Parasutterella;s__	0.9999988920023696
c951c5039e8ac52aff440c9230bf3b44	d__Bacteria;p__Bacteroidota;c__Bacteroidia;o__Bacteroidales;f__Bacteroidaceae;g__Bacteroides;s__	0.9971510571831278
5a9f3a3691b80fa5ac6662c43cc5f377	d__Bacteria;p__Firmicutes;c__Clostridia;o__Lachnospirales;f__Lachnospiraceae	0.9916351464477284
47799980169d3e701be1a107ca84cdf8	d__Bacteria;p__Firmicutes;c__Clostridia;o__Oscillospirales;f__Ruminococcaceae;g__Faecalibacterium;s__	0.9963712430748393
47fca3cb63718ba2ba977e16d123d90b	d__Bacteria;p__Actinobacteriota;c__Coriobacteriia;o__Coriobacteriales;f__Atopobiaceae;g__Olsenella;s__	0.9018813230079602
bd35cb1c609a486c8f7877093408f668	d__Bacteria;p__Firmicutes;c__Clostridia;o__Lachnospirales;f__Lachnospiraceae	0.9995539527960826
11c1b4e456d0c6c9fa2290a18f9643b0	d__Bacteria;p__Firmicutes;c__Clostridia;o__Oscillospirales;f__Oscillospiraceae	0.9634771942511853
8c0ba676ebe53741104df35f5d3378c7	d__Bacteria;p__Firmicutes;c__Clostridia;o__Lachnospirales;f__Lachnospiraceae	0.9988162671013968
fbf3a4aa853ef5403c7656de346f18e2	d__Bacteria;p__Firmicutes;c__Clostridia;o__Lachnospirales;f__Lachnospiraceae	0.9995782556873708
decd89c13bb23f6da01053691661d2ec	d__Bacteria;p__Actinobacteriota;c__Actinobacteria;o__Bifidobacteriales;f__Bifidobacteriaceae;g__Bifidobacterium;s__	0.9996813796509456
8ec27b80ec62b2863c235924610b8b79	d__Bacteria;p__Actinobacteriota;c__Actinobacteria;o__Bifidobacteriales;f__Bifidobacteriaceae;g__Bifidobacterium;s__	0.9989760813759564
9375421906827c459d3bdda031fa472b	d__Bacteria;p__Firmicutes;c__Clostridia;o__Lachnospirales;f__Lachnospiraceae	0.9995302324228919
a05f23dfa220d4962043a13929edb1a4	d__Bacteria;p__Firmicutes;c__Clostridia;o__Lachnospirales;f__Lachnospiraceae;g__Blautia;s__	0.8961851011701977
6a456f4631014c29f1fce9f934e97cd3	d__Bacteria;p__Firmicutes;c__Clostridia;o__Lachnospirales;f__Lachnospiraceae;g__Blautia;s__	0.859416920452622
74d41ced783575b7a3b2b1584bc0b4a1	d__Bacteria;p__Firmicutes;c__Clostridia;o__Lachnospirales;f__Lachnospiraceae;g__Sellimonas;s__	0.7087295140193715
a81c2bb832afb9346bfccfe1c9c989cf	d__Bacteria;p__Actinobacteriota;c__Coriobacteriia;o__Coriobacteriales;f__Atopobiaceae;g__Olsenella;s__	0.8943628543927815
c7db57e2512f0415920503d867881bc7	d__Bacteria;p__Firmicutes;c__Clostridia;o__Lachnospirales;f__Lachnospiraceae	0.9734550842168284
4bdec25f478bdedfbf2b119aa2be1501	d__Bacteria;p__Firmicutes;c__Clostridia;o__Lachnospirales;f__Lachnospiraceae;g__Blautia;s__	0.9337567695750358
ca3280079467c719c9500dd448c9cbd3	d__Bacteria;p__Firmicutes;c__Clostridia;o__Lachnospirales;f__Lachnospiraceae;g__Fusicatenibacter;s__	0.962268949664836
5bf2705d4d3030c841c888f0e3c01d37	d__Bacteria;p__Firmicutes;c__Clostridia;o__Lachnospirales;f__Lachnospiraceae;g__Blautia;s__	0.8765750264635156
6cec7e21997644eb6aefd8564dd06e92	d__Bacteria;p__Firmicutes;c__Clostridia;o__Oscillospirales;f__Butyricicoccaceae;g__Butyricicoccus;s__	0.9997837118667247
56fe75ccc445d96e1b38eac5ae9e3a60	d__Bacteria;p__Firmicutes;c__Clostridia;o__Peptostreptococcales-Tissierellales;f__Peptostreptococcaceae;g__Intestinibacter;s__	0.9948593793511158
a988094616cad000a02c3c0877dd23fc	d__Bacteria;p__Firmicutes;c__Clostridia;o__Oscillospirales;f__Ruminococcaceae;g__Fournierella;s__	0.9989689492197477
9530d2aa463487fafd4c2b8b616c84b7	d__Bacteria;p__Firmicutes;c__Clostridia;o__Oscillospirales;f__Oscillospiraceae	0.9887676775691963
b7924aa4ac9c4c337a55be4c6d52634f	d__Bacteria;p__Firmicutes;c__Clostridia;o__Lachnospirales;f__Lachnospiraceae	0.9995118173198271
867d4604a7b52164894a2587f8f931c5	d__Bacteria;p__Firmicutes;c__Clostridia;o__Lachnospirales;f__Lachnospiraceae;g__Blautia;s__	0.9145168331112085
71b6e503c0e32c236757777d18f65bc0	d__Bacteria;p__Bacteroidota;c__Bacteroidia;o__Bacteroidales;f__Prevotellaceae;g__Prevotellaceae_NK3B31_group;s__	0.9986893189184014
80a9e9c8d536c81e41400ada05638e6c	d__Bacteria;p__Firmicutes;c__Negativicutes;o__Veillonellales-Selenomonadales;f__Veillonellaceae;g__Megasphaera;s__	0.9999373028868919
799060647cdc0131da9d05addadba8ac	d__Bacteria;p__Bacteroidota;c__Bacteroidia;o__Bacteroidales;f__Prevotellaceae;g__Prevotellaceae_NK3B31_group;s__	0.9982489715849485
aa8556f938c0f8e7d9b07a41e2b417a8	d__Bacteria;p__Firmicutes;c__Negativicutes;o__Veillonellales-Selenomonadales;f__Veillonellaceae;g__Dialister;s__	0.9916644907477952
724f87444c8376c733c4614ddcb2cead	d__Bacteria;p__Firmicutes;c__Negativicutes;o__Veillonellales-Selenomonadales;f__Veillonellaceae;g__Megasphaera;s__	0.9999795273451897
6239b2d8a9759c60b5f7b1ee390ec7c8	d__Bacteria;p__Firmicutes;c__Negativicutes;o__Veillonellales-Selenomonadales;f__Veillonellaceae;g__Megasphaera;s__	0.9999604099757758
833d59592bc893ea3097e51a67196cbf	d__Bacteria;p__Firmicutes;c__Bacilli;o__Lactobacillales;f__Lactobacillaceae;g__Limosilactobacillus;s__	0.9925255839919037
f8da07f37ac88076e1cc53398401d307	d__Bacteria;p__Firmicutes;c__Negativicutes;o__Veillonellales-Selenomonadales;f__Veillonellaceae;g__Dialister;s__	0.979223189045833
7c85f90dff47e0855fd80895057879e5	d__Bacteria;p__Firmicutes;c__Negativicutes;o__Veillonellales-Selenomonadales;f__Veillonellaceae;g__Megasphaera;s__	0.9998761902289148
4d7095661747895c7b09f3f63d66bef1	d__Bacteria;p__Firmicutes;c__Clostridia;o__Oscillospirales;f__Ruminococcaceae;g__Incertae_Sedis;s__	0.9889745411211157
d8ae71ab6204014c4160cb41210494d7	d__Bacteria;p__Bacteroidota;c__Bacteroidia;o__Bacteroidales;f__Prevotellaceae;g__Prevotellaceae_NK3B31_group;s__	0.9982438551694819
0e040949699d1fbb181125a60b7b477d	d__Bacteria;p__Firmicutes;c__Negativicutes;o__Veillonellales-Selenomonadales;f__Veillonellaceae;g__Dialister;s__	0.9927948660094832
50ed22d1e155b160925b7d5ba86cf28f	d__Bacteria;p__Actinobacteriota;c__Coriobacteriia;o__Coriobacteriales;f__Eggerthellaceae;g__Denitrobacterium;s__	0.9986008187506915
0ee574b7ce09a4346a035a0be1e617bf	d__Bacteria;p__Firmicutes;c__Clostridia;o__Oscillospirales;f__Ruminococcaceae;g__Faecalibacterium;s__	0.9995780384362296
a4ae665356b40a789f0cc17e0b005121	d__Bacteria;p__Firmicutes;c__Bacilli;o__Erysipelotrichales;f__Erysipelotrichaceae;g__Holdemanella;s__	0.9999911353602594
ec922de4720329f8c3da83fe20ca718f	d__Bacteria;p__Bacteroidota;c__Bacteroidia;o__Bacteroidales;f__Tannerellaceae;g__Parabacteroides;s__	0.9034444235341565
6a40683d08f27ce1e579a678f91a1812	d__Bacteria;p__Bacteroidota;c__Bacteroidia;o__Bacteroidales;f__Tannerellaceae;g__Parabacteroides;s__	0.8078263400329475
0d9a30aff6ec8609af6e2223f3a063ed	d__Bacteria;p__Firmicutes;c__Clostridia;o__Oscillospirales;f__Ruminococcaceae	0.7540703892345743
65b1dc4e700d19271c6776c7b28dcf0d	d__Bacteria;p__Firmicutes;c__Clostridia;o__Lachnospirales;f__Lachnospiraceae;g__Agathobacter;s__	0.804044856392366
16598e7013dc113c97c5e3c5ca4c8802	d__Bacteria;p__Firmicutes;c__Clostridia;o__Lachnospirales;f__Lachnospiraceae;g__Dorea;s__	0.9774642688215269
de0dd026b0e2db799b4394f519fc4793	d__Bacteria;p__Firmicutes;c__Bacilli;o__Lactobacillales;f__Lactobacillaceae;g__Limosilactobacillus;s__	0.9907335638657767
89a8aaf78c0cbb363af5a40f57ff9cfb	d__Bacteria;p__Firmicutes;c__Clostridia;o__Lachnospirales;f__Lachnospiraceae;g__[Ruminococcus]_gnavus_group;s__	0.9900019514270377
264ce468317a983805e3a9bcea788a7e	d__Bacteria;p__Bacteroidota;c__Bacteroidia;o__Bacteroidales;f__Bacteroidaceae;g__Bacteroides;s__	0.9999634565777614
9f024e45b565c91fe51bc0376763b080	d__Bacteria;p__Firmicutes;c__Clostridia;o__Lachnospirales;f__Lachnospiraceae;g__Blautia;s__	0.9453035987768752
e70c95a1749e559cdb88bc24af258130	d__Bacteria;p__Firmicutes;c__Clostridia;o__Lachnospirales;f__Lachnospiraceae;g__[Ruminococcus]_gnavus_group;s__	0.967833222900568
5b19f923eba358e6828d3153c4e89d15	d__Bacteria;p__Bacteroidota;c__Bacteroidia;o__Bacteroidales;f__Tannerellaceae;g__Parabacteroides;s__	0.8694859846065337
6e5b782d242845d4efaed678a4e741a7	d__Bacteria;p__Bacteroidota;c__Bacteroidia;o__Bacteroidales;f__Barnesiellaceae;g__Barnesiella;s__	0.9999674637230003
94d98e47b57d69ebbc5e9e370e3fbd01	d__Bacteria;p__Firmicutes;c__Clostridia;o__Lachnospirales;f__Lachnospiraceae	0.9998701915719754
91b3d90d8c1928609f00b7e3b2e081fb	d__Bacteria;p__Firmicutes;c__Clostridia;o__Oscillospirales;f__Butyricicoccaceae;g__Butyricicoccus;s__	0.9998215276262761
9034c6ab1b03102f2c7e5ea6f8775fbd	d__Bacteria;p__Firmicutes;c__Clostridia;o__Lachnospirales;f__Lachnospiraceae	0.9919054263754032
533c8b83d25ac8af0066948e8a38de1a	d__Bacteria;p__Firmicutes;c__Clostridia;o__Oscillospirales;f__Ruminococcaceae;g__Fournierella;s__	0.9903178739577485
67e88fee740186f2c62baaaa6844a3ac	d__Bacteria;p__Firmicutes;c__Bacilli;o__Erysipelotrichales;f__Erysipelotrichaceae;g__Faecalitalea;s__	0.9714387154947709
0d4115870fc8eac637a2f77d14a3653b	d__Bacteria;p__Firmicutes;c__Clostridia;o__Oscillospirales;f__Butyricicoccaceae;g__Butyricicoccus;s__	0.9994486351562226
d7987dd012dadad6894348c98b360dd3	d__Bacteria;p__Firmicutes;c__Clostridia;o__Lachnospirales;f__Lachnospiraceae;g__[Eubacterium]_eligens_group;s__	0.9965257620581562
e6e73a75cdc32cbff553b02bc33627da	d__Bacteria;p__Firmicutes;c__Clostridia;o__Lachnospirales;f__Lachnospiraceae;g__Blautia;s__	0.811075437715035
970682af7fc67c5cfb92cab2dbb6cd42	d__Bacteria;p__Firmicutes;c__Clostridia;o__Lachnospirales;f__Lachnospiraceae;g__Blautia;s__	0.9426947320667763
92fd933a69ccc81aca434cc642d33daa	d__Bacteria;p__Firmicutes;c__Clostridia;o__Oscillospirales;f__Butyricicoccaceae;g__Butyricicoccus;s__	0.9228203043838138
9187d50db2a5a129b618bc989b3d90ac	d__Bacteria;p__Firmicutes;c__Clostridia;o__Oscillospirales;f__Butyricicoccaceae;g__Butyricicoccus;s__	0.9998248380333612
c35e835c966c4a7ce7c2e64c29108180	d__Bacteria;p__Firmicutes;c__Clostridia;o__Lachnospirales;f__Lachnospiraceae	0.9967819976602612
c4106d8bda29e09597792b91118020c6	d__Bacteria;p__Firmicutes;c__Bacilli;o__Erysipelotrichales;f__Erysipelotrichaceae	0.9983360630233924
fb67e2a320f880fe9de28b6443fb15be	d__Bacteria;p__Firmicutes;c__Clostridia;o__Lachnospirales;f__Lachnospiraceae;g__Blautia;s__	0.9352198810277473
fc6f748a269bb1c1bccb2978f4d206ae	d__Bacteria;p__Firmicutes;c__Clostridia;o__Oscillospirales;f__Oscillospiraceae	0.9944390976188483
99b1ba63a02b2f7946b442d7c9ea3fd4	d__Bacteria;p__Firmicutes;c__Clostridia;o__Lachnospirales;f__Lachnospiraceae;g__Fusicatenibacter;s__	0.8197283705376704
e7aeb191f963c4b6867f9da40dc4173e	d__Bacteria;p__Firmicutes;c__Clostridia;o__Oscillospirales;f__Butyricicoccaceae;g__Butyricicoccus;s__	0.9966533848975805
8661dbacc318cc8efc0c502e0bd97702	d__Bacteria;p__Firmicutes;c__Clostridia;o__Lachnospirales;f__Lachnospiraceae	0.988755969334301
d8f96701ca77560421160ed4ca4efda3	d__Bacteria;p__Bacteroidota;c__Bacteroidia;o__Bacteroidales;f__Marinifilaceae;g__Butyricimonas;s__	0.9999996507013732
e70734277936eb0073e06c9e17084357	d__Bacteria;p__Firmicutes;c__Clostridia;o__Lachnospirales;f__Lachnospiraceae	0.9876677084158934
6618c0227a7a073bf78e29d57daa01c2	d__Bacteria;p__Firmicutes;c__Bacilli;o__Erysipelotrichales;f__Erysipelotrichaceae;g__[Clostridium]_innocuum_group;s__	0.7147771942161439
f38388a6ea9c9d623da6f6da9191e984	d__Bacteria;p__Firmicutes;c__Bacilli;o__Lactobacillales;f__Streptococcaceae;g__Streptococcus;s__	0.9692854690672286
f7e664f258b3747a823c6a5f1d493f13	d__Bacteria;p__Firmicutes;c__Clostridia;o__Lachnospirales;f__Lachnospiraceae;g__[Ruminococcus]_torques_group;s__	0.8047463719788566
0b544c50ceac548099fc073240f9d87e	d__Bacteria;p__Firmicutes;c__Clostridia;o__Oscillospirales;f__Butyricicoccaceae;g__Butyricicoccus;s__	0.999777349698822
201ebe713420e4fe78a3af0e904c9fcc	d__Bacteria;p__Firmicutes;c__Clostridia;o__Oscillospirales;f__Ruminococcaceae;g__Faecalibacterium;s__	0.9995328730446698
0ca5947e4e49cd02ea1555c16f23e19f	d__Bacteria;p__Firmicutes;c__Clostridia;o__Lachnospirales;f__Lachnospiraceae;g__[Eubacterium]_hallii_group;s__	0.9951881518706668
af51bb1cee8c119b8bff3ef8786ebd79	d__Bacteria;p__Firmicutes;c__Negativicutes;o__Veillonellales-Selenomonadales;f__Selenomonadaceae;g__Megamonas;s__	0.9999997686407324
49bfc785c179074a87bacc321eb3e736	d__Bacteria;p__Firmicutes;c__Clostridia;o__Oscillospirales;f__Ruminococcaceae;g__Faecalibacterium;s__	0.9966872445900606
e949623919aa05b2bcd929e4c0ef654f	d__Bacteria;p__Firmicutes;c__Clostridia;o__Oscillospirales;f__Oscillospiraceae	0.9802874663552381
4f73502ba555c0c1c0f7f6d6c46484a7	d__Bacteria;p__Firmicutes;c__Clostridia;o__Lachnospirales;f__Lachnospiraceae	0.999124670912813
eb51a66c49fc6183dddf1da7cdded67a	d__Bacteria;p__Firmicutes;c__Negativicutes;o__Veillonellales-Selenomonadales;f__Selenomonadaceae;g__Megamonas;s__	0.9999995188111249
5774303fd67a929cd16f50c8c78764f7	d__Bacteria;p__Actinobacteriota;c__Coriobacteriia;o__Coriobacteriales;f__Coriobacteriales_Incertae_Sedis;g__uncultured;s__	0.9930471819793101
dae6a553fd171205dcea85722df9b56b	d__Bacteria;p__Firmicutes;c__Clostridia;o__Lachnospirales;f__Lachnospiraceae	0.9994385307755408
8b46d5b7f63634862e596cae1f64ab18	d__Bacteria;p__Firmicutes;c__Clostridia;o__Lachnospirales;f__Lachnospiraceae	0.9990231801437264
f64d9176732f14b46b2dd0c71b088a3b	d__Bacteria;p__Firmicutes;c__Clostridia;o__Oscillospirales;f__Butyricicoccaceae;g__Butyricicoccus;s__	0.9821239316788147
d48a3003ec57c356066d30a3ad8b5984	d__Bacteria;p__Firmicutes;c__Clostridia;o__Lachnospirales;f__Lachnospiraceae	0.9989376241054385
26e0db43ede18a1773885572d84bbc86	d__Bacteria;p__Firmicutes;c__Clostridia;o__Lachnospirales;f__Lachnospiraceae;g__Hungatella;s__	0.9924972638984727
ee4a05a8589b8f861c7a50092007abee	d__Bacteria;p__Firmicutes;c__Clostridia;o__Lachnospirales;f__Lachnospiraceae;g__Lachnospiraceae_ND3007_group;s__	0.9998541779014005
9bc20349e404743cf014fd52cc3600ee	d__Bacteria;p__Firmicutes;c__Clostridia;o__Lachnospirales;f__Lachnospiraceae	0.9807213698747902
b858072318d8ce049c3c0eb74452123f	d__Bacteria;p__Firmicutes;c__Clostridia;o__Oscillospirales;f__Butyricicoccaceae;g__Butyricicoccus;s__	0.953885503015564
2c3f8007cd0f55ccb236e07ba1a03fb7	d__Bacteria;p__Firmicutes;c__Clostridia;o__Lachnospirales;f__Lachnospiraceae;g__Hungatella;s__	0.9899776309803938
daef0553bc213eff500f97f8530ac1a3	d__Bacteria;p__Firmicutes;c__Clostridia;o__Lachnospirales;f__Lachnospiraceae	0.9992911820234431
b6f0f8e426c23d99fef5e8ddbe0c01a4	d__Bacteria;p__Firmicutes;c__Clostridia;o__Lachnospirales;f__Lachnospiraceae	0.9997743280686037
9be46d97addb5cb138490d982c6532d3	d__Bacteria;p__Firmicutes;c__Clostridia;o__Lachnospirales;f__Lachnospiraceae;g__Anaerostignum;s__	0.996600070114239
01d0982bc5c556a6cca264c31490f4a6	d__Bacteria;p__Firmicutes;c__Negativicutes;o__Veillonellales-Selenomonadales;f__Veillonellaceae	0.9999887572127137
daf1153f88821f17e242497b58191fed	d__Bacteria;p__Firmicutes;c__Clostridia;o__Clostridiales;f__Clostridiaceae;g__Clostridium_sensu_stricto_1;s__	0.9792261083036463
47805944c40e4e9e61b8be5c122239bd	d__Bacteria;p__Firmicutes;c__Clostridia;o__Lachnospirales;f__Lachnospiraceae;g__Blautia;s__	0.9492661475440608
43a71ddd73f8a7eb3ec9cb687f42fd30	d__Bacteria;p__Bacteroidota;c__Bacteroidia;o__Bacteroidales;f__Bacteroidaceae;g__Bacteroides;s__	0.9983677068823579
be4b6ab15049b6bd85e7357238c148c4	d__Bacteria;p__Firmicutes;c__Negativicutes;o__Veillonellales-Selenomonadales;f__Veillonellaceae;g__Dialister;s__	0.9757616275721057
b206f3fbd4b7354d1fcec5aa122938d9	d__Bacteria;p__Firmicutes;c__Clostridia;o__Oscillospirales;f__Oscillospiraceae;g__UCG-002;s__	0.935244597454225
db3edc2a71cd76070c92f0b75270c70c	d__Bacteria;p__Bacteroidota;c__Bacteroidia;o__Bacteroidales;f__Prevotellaceae;g__Prevotella_7;s__	0.8166852936344464
60c12c1c6ae9d1cd2157918a4dc08e32	d__Bacteria;p__Firmicutes;c__Clostridia;o__Lachnospirales;f__Lachnospiraceae	0.9961986335748091
d04a724ec7b5a2fd8dd282203355d273	d__Bacteria;p__Firmicutes;c__Clostridia;o__Clostridia_UCG-014;f__Clostridia_UCG-014;g__Clostridia_UCG-014;s__	0.9991222954070149
34e29792471fc2b3a4c121e51d38f635	d__Bacteria;p__Bacteroidota;c__Bacteroidia;o__Bacteroidales;f__Prevotellaceae	0.9575867025020106
1c325b1e14fdb7a4136b2e009f9d2c65	d__Bacteria;p__Bacteroidota;c__Bacteroidia;o__Bacteroidales;f__Bacteroidaceae;g__Bacteroides;s__	0.9984906970543853
e5a74a30ed84760c44f553d29fefc6af	d__Bacteria;p__Firmicutes;c__Clostridia;o__Clostridia_UCG-014;f__Clostridia_UCG-014;g__Clostridia_UCG-014;s__	0.9999860532855508
a7eeeccb6140daf1ca9b91401456eea5	d__Bacteria;p__Firmicutes;c__Clostridia;o__Lachnospirales;f__Lachnospiraceae	0.9990838940992868
33ea19432b500e3ae2f884e4d7557215	d__Bacteria;p__Firmicutes;c__Negativicutes;o__Veillonellales-Selenomonadales;f__Veillonellaceae;g__Dialister;s__	0.9861606796722012
e998855d8966677cf282ab81a611e425	d__Bacteria;p__Firmicutes;c__Clostridia;o__Oscillospirales;f__Ruminococcaceae;g__Ruminococcus;s__	0.9265797709752603
57615f885ebe64a7e6bbb108bc070a83	d__Bacteria;p__Firmicutes;c__Clostridia;o__Lachnospirales;f__Lachnospiraceae;g__Lachnospira;s__	0.8118084771046388
66a3a15020b3a086d299f29223f83f13	d__Bacteria;p__Firmicutes;c__Clostridia;o__Oscillospirales;f__Ruminococcaceae;g__Ruminococcus;s__	0.8731937727439227
6cb22b28c41f49e6ecef9e8bf2c5f15e	d__Bacteria;p__Firmicutes;c__Clostridia;o__Lachnospirales;f__Lachnospiraceae;g__Lachnospira;s__	0.9045225695184324
a44c8d3eeb398c9e9c89a31360a5611b	d__Bacteria;p__Firmicutes;c__Clostridia;o__Oscillospirales;f__Oscillospiraceae;g__UCG-002;s__	0.9479536027161788
4be3993c701e9781f317407287a82abd	d__Bacteria;p__Bacteroidota;c__Bacteroidia;o__Bacteroidales;f__Tannerellaceae;g__Parabacteroides;s__	0.999773251028719
0f7d5eb7af0563eb12d11b718354a5b3	d__Bacteria;p__Firmicutes;c__Clostridia;o__Lachnospirales;f__Lachnospiraceae;g__Fusicatenibacter;s__	0.998996797915391
540397e35593f82b6a22729b18a43166	d__Bacteria;p__Firmicutes;c__Clostridia;o__Oscillospirales;f__Oscillospiraceae;g__UCG-002;s__	0.986228582900053
afe2e514aa7440d64709413ec891c073	d__Bacteria;p__Firmicutes;c__Clostridia;o__Lachnospirales;f__Lachnospiraceae;g__Lachnospiraceae_UCG-010;s__	0.7651994954260648
8195ad2ca0e7db2fcbff646c9f0960ca	d__Bacteria;p__Firmicutes;c__Clostridia;o__Lachnospirales;f__Lachnospiraceae	0.9998969302265588
c2bb2afb0065d301e526b83e1999a6fa	d__Bacteria;p__Firmicutes;c__Clostridia;o__Oscillospirales;f__Ruminococcaceae;g__Faecalibacterium;s__	0.9985929726412037
e2298453f08193bf6030f910db8d6584	d__Bacteria;p__Firmicutes;c__Clostridia;o__Clostridia_UCG-014;f__Clostridia_UCG-014;g__Clostridia_UCG-014;s__	0.9994003627599148
49173f91d91313029446ce67c1a8ed5b	d__Bacteria;p__Firmicutes;c__Clostridia;o__Oscillospirales	0.9881920406235032
74f118e093633b6e11daa9c945bd9041	d__Bacteria;p__Firmicutes;c__Clostridia;o__Lachnospirales;f__Lachnospiraceae	0.9997413308987431
0432b42226db443262606549c3d56351	d__Bacteria;p__Firmicutes;c__Clostridia;o__Oscillospirales;f__Ruminococcaceae;g__Faecalibacterium;s__	0.9981865348790929
1487760cb78982de216739c8832bc15b	d__Bacteria;p__Bacteroidota;c__Bacteroidia;o__Bacteroidales;f__Prevotellaceae;g__Prevotella_7;s__	0.7873919438545218
32c10c4ccb4a71921d88a4ee602bb4ee	d__Bacteria;p__Firmicutes;c__Clostridia;o__Oscillospirales;f__Butyricicoccaceae;g__UCG-008;s__	0.9708482630311472
3674fc9284e4175d7917d8b00f19df70	d__Bacteria;p__Firmicutes;c__Negativicutes;o__Acidaminococcales;f__Acidaminococcaceae;g__Phascolarctobacterium;s__	0.9983102316225203
c69d22fdf646d4759a46a105fac86b7d	d__Bacteria;p__Firmicutes;c__Clostridia	0.928902320525313
3a461bf86d7539ad9366cc856a8ee5e8	d__Bacteria;p__Firmicutes;c__Bacilli;o__RF39;f__RF39;g__RF39;s__	0.9984760524294097
bc62f7ba950b29b0c749453825bb7371	d__Bacteria;p__Firmicutes;c__Clostridia;o__Oscillospirales;f__Ruminococcaceae;g__Faecalibacterium;s__	0.9987423859946523
936594cd47491aee58e6af8cfeaa78d3	d__Bacteria;p__Firmicutes;c__Clostridia;o__Lachnospirales;f__Lachnospiraceae;g__[Eubacterium]_hallii_group;s__	0.9962363630005193
03f4b450c3268ecae34976af17068dce	d__Bacteria;p__Firmicutes;c__Clostridia;o__Oscillospirales;f__Oscillospiraceae	0.7308940224928123
db434a406d846b94ba00c770b92127c3	d__Bacteria;p__Firmicutes;c__Clostridia;o__Lachnospirales;f__Lachnospiraceae;g__Blautia;s__	0.9141005748936131
6d4b1b01b4ceeb2291d3e02cc049696f	d__Bacteria;p__Firmicutes;c__Clostridia;o__Oscillospirales;f__Oscillospiraceae;g__UCG-002;s__	0.9498626082471616
5a0fb08c04d239ef2dbd00f0b5cf66fc	d__Bacteria;p__Firmicutes;c__Clostridia;o__Lachnospirales;f__Lachnospiraceae;g__Anaerostipes;s__	0.9986921483933481
a436f491402b2aef0d7d2313c03c04c9	d__Bacteria;p__Actinobacteriota;c__Actinobacteria;o__Bifidobacteriales;f__Bifidobacteriaceae;g__Bifidobacterium;s__	0.9999772675424099
f60b9f965cd99c350543023a5823ef54	d__Bacteria;p__Firmicutes;c__Clostridia;o__Oscillospirales	0.9893326338857711
4ba714c93622d72c1c012bcfc4180e4e	d__Bacteria;p__Firmicutes;c__Clostridia	0.9930942853051234
3cbafaa867af2c56a9d53cbef6c10fb2	d__Bacteria;p__Firmicutes;c__Clostridia;o__Oscillospirales;f__Butyricicoccaceae;g__UCG-008;s__	0.7369145231419624
e4f83aada05ee6dc08f184f2138ee49c	d__Bacteria;p__Firmicutes;c__Clostridia;o__Lachnospirales;f__Lachnospiraceae;g__Lachnospiraceae_FCS020_group;s__	0.8646674413733791
7989ce16b1e1da3ad61e558f02181515	d__Bacteria;p__Firmicutes;c__Clostridia;o__Oscillospirales;f__Ruminococcaceae;g__Faecalibacterium;s__	0.9991617384683171
38f1723fda969e715ce767f92ce462ff	d__Bacteria;p__Firmicutes;c__Clostridia	0.9091231430858631
0cfb04ba207744805e1c035fff119846	d__Bacteria;p__Firmicutes;c__Clostridia;o__Oscillospirales;f__Ruminococcaceae;g__Faecalibacterium;s__	0.9985220114392611
2a075d576bac451093c3f13ca6d8ae93	d__Bacteria;p__Bacteroidota;c__Bacteroidia;o__Bacteroidales;f__Bacteroidaceae;g__Bacteroides;s__	0.9982855834039794
70a0d9ea46a75356afe02e3678f4589a	d__Bacteria;p__Firmicutes;c__Clostridia;o__Lachnospirales;f__Lachnospiraceae	0.9990703677190338
467dc454ff0da311aff33decd3b8bd91	d__Bacteria;p__Firmicutes;c__Clostridia;o__Oscillospirales;f__Oscillospiraceae;g__UCG-005;s__	0.8962281312264759
f1e374f1c6a7cb57f252311f1e1b2f8e	d__Bacteria;p__Firmicutes;c__Clostridia;o__Oscillospirales;f__Ruminococcaceae;g__Subdoligranulum;s__	0.9799680495065906
ba61c997d58571dd3ce45fd1ba427cbc	d__Bacteria;p__Firmicutes;c__Clostridia;o__Lachnospirales;f__Lachnospiraceae	0.9998961034754266
d6bc4c0c77279c36bfc1338a8409630d	d__Bacteria;p__Firmicutes;c__Clostridia;o__Oscillospirales;f__Butyricicoccaceae;g__UCG-008;s__	0.9367872647317005
ca682b4175c97277439e5daaf35f5954	d__Bacteria;p__Firmicutes;c__Clostridia;o__Oscillospirales;f__Oscillospiraceae;g__NK4A214_group;s__	0.9866009397258456
dd579b201e6ff84fafd97e6bb10a953a	d__Bacteria;p__Firmicutes;c__Bacilli;o__Lactobacillales;f__Streptococcaceae;g__Streptococcus;s__	0.9955689840267278
63ce108dfaea82373e2af0d808b85559	d__Bacteria;p__Firmicutes;c__Clostridia;o__Christensenellales;f__Christensenellaceae;g__Christensenellaceae_R-7_group;s__	0.9290337217227661
73bb9921c2eac2d8d357f62aacec21c4	d__Bacteria;p__Firmicutes;c__Clostridia;o__Oscillospirales;f__Oscillospiraceae;g__UCG-003;s__	0.9746364365803238
458524c9fb7c0455a23192afe2fcacae	d__Bacteria;p__Firmicutes;c__Clostridia;o__Oscillospirales;f__Ruminococcaceae;g__Faecalibacterium;s__	0.9916423557877987
b8fc7c6823295428bd9231b7f1eca1f8	d__Bacteria;p__Firmicutes;c__Clostridia;o__Oscillospirales	0.7056987217860428
9c19400827b359457df9597935b99988	d__Bacteria;p__Firmicutes;c__Clostridia;o__Oscillospirales;f__Butyricicoccaceae;g__UCG-008;s__	0.9213479511560574
31baa1f092e0461010f6f98f85cb9fb7	d__Bacteria;p__Firmicutes;c__Clostridia;o__Oscillospirales;f__Ruminococcaceae;g__Faecalibacterium;s__	0.9947424918949144
643adada820334e457a3f9f60064b756	d__Bacteria;p__Firmicutes;c__Clostridia;o__Peptostreptococcales-Tissierellales;f__Anaerovoracaceae;g__Family_XIII_UCG-001;s__	0.9913750065087903
02999fe38a40225a7719cda9eb8b2855	d__Bacteria;p__Firmicutes;c__Clostridia	0.9920534352287456
08ebe3a9b4dfd883e75b77e5df267492	d__Bacteria;p__Firmicutes;c__Clostridia;o__Lachnospirales;f__Lachnospiraceae	0.937477635594459
d182cea56e6d8c2b08369d0bcbac5c39	d__Bacteria;p__Firmicutes;c__Clostridia;o__Oscillospirales;f__Oscillospiraceae	0.8211010796544254
f46a350f4511cb31367b8cf457abb1e8	d__Bacteria;p__Firmicutes;c__Clostridia;o__Lachnospirales;f__Lachnospiraceae;g__Lachnospiraceae_UCG-001;s__	0.844990146971578
bcc084a2c7b0713735912a975f61acb4	d__Bacteria;p__Firmicutes;c__Clostridia;o__Lachnospirales;f__Lachnospiraceae	0.9826125017978639
ce4b5f1212336f09e8df2235474b4df2	d__Bacteria;p__Firmicutes;c__Clostridia;o__Oscillospirales;f__Oscillospiraceae;g__UCG-005;s__	0.8826249674256194
a38589a603b0e91d8ff2bbb36934b0bf	d__Bacteria;p__Firmicutes;c__Clostridia;o__Lachnospirales;f__Lachnospiraceae	0.9997747638406306
849c82289c88db7a5622088957380c7f	d__Bacteria;p__Firmicutes;c__Clostridia;o__Lachnospirales;f__Lachnospiraceae	0.9998011866984751
bdb554ebf1591f74e455eb3a29093476	d__Bacteria;p__Firmicutes;c__Clostridia;o__Peptostreptococcales-Tissierellales;f__Anaerovoracaceae;g__Family_XIII_AD3011_group;s__	0.873833518094951
7ff37dfd2a33094509a26c374e3f56a6	d__Bacteria;p__Firmicutes;c__Clostridia;o__Lachnospirales;f__Lachnospiraceae;g__Lachnoclostridium;s__	0.7110370484659281
fb1e664ab849e4df8672d27aec8748df	d__Bacteria;p__Firmicutes;c__Clostridia;o__Oscillospirales;f__Oscillospiraceae;g__UCG-002;s__	0.9796916274042978
97ffdf99a1a2558a4f7a270895504b62	d__Bacteria;p__Firmicutes;c__Clostridia;o__Oscillospirales;f__Ruminococcaceae;g__uncultured;s__	0.9127788584098694
1f910f19f6e9bb3b348eb7300996ac49	d__Bacteria;p__Firmicutes;c__Clostridia;o__Lachnospirales;f__Lachnospiraceae;g__Marvinbryantia;s__	0.8319042013510598
37d15d99d29970e17beea8878f5451aa	d__Bacteria;p__Firmicutes;c__Clostridia;o__Oscillospirales;f__Ruminococcaceae;g__Subdoligranulum;s__	0.9941452075121476
c5c85d4e42c8a62957de7584e407212a	d__Bacteria;p__Firmicutes;c__Clostridia;o__Lachnospirales;f__Lachnospiraceae	0.9912577572347826
85ef122ec615031f9d165fa8ea08dc51	d__Bacteria;p__Firmicutes;c__Clostridia;o__Christensenellales;f__Christensenellaceae;g__Christensenellaceae_R-7_group;s__	0.8452653498349094
6d856d192b1fcc5b93e344ae8e35c8b6	d__Bacteria;p__Firmicutes;c__Clostridia;o__Oscillospirales	0.8383667319095723
d11c2b602506b4330dd67721135e959f	d__Bacteria;p__Firmicutes;c__Clostridia;o__Lachnospirales;f__Lachnospiraceae	0.9982100494724676
37eed18d6925a19cf684bf08c9482ee5	d__Bacteria;p__Firmicutes;c__Clostridia;o__Oscillospirales;f__Butyricicoccaceae;g__Butyricicoccus;s__	0.9987667599949841
78e306ce37ea979258626c024b1846dc	d__Bacteria;p__Firmicutes;c__Clostridia;o__Lachnospirales;f__Lachnospiraceae	0.9998022218866599
8fc90d502e3ee0d6fbb4846d829de6eb	d__Bacteria;p__Firmicutes;c__Clostridia;o__Lachnospirales;f__Lachnospiraceae;g__Lachnospiraceae_UCG-004;s__	0.8908508172449676
61d81f064920db15eae3c6516d384ec3	d__Bacteria;p__Firmicutes;c__Bacilli;o__Erysipelotrichales;f__Erysipelotrichaceae;g__Faecalitalea;s__	0.9999763257992245
715e5e37a5703f4d2ee8e0a4d4fe9fae	d__Bacteria;p__Firmicutes;c__Clostridia	0.9634680555827086
92aeef219c03577bc55fb5ba7d6da3c1	d__Bacteria;p__Firmicutes;c__Clostridia;o__Peptostreptococcales-Tissierellales;f__Anaerovoracaceae;g__Family_XIII_AD3011_group;s__	0.9469536832875646
b198ca5bed149e2af6e2dfa4ae3c4fb3	d__Bacteria;p__Firmicutes;c__Clostridia;o__Christensenellales;f__Christensenellaceae;g__Christensenellaceae_R-7_group;s__	0.8926291030396627
1152048851f8dbc33f20ad8ff7192006	d__Bacteria;p__Firmicutes;c__Clostridia;o__Oscillospirales;f__Ruminococcaceae;g__Subdoligranulum;s__	0.992171801359746
59539eae61b22047f9366ee5579d62c0	d__Bacteria;p__Firmicutes;c__Clostridia	0.9625665089627992
f2446feed6e1a5181c66280be211f754	d__Bacteria;p__Firmicutes;c__Clostridia;o__Oscillospirales;f__Oscillospiraceae	0.9854327122328298
3e9c2c476e5ff50653a81274d53b17ce	d__Bacteria;p__Firmicutes;c__Clostridia;o__Christensenellales;f__Christensenellaceae;g__Christensenellaceae_R-7_group;s__	0.7393053866815942
e1c1a76d8ea1649e089f515cbd94c07e	d__Bacteria;p__Firmicutes;c__Clostridia;o__Lachnospirales;f__Lachnospiraceae	0.9899557815082761
13cc8335c9b072ec7779aca43a0ec78e	d__Bacteria;p__Firmicutes;c__Clostridia;o__Oscillospirales;f__Butyricicoccaceae;g__Butyricicoccus;s__	0.9978351987778943
c77182f42b4321c9d9d2077e0937cde8	d__Bacteria;p__Firmicutes;c__Clostridia;o__Oscillospirales;f__Oscillospiraceae;g__NK4A214_group;s__	0.9853783118645955
78cf3e70c4722e6ae640542942ccf922	d__Bacteria;p__Firmicutes;c__Clostridia;o__Oscillospirales;f__Ruminococcaceae;g__uncultured;s__	0.9353586943198301
26cf4724dc8207bbd33004bd6c0b2d62	d__Bacteria;p__Firmicutes;c__Clostridia;o__Christensenellales;f__Christensenellaceae;g__Christensenellaceae_R-7_group;s__	0.7762361550431389
9b5c6d57cd709ab074cd97d171f47aae	d__Bacteria;p__Firmicutes;c__Bacilli;o__Lactobacillales;f__Lactobacillaceae;g__Ligilactobacillus;s__	0.9999402304599213
c1392920ff207a2195c9efc865bbcba1	d__Bacteria;p__Firmicutes;c__Clostridia;o__Oscillospirales;f__Ruminococcaceae;g__Subdoligranulum;s__	0.9861335805814891
299668efaa23f31b643fff37c1b09b66	d__Bacteria;p__Firmicutes;c__Clostridia;o__Oscillospirales;f__Oscillospiraceae;g__NK4A214_group;s__	0.9505511855421621
968f43416633a5cfa1a8f76e63245a3f	d__Bacteria;p__Firmicutes;c__Clostridia;o__Lachnospirales;f__Lachnospiraceae	0.9998358156428421
33340326c6dcd000ffa5b06062821232	d__Bacteria;p__Firmicutes;c__Bacilli;o__Erysipelotrichales;f__Erysipelotrichaceae;g__Faecalitalea;s__	0.9269303617145709
095ed3eafb0abfa27ca0ef92a56760d6	d__Bacteria;p__Actinobacteriota;c__Coriobacteriia;o__Coriobacteriales;f__Coriobacteriaceae;g__Collinsella;s__	0.9999499869636245
bdb477683527fa15ce2837796ed9ad8b	d__Bacteria;p__Firmicutes;c__Clostridia;o__Oscillospirales;f__Ruminococcaceae	0.731466742219746
8a0f4c3a3c1ff20ffe95f24e7b6a2063	d__Bacteria;p__Firmicutes;c__Clostridia;o__Oscillospirales;f__Ruminococcaceae;g__Faecalibacterium;s__	0.9992966676959342
c4fa80622e8e1363a241299fc22271ce	d__Bacteria;p__Actinobacteriota;c__Actinobacteria;o__Bifidobacteriales;f__Bifidobacteriaceae;g__Bifidobacterium;s__	0.9999849430907766
3d8516feb7f95ec5f01ef6e168572ffa	d__Bacteria;p__Bacteroidota;c__Bacteroidia;o__Bacteroidales;f__Barnesiellaceae;g__Coprobacter;s__	0.9999854506970248
d608313fc2c3161ee38f951934710e62	d__Bacteria;p__Firmicutes;c__Clostridia;o__Lachnospirales;f__Lachnospiraceae;g__Blautia;s__	0.8777872885556117
ee7e269bf673e1b0b832d0db2100ef95	d__Bacteria;p__Firmicutes;c__Clostridia;o__Lachnospirales;f__Lachnospiraceae;g__Blautia;s__	0.7009318998665629
c43139f539c5eec8526d99d6815e4fac	d__Bacteria;p__Firmicutes;c__Clostridia;o__Lachnospirales;f__Lachnospiraceae;g__Dorea;s__	0.9773052953772358
f206a764647622ab0efe767caa493282	d__Bacteria;p__Firmicutes;c__Clostridia;o__Oscillospirales;f__[Eubacterium]_coprostanoligenes_group;g__[Eubacterium]_coprostanoligenes_group;s__	0.7047651311002916
4bebd74dab07c2f1d7a952c956b4049d	d__Bacteria;p__Proteobacteria;c__Gammaproteobacteria;o__Enterobacterales;f__Pasteurellaceae;g__Haemophilus;s__	0.9633967405712747
4a5fdf5a463b37cd05d087b154f9ae52	d__Bacteria;p__Firmicutes;c__Clostridia;o__Lachnospirales;f__Lachnospiraceae;g__Dorea;s__	0.962513488311266
4458ee527278492c3579af88bc41c73e	d__Bacteria;p__Firmicutes;c__Clostridia;o__Lachnospirales;f__Lachnospiraceae;g__Dorea;s__	0.9748255229822262
ba617c47a170da4839f6200a16cc6b43	d__Bacteria;p__Firmicutes;c__Clostridia;o__Oscillospirales;f__[Eubacterium]_coprostanoligenes_group;g__[Eubacterium]_coprostanoligenes_group;s__	0.780547119725131
62a05fffac3d115ffbe89261f588d9e1	d__Bacteria;p__Firmicutes;c__Clostridia;o__Lachnospirales;f__Lachnospiraceae;g__Fusicatenibacter;s__	0.9715702993577315
574566c6ceb22ddb3151eba6caecc8eb	d__Bacteria;p__Bacteroidota;c__Bacteroidia;o__Bacteroidales;f__Bacteroidaceae;g__Bacteroides;s__	0.9999038544720785
b889b600c353ed9c4af205f2ada90680	d__Bacteria;p__Fusobacteriota;c__Fusobacteriia;o__Fusobacteriales;f__Fusobacteriaceae;g__Fusobacterium;s__	0.9888368445354153
42aebbe80ab256a5af59374f7b0fbe6f	d__Bacteria;p__Bacteroidota;c__Bacteroidia;o__Bacteroidales;f__Barnesiellaceae;g__Barnesiella;s__	0.9999823860881076
28f6820f57853c29258a90080f343835	d__Bacteria;p__Desulfobacterota;c__Desulfovibrionia;o__Desulfovibrionales;f__Desulfovibrionaceae;g__Desulfovibrio;s__	0.9871408606102834
79660f63349256e2db753d9fa48d9b7a	d__Bacteria;p__Firmicutes;c__Clostridia;o__Lachnospirales;f__Lachnospiraceae;g__Blautia;s__	0.9167702042145921
fe0313d741ab1918d8c0cc34147ddaaf	d__Bacteria;p__Desulfobacterota;c__Desulfovibrionia;o__Desulfovibrionales;f__Desulfovibrionaceae;g__Desulfovibrio;s__	0.9910750624737071
b6f3728480938fee9b933c9715c25b9b	d__Bacteria;p__Bacteroidota;c__Bacteroidia;o__Bacteroidales;f__Barnesiellaceae;g__Barnesiella;s__	0.9999794264867841
237d0fa3064603be6f400db7ee876ecd	d__Bacteria;p__Actinobacteriota;c__Coriobacteriia;o__Coriobacteriales;f__Atopobiaceae;g__Coriobacteriaceae_UCG-002;s__	0.9765667968512475
655bc3484488dad3a61219d5be86e3f4	d__Bacteria;p__Desulfobacterota;c__Desulfovibrionia;o__Desulfovibrionales;f__Desulfovibrionaceae;g__Bilophila;s__	0.9999960573748995
6eabcce3cefc8d54f587d3a2aa548914	d__Bacteria;p__Bacteroidota;c__Bacteroidia;o__Bacteroidales;f__Barnesiellaceae;g__Barnesiella;s__	0.9999363752021455
d87961134aae9ae143c2480f8687182a	d__Bacteria;p__Firmicutes;c__Clostridia;o__Lachnospirales;f__Lachnospiraceae	0.9987798585378479
7a398f3cbbab8d82670912afd18cc4cd	d__Bacteria;p__Firmicutes;c__Clostridia;o__Oscillospirales;f__Butyricicoccaceae;g__Butyricicoccus;s__	0.9998664206960912
8c0d44a2f98ddc834f0916f8527bbc6b	d__Bacteria;p__Desulfobacterota;c__Desulfovibrionia;o__Desulfovibrionales;f__Desulfovibrionaceae;g__Desulfovibrio;s__	0.9900936199154663
efa4ededba11a99fdcd66dcb279a2847	d__Bacteria;p__Firmicutes;c__Bacilli;o__Lactobacillales;f__Streptococcaceae;g__Streptococcus;s__	0.9999823211612224
f22ca944dfa8a677ec91b751bd175c46	d__Bacteria;p__Bacteroidota;c__Bacteroidia;o__Bacteroidales;f__Rikenellaceae;g__Alistipes;s__	0.842470891644032
d6331b88677f3154f24e004bf186ec26	d__Bacteria;p__Firmicutes;c__Bacilli;o__Lactobacillales;f__Lactobacillaceae;g__Limosilactobacillus;s__	0.9812010273313844
dd86f2b3d06bef43eedfa79b0fce40e8	d__Bacteria;p__Firmicutes;c__Clostridia;o__Eubacteriales;f__Eubacteriaceae;g__Eubacterium;s__	0.9994545602344286
d3b008abc3b43b553d748769c4aa1585	d__Bacteria;p__Firmicutes;c__Negativicutes;o__Veillonellales-Selenomonadales;f__Veillonellaceae;g__Veillonella;s__	0.9999985080186394
217fc5abf5de09a8c4e112e499f9adea	d__Bacteria;p__Firmicutes;c__Bacilli;o__Lactobacillales;f__Lactobacillaceae;g__Limosilactobacillus;s__	0.9824726043069589
75e8a5b80af7b6d7edd32fbe512d7b4f	d__Bacteria;p__Firmicutes;c__Clostridia;o__Oscillospirales;f__Oscillospiraceae;g__Oscillibacter;s__	0.8459946007364444
b86dd7275b34afc99f3b31f167e9ba46	d__Bacteria;p__Firmicutes;c__Clostridia;o__Peptostreptococcales-Tissierellales;f__Anaerovoracaceae;g__Family_XIII_AD3011_group;s__	0.9677388913116122
2a3093245df120cb3c24558e83c69ed2	d__Bacteria;p__Firmicutes;c__Clostridia	0.9947259042814438
c0ad8d4af09efca318ece5b93e75946c	d__Bacteria;p__Firmicutes;c__Clostridia;o__Lachnospirales;f__Lachnospiraceae	0.983805001326943
d5c9949b963d5da1c7949895e6f22867	d__Bacteria;p__Firmicutes;c__Clostridia;o__Oscillospirales;f__Ruminococcaceae	0.7676670059505197
2349300badc024245c0f185ac204fb21	d__Bacteria;p__Firmicutes;c__Bacilli;o__Lactobacillales;f__Enterococcaceae	0.9999981616034693
9a2b8a45d665ea3aeba0287a9d2eb177	d__Bacteria;p__Firmicutes;c__Bacilli;o__Lactobacillales;f__Enterococcaceae;g__Enterococcus;s__	0.9828767325104251
a3df3e3dfc4ae640d27382041f148126	d__Bacteria;p__Firmicutes;c__Clostridia;o__Lachnospirales;f__Lachnospiraceae;g__Dorea;s__	0.9417397971722596
6ddbe59940d293c90acff4cdfb815ffc	d__Bacteria;p__Firmicutes;c__Clostridia;o__Lachnospirales;f__Lachnospiraceae;g__Coprococcus;s__	0.7995608011557469
0fb5d02e93f0f9206458c49ef94f99c2	d__Bacteria;p__Firmicutes;c__Clostridia;o__Lachnospirales;f__Lachnospiraceae	0.9972207995718345
c233a8d9f0f48f7ec1d511d9160bef4b	d__Bacteria;p__Firmicutes;c__Clostridia;o__Lachnospirales;f__Lachnospiraceae;g__Coprococcus;s__	0.7555180015654532
e61d8fa8cd231a24dbcf5b9be528eeed	d__Bacteria;p__Firmicutes;c__Clostridia;o__Lachnospirales;f__Lachnospiraceae;g__Dorea;s__	0.9195725028699343
357c742f8259a416a14726d211f6af69	d__Bacteria;p__Firmicutes;c__Clostridia;o__Lachnospirales;f__Lachnospiraceae	0.9998482393867363
96913246cc9074ed2666bad85bfbfda5	d__Bacteria;p__Firmicutes;c__Clostridia;o__Lachnospirales;f__Lachnospiraceae;g__Fusicatenibacter;s__	0.9969877110389259
89f44f35ec4b5567088c4582e73350e0	d__Bacteria;p__Firmicutes;c__Clostridia;o__Lachnospirales;f__Lachnospiraceae;g__CAG-56;s__	0.9961079263480644
c73f39dc7323d034598162e2ccfbbc11	d__Bacteria;p__Firmicutes;c__Clostridia;o__Oscillospirales;f__Ruminococcaceae;g__Subdoligranulum;s__	0.9972240973300692
0fdacc3ca11ee1c274c6d25ce6dbb3c1	d__Bacteria;p__Firmicutes;c__Clostridia;o__Lachnospirales;f__Lachnospiraceae;g__CAG-56;s__	0.9900903224052005
415d537cd434d0d48d6344a16641e8b1	d__Bacteria;p__Firmicutes;c__Clostridia;o__Lachnospirales;f__Lachnospiraceae;g__Fusicatenibacter;s__	0.9991600073890679
cae644cfdd24b06458a7a855e778d2bc	d__Bacteria;p__Firmicutes;c__Clostridia;o__Oscillospirales;f__Butyricicoccaceae;g__Butyricicoccus;s__	0.998168907357191
8a7d1263a901d3e14be0899e83f1336f	d__Bacteria;p__Firmicutes;c__Clostridia;o__Lachnospirales;f__Lachnospiraceae	0.999589376365041
caf7057b6c96ac7a303f91a14565b729	d__Bacteria;p__Firmicutes;c__Negativicutes;o__Veillonellales-Selenomonadales;f__Veillonellaceae;g__Veillonella;s__	0.9999514635328755
4e26d2eee9d0f0fb3af75ba4968ac3e1	d__Bacteria;p__Firmicutes;c__Clostridia;o__Lachnospirales;f__Lachnospiraceae	0.9995379167619916
d019c4f906d323acfcfc72d81b33b0fb	d__Bacteria;p__Firmicutes;c__Clostridia;o__Lachnospirales;f__Lachnospiraceae	0.9997203559105423
837bc75185fa632820532de64be49889	d__Bacteria;p__Firmicutes;c__Clostridia;o__Oscillospirales;f__Ruminococcaceae;g__Subdoligranulum;s__	0.9963576648714664
27bcfd7f7e9a80115de46a4355159344	d__Bacteria;p__Proteobacteria;c__Gammaproteobacteria;o__Burkholderiales;f__Sutterellaceae;g__Parasutterella;s__	0.9999993380972457
0432ae968c44331e03390f716e023653	d__Bacteria;p__Firmicutes;c__Clostridia;o__Lachnospirales;f__Lachnospiraceae;g__Lachnospiraceae_UCG-004;s__	0.7815941309604119
40c805584e5e79ccb1503a88a303a020	d__Bacteria;p__Firmicutes;c__Clostridia;o__Lachnospirales;f__Lachnospiraceae;g__Lachnospira;s__	0.990279746045563
5b7e8a210b6dc72ad5f712300d87eccc	d__Bacteria;p__Firmicutes;c__Clostridia;o__Lachnospirales;f__Lachnospiraceae;g__Lachnospira;s__	0.9737267894446915
354410d13ca655be831259c5ad4ba382	d__Bacteria;p__Firmicutes;c__Negativicutes;o__Veillonellales-Selenomonadales;f__Veillonellaceae;g__Veillonella;s__	0.9999973734040386
0004a7dbf6e7697abed2677e5549d7b3	d__Bacteria;p__Firmicutes;c__Clostridia;o__Lachnospirales;f__Lachnospiraceae	0.9914040626368104
b39575df7b0d93bc0a7713055c142088	d__Bacteria;p__Firmicutes;c__Clostridia;o__Lachnospirales;f__Lachnospiraceae;g__[Ruminococcus]_gnavus_group;s__	0.9820198429015458
d190f5d0d3497daec2cf9a1d12587ba6	d__Bacteria;p__Firmicutes;c__Clostridia;o__Lachnospirales;f__Lachnospiraceae	0.9997278848465818
9eafff7a168926baa2cfc22500075daf	d__Bacteria;p__Firmicutes;c__Clostridia;o__Oscillospirales;f__Butyricicoccaceae;g__Butyricicoccus;s__	0.9983421566462767
503dc1441a0e615538a886898b40965a	d__Bacteria;p__Firmicutes;c__Clostridia;o__Lachnospirales;f__Lachnospiraceae	0.9841101056516314
7b71588171f6306592ca74ef379a97a9	d__Bacteria;p__Actinobacteriota;c__Actinobacteria;o__Actinomycetales;f__Actinomycetaceae;g__Actinomyces;s__	0.9920239766681115
8b9d417c88251b8122b905dd88da972f	d__Bacteria;p__Proteobacteria;c__Gammaproteobacteria;o__Enterobacterales;f__Pasteurellaceae;g__Haemophilus;s__	0.9836161631714231
096340c21f34bd3a02b4dbb748efeb88	d__Bacteria;p__Bacteroidota;c__Bacteroidia;o__Bacteroidales;f__Bacteroidaceae;g__Bacteroides;s__	0.9641983184718308
a454df108ba56ea666fd01bd522da6cf	d__Bacteria;p__Firmicutes;c__Clostridia;o__Lachnospirales;f__Lachnospiraceae	0.9991068568689554
825da5856042ca099ab207a83cbce200	d__Bacteria;p__Bacteroidota;c__Bacteroidia;o__Bacteroidales;f__Bacteroidaceae;g__Bacteroides;s__	0.9996177308210618
ecc7490dbf90f86e2c6274638e662a43	d__Bacteria;p__Firmicutes;c__Clostridia;o__Oscillospirales;f__Ruminococcaceae;g__Subdoligranulum;s__	0.9938144002879883
73ff6808b8c0a5a09ff861ec226f7d86	d__Bacteria;p__Firmicutes;c__Clostridia;o__Oscillospirales;f__Ruminococcaceae;g__Fournierella;s__	0.9924725708147207
74fad97dc5e0f5e617a825d20a93abdf	d__Bacteria;p__Firmicutes;c__Clostridia;o__Oscillospirales;f__Ruminococcaceae;g__Fournierella;s__	0.9785503539768138
59c1c37e39b1c17c4ef066b18932f0cc	d__Bacteria;p__Bacteroidota;c__Bacteroidia;o__Bacteroidales;f__Bacteroidaceae;g__Bacteroides;s__	0.9996443451430254
6b45f2631bc61380b7d3c21185c603ca	d__Bacteria;p__Firmicutes;c__Clostridia;o__Oscillospirales;f__Oscillospiraceae;g__NK4A214_group;s__	0.9679772543862258
d6e85b8f611737013c0dc55818654aff	d__Bacteria;p__Firmicutes;c__Clostridia;o__Oscillospirales;f__Ruminococcaceae;g__Subdoligranulum;s__	0.9981851728242872
fec5cf617c730178ca80fa1a38c8d041	d__Bacteria;p__Firmicutes;c__Clostridia;o__Lachnospirales;f__Lachnospiraceae	0.9999129365839411
4f1b9fb485dcc084f37c9b1f95e6ece2	d__Bacteria;p__Firmicutes;c__Clostridia;o__Lachnospirales;f__Lachnospiraceae	0.998990393256492
8abc59e7aaea46cf63bd21ac0ca4f182	d__Bacteria;p__Firmicutes;c__Clostridia;o__Oscillospirales;f__Ruminococcaceae;g__Fournierella;s__	0.9958693266737619
5b58e8ca5969f9d076c1a44de43cc4dd	d__Bacteria;p__Firmicutes;c__Clostridia;o__Oscillospirales;f__Ruminococcaceae;g__Faecalibacterium;s__	0.9983185486888482
0d865b907e6191fd5c3f9e0f6e411a5a	d__Bacteria;p__Bacteroidota;c__Bacteroidia;o__Bacteroidales;f__Marinifilaceae;g__Butyricimonas;s__	0.999999309235403
1cba717f25404e9b859e0b4a6bf0d5a0	d__Bacteria;p__Firmicutes;c__Clostridia;o__Oscillospirales;f__Oscillospiraceae	0.9885737047312443
504fdc405a57627173a53a07444e5141	d__Bacteria;p__Firmicutes;c__Clostridia;o__Lachnospirales;f__Lachnospiraceae;g__[Eubacterium]_eligens_group;s__	0.9998726329362929
866eacc31ca2e9a0d9c32dfbddd4d2e2	d__Bacteria;p__Firmicutes;c__Clostridia;o__Lachnospirales;f__Lachnospiraceae	0.997938662946937
fd505d0e604d406899bf029fcb19994d	d__Bacteria;p__Firmicutes;c__Clostridia;o__Christensenellales;f__Christensenellaceae;g__Christensenellaceae_R-7_group;s__	0.9172898803576
ad501db6e93c87cdd43dee1f91bedd6b	d__Bacteria;p__Bacteroidota;c__Bacteroidia;o__Bacteroidales;f__Bacteroidaceae;g__Bacteroides;s__	0.9970902668509719
f96a7b7f5b486937a94fd4fd2ddf6568	d__Bacteria;p__Firmicutes;c__Clostridia;o__Oscillospirales;f__Oscillospiraceae	0.9945794370662446
dd26731b960e07035ffb6de4b918add2	d__Bacteria;p__Firmicutes;c__Clostridia;o__Monoglobales;f__Monoglobaceae;g__Monoglobus;s__	0.9400859872227795
3688b53d55ac69580cb55d05a03aacf3	d__Bacteria;p__Firmicutes;c__Clostridia;o__Lachnospirales;f__Lachnospiraceae	0.999852937951243
807582b65ea3e85805e469abe3dcf542	d__Bacteria;p__Firmicutes;c__Clostridia;o__Lachnospirales;f__Lachnospiraceae	0.9996149583017884
1648cf8e29efa7a11915789458ec5878	d__Bacteria;p__Firmicutes;c__Clostridia	0.9941758636665068
4f22fe521dfde7eb41c05fe978baf04a	d__Bacteria;p__Firmicutes;c__Clostridia;o__Lachnospirales;f__Lachnospiraceae;g__[Eubacterium]_eligens_group;s__	0.9999328240355321
56e64d2d80c91ec9f5d84eb2f2014d58	d__Bacteria;p__Firmicutes;c__Clostridia;o__Lachnospirales;f__Lachnospiraceae;g__[Eubacterium]_hallii_group;s__	0.9948301237954439
4015283d281553e76f78e8a26533ed96	d__Bacteria;p__Firmicutes;c__Clostridia;o__Lachnospirales;f__Lachnospiraceae;g__[Eubacterium]_eligens_group;s__	0.9995762646353876
d1c8a1e34a08fe7d5794c85a2b9cc31c	d__Bacteria;p__Bacteroidota;c__Bacteroidia;o__Bacteroidales;f__Marinifilaceae;g__Odoribacter;s__	0.999986007417759
998e39ae1f6a154b7e49d7137e1cc4c2	d__Bacteria;p__Firmicutes;c__Clostridia;o__Oscillospirales;f__Ruminococcaceae	0.8669234486980577
70475d7febfec30d2ba1dc4e5fbaf0eb	d__Bacteria;p__Firmicutes;c__Clostridia;o__Monoglobales;f__Monoglobaceae;g__Monoglobus;s__	0.9439632508681263
42f92cec091500967f9afd62c2805974	d__Bacteria;p__Firmicutes;c__Clostridia;o__Lachnospirales;f__Lachnospiraceae	0.9995277687848694
c7eab14405f56daeee45e502c9ef0e6d	d__Bacteria;p__Firmicutes;c__Clostridia;o__Lachnospirales;f__Lachnospiraceae	0.9908266005590971
93e49328dcd448b420ab4d0174c52c21	d__Bacteria;p__Firmicutes;c__Clostridia	0.9987441821115766
cea953563475dde06d718a5eab9b3042	d__Bacteria;p__Firmicutes;c__Clostridia;o__Lachnospirales;f__Lachnospiraceae;g__Tuzzerella;s__	0.7586685008475587
f25c692fc300db1cf1c533bd9f0c68fe	d__Bacteria;p__Firmicutes;c__Clostridia;o__Oscillospirales	0.7568459772478593
f22a282a951584806d81d849103646cc	d__Bacteria;p__Firmicutes;c__Clostridia;o__Lachnospirales;f__Lachnospiraceae;g__Dorea;s__	0.9357102660801744
265e68b830428b8dfd75ab74cf64dc69	d__Bacteria;p__Firmicutes;c__Clostridia;o__Oscillospirales;f__Ruminococcaceae;g__Incertae_Sedis;s__	0.9375563281140025
693d8fbf9456e72b371fa548d2e735b5	d__Bacteria;p__Firmicutes;c__Clostridia;o__Oscillospirales	0.7674656151976452
237fb982b42b8b1c8e42e8694a188601	d__Bacteria;p__Proteobacteria;c__Gammaproteobacteria;o__Enterobacterales;f__Pasteurellaceae;g__Haemophilus;s__	0.9663907748652089
6aab1204178a1e70792d9a234f6ad582	d__Bacteria;p__Firmicutes;c__Bacilli;o__Lactobacillales;f__Streptococcaceae;g__Streptococcus;s__	0.9704288033409375
7ccb596d53ab3e4408a5eae4291e1341	d__Bacteria;p__Firmicutes;c__Clostridia	0.9990111556461903
420412f3643e3fcbef235703b780be34	d__Bacteria;p__Firmicutes;c__Clostridia;o__Christensenellales;f__Christensenellaceae;g__Christensenellaceae_R-7_group;s__	0.7580044682810466
b0806a5b7b375a14f7ab3a52a2bf8d54	d__Bacteria;p__Proteobacteria;c__Gammaproteobacteria;o__Enterobacterales;f__Enterobacteriaceae	0.9573826211035632
bd2216bbce72a8674db81be2fdb045a1	d__Bacteria;p__Bacteroidota;c__Bacteroidia;o__Bacteroidales;f__Prevotellaceae	0.9953536117070431
e14eb6ad3a710650451b43dba98951f0	d__Bacteria;p__Bacteroidota;c__Bacteroidia;o__Bacteroidales;f__Prevotellaceae;g__Prevotella_9;s__	0.999856187539234
33668a751c1fe0bc285a794001c1b4e6	d__Bacteria;p__Bacteroidota;c__Bacteroidia;o__Bacteroidales;f__Prevotellaceae;g__Prevotella_9;s__	0.9998732256625064
3b4aa8c8c468f510c23d8ffd645ec281	d__Bacteria;p__Firmicutes;c__Clostridia;o__Oscillospirales;f__Ruminococcaceae;g__Ruminococcus;s__	0.7996861023530268
6e3120c0f62584d5082c02e542fdaebe	d__Bacteria;p__Bacteroidota;c__Bacteroidia;o__Bacteroidales;f__Prevotellaceae;g__Alloprevotella;s__	0.9976595798845524
46336a4fd416ea87c3b681b08cd473b6	d__Bacteria;p__Firmicutes;c__Negativicutes;o__Veillonellales-Selenomonadales;f__Selenomonadaceae;g__Mitsuokella;s__	0.7788281512324011
cac982351b8bba67092e1d6d54e76d1f	d__Bacteria;p__Firmicutes;c__Negativicutes;o__Acidaminococcales;f__Acidaminococcaceae;g__Phascolarctobacterium;s__	0.9998448565785507
e6968440f104b35817b8b7c8beb28fff	d__Bacteria;p__Bacteroidota;c__Bacteroidia;o__Bacteroidales;f__Prevotellaceae;g__Alloprevotella;s__	0.9950203565747647
467ecd9bf2f563c50bf4db38f28ae886	d__Bacteria;p__Firmicutes;c__Negativicutes;o__Veillonellales-Selenomonadales;f__Selenomonadaceae;g__Mitsuokella;s__	0.9971027957696379
b172dd0fd99a0183cbe5d0868b42ca94	d__Bacteria;p__Firmicutes;c__Clostridia;o__Lachnospirales;f__Lachnospiraceae;g__Fusicatenibacter;s__	0.9978283833889033
8ea0352027c3df49c03282201cebfafe	d__Bacteria;p__Bacteroidota;c__Bacteroidia;o__Bacteroidales;f__Prevotellaceae;g__Prevotella_9;s__	0.9998891006384543
b54bb5279139b90f110d96e1c53b7fe2	d__Bacteria;p__Firmicutes;c__Negativicutes;o__Veillonellales-Selenomonadales;f__Selenomonadaceae;g__Mitsuokella;s__	0.9990639155245922
669890963cc9c283b04f7b3de43ed769	d__Bacteria;p__Bacteroidota;c__Bacteroidia;o__Bacteroidales;f__Prevotellaceae;g__Prevotella_9;s__	0.9999738926356072
b7dd34c2068f9699ae59e8b881a7c72f	d__Bacteria;p__Firmicutes;c__Negativicutes;o__Veillonellales-Selenomonadales;f__Veillonellaceae;g__Megasphaera;s__	0.9999826949127545
486a20691b41563210d7edd6a0ba4264	d__Bacteria;p__Firmicutes;c__Negativicutes;o__Acidaminococcales;f__Acidaminococcaceae;g__Phascolarctobacterium;s__	0.9997268185984661
c131dc2ec14a6da4ded921574e070de4	d__Bacteria;p__Firmicutes;c__Negativicutes;o__Veillonellales-Selenomonadales;f__Selenomonadaceae;g__Mitsuokella;s__	0.996612301776875
4b3a9f3f728d427dc0f3d88f0ff3bd31	d__Bacteria;p__Firmicutes;c__Clostridia;o__Oscillospirales;f__Ruminococcaceae;g__Faecalibacterium;s__	0.9991594638967317
02bead8199caf3f50e0a5f295787e76e	d__Bacteria;p__Firmicutes;c__Negativicutes;o__Veillonellales-Selenomonadales;f__Veillonellaceae;g__Megasphaera;s__	0.9999945474775137
31a631098f2c7c57f667237d8e47a787	d__Bacteria;p__Firmicutes;c__Negativicutes;o__Veillonellales-Selenomonadales;f__Veillonellaceae;g__Megasphaera;s__	0.9999711382770344
bfaba43890f92b929fa99dc73fde806b	d__Bacteria;p__Firmicutes;c__Negativicutes;o__Acidaminococcales;f__Acidaminococcaceae;g__Phascolarctobacterium;s__	0.999703192346858
2cd15cd480a06613502dcf85093628ed	d__Bacteria;p__Firmicutes;c__Clostridia;o__Oscillospirales;f__Ruminococcaceae;g__Faecalibacterium;s__	0.9965530773361605
0bc50b05e53a6e8a95981ccd9a51e5bf	d__Bacteria;p__Firmicutes;c__Clostridia;o__Lachnospirales;f__Lachnospiraceae;g__Lachnospira;s__	0.8928077931109029
fd7524f5203bd27c8a9214916955bfdf	d__Bacteria;p__Firmicutes;c__Negativicutes;o__Veillonellales-Selenomonadales;f__Selenomonadaceae	0.9999483253157957
2028ae6013a6bb77d0fb598b06b43777	d__Bacteria;p__Firmicutes;c__Clostridia;o__Lachnospirales;f__Lachnospiraceae;g__Dorea;s__	0.8319842594852972
dee586c608fe84fed3b9e9909fb8c6d9	d__Bacteria;p__Firmicutes;c__Bacilli;o__Erysipelotrichales;f__Erysipelatoclostridiaceae;g__Catenibacterium;s__	0.9999978115702605
3526b71205a3f4e66582413f30bc7262	d__Bacteria;p__Firmicutes;c__Negativicutes;o__Veillonellales-Selenomonadales;f__Selenomonadaceae;g__uncultured;s__	0.919118084002781
b86114b53112939dde6de1ec2044dce5	d__Bacteria;p__Firmicutes;c__Negativicutes;o__Veillonellales-Selenomonadales;f__Selenomonadaceae;g__uncultured;s__	0.9210009887058651
cce1bb712cb6ff030af64fa30fdd0850	d__Bacteria;p__Actinobacteriota;c__Coriobacteriia;o__Coriobacteriales;f__Atopobiaceae;g__Libanicoccus;s__	0.9999891520390558
d9ba7c5b834c89a25825369e14aa87bd	d__Bacteria;p__Firmicutes;c__Negativicutes;o__Veillonellales-Selenomonadales;f__Selenomonadaceae	0.9999565304327884
f913bd53f8bdad10f3aaa24a2376ec25	d__Bacteria;p__Actinobacteriota;c__Actinobacteria;o__Bifidobacteriales;f__Bifidobacteriaceae;g__Bifidobacterium;s__	0.9999317821565235
b890f9e520581575468bf9cc1092097c	d__Bacteria;p__Firmicutes;c__Negativicutes;o__Veillonellales-Selenomonadales;f__Veillonellaceae;g__Veillonellaceae;s__	0.8735408056996224
fb1aa759f5d4aa3ecdabaca07bd6fd66	d__Bacteria;p__Firmicutes;c__Clostridia;o__Oscillospirales;f__Oscillospiraceae;g__Flavonifractor;s__	0.7903229369833213
c596d61f4f0b3c03171088de5d33a45b	d__Bacteria;p__Firmicutes;c__Clostridia;o__Lachnospirales;f__Lachnospiraceae;g__Blautia;s__	0.9596592811962724
2603b71b9d874e1db318d8e8ba4d92d1	d__Bacteria;p__Firmicutes;c__Clostridia;o__Lachnospirales;f__Lachnospiraceae	0.9955375209263218
dfac8d44c70d7614033f0d825133a91a	d__Bacteria;p__Firmicutes;c__Clostridia;o__Lachnospirales;f__Lachnospiraceae;g__Lachnospiraceae_FCS020_group;s__	0.8738492959046217
50537ca4e51328e6833b98bcf2d599f0	d__Bacteria;p__Firmicutes;c__Clostridia;o__Oscillospirales;f__Ruminococcaceae;g__uncultured;s__	0.8094342389815148
3d84ee20bd3f371745cd0c2db6fa4357	d__Bacteria;p__Firmicutes;c__Clostridia;o__Lachnospirales;f__Lachnospiraceae;g__Blautia;s__	0.7191906307497589
355427829da1c12a9fdcc879d3d4968c	d__Bacteria;p__Firmicutes;c__Clostridia;o__Lachnospirales;f__Lachnospiraceae	0.9985414907897624
0ade73284ebe79642e88bfb55f90e7f3	d__Bacteria;p__Firmicutes;c__Clostridia;o__Lachnospirales;f__Lachnospiraceae	0.9974207201917566
c9fe0fa5549bebbb94ae8c5641774f6d	d__Bacteria;p__Firmicutes;c__Clostridia;o__Lachnospirales;f__Lachnospiraceae	0.9830487565128456
1021ed5312782082d48d646a1b8718dd	d__Bacteria;p__Firmicutes;c__Clostridia;o__Lachnospirales;f__Lachnospiraceae	0.997020740634614
25ccd84d3f05b30f8ea82578a042bf37	d__Bacteria;p__Bacteroidota;c__Bacteroidia;o__Bacteroidales;f__Bacteroidaceae;g__Bacteroides;s__	0.9985320891296569
1f4edef9cfd4297a0bf8e82c89cdf1e3	d__Bacteria;p__Bacteroidota;c__Bacteroidia;o__Bacteroidales;f__Bacteroidaceae;g__Bacteroides;s__	0.9986836210748629
6c47e70133a5a34300c90c1f98781492	d__Bacteria;p__Firmicutes;c__Clostridia;o__Lachnospirales;f__Lachnospiraceae;g__[Ruminococcus]_gnavus_group;s__	0.9688128655325826
0ee2c832959d0df669ae07374ffdd339	d__Bacteria;p__Bacteroidota;c__Bacteroidia;o__Bacteroidales;f__Bacteroidaceae;g__Bacteroides;s__	0.9988355103035645
df3f69bab2f3ceff629edfb57ae52355	d__Bacteria;p__Firmicutes;c__Clostridia;o__Lachnospirales;f__Lachnospiraceae;g__Anaerostipes;s__	0.9949338397130616
d5744799f80b6301faedc2c59d663249	d__Bacteria;p__Firmicutes;c__Clostridia;o__Lachnospirales;f__Lachnospiraceae;g__[Ruminococcus]_gnavus_group;s__	0.9919192084116131
5efaef420db14fdc92ba2b157147dca5	d__Bacteria;p__Fusobacteriota;c__Fusobacteriia;o__Fusobacteriales;f__Fusobacteriaceae;g__Fusobacterium;s__	0.9998760814402082
e4c5ecfd99938895b807b352eb14439f	d__Bacteria;p__Firmicutes;c__Clostridia;o__Lachnospirales;f__Lachnospiraceae;g__[Eubacterium]_hallii_group;s__	0.990703092284223
e8ddc9ab1af08b6eb83c470391716aa6	d__Bacteria;p__Firmicutes;c__Clostridia;o__Lachnospirales;f__Lachnospiraceae;g__[Eubacterium]_hallii_group;s__	0.9891677010076904
26bb88e84527520b12d4310d2badeac8	d__Bacteria;p__Proteobacteria;c__Gammaproteobacteria;o__Enterobacterales;f__Enterobacteriaceae	0.9464660728227494
729ecc25889afb074e181ac3e2c1b53e	d__Bacteria;p__Firmicutes;c__Bacilli;o__Lactobacillales;f__Streptococcaceae;g__Streptococcus;s__	0.9999318159764773
99835777b322b98c77bd3e2e4f405909	d__Bacteria;p__Firmicutes;c__Clostridia;o__Lachnospirales;f__Lachnospiraceae	0.9987442295141543
07e11d9b509d592d7da29e23655194a9	d__Bacteria;p__Firmicutes;c__Clostridia;o__Oscillospirales;f__Ruminococcaceae;g__Faecalibacterium;s__	0.9996485865225919
7d1e93ef5530b6510c6275e9745a6b67	d__Bacteria;p__Bacteroidota;c__Bacteroidia;o__Bacteroidales;f__Bacteroidaceae;g__Bacteroides;s__	0.9056455433554796
48485394ebd1c46f567ec6195f1fdfca	d__Bacteria;p__Proteobacteria;c__Gammaproteobacteria;o__Enterobacterales;f__Enterobacteriaceae	0.9340864382829679
c2e55481a5a19e26a4ac12a208b0006f	d__Bacteria;p__Proteobacteria;c__Gammaproteobacteria;o__Enterobacterales;f__Enterobacteriaceae	0.9385517936685775
ebd827dd95fa02d7607bebf80874e8ea	d__Bacteria;p__Bacteroidota;c__Bacteroidia;o__Bacteroidales;f__Bacteroidaceae;g__Bacteroides;s__	0.9998874309505719
d5cc466693d5b56a2e9e237f4af48194	d__Bacteria;p__Fusobacteriota;c__Fusobacteriia;o__Fusobacteriales;f__Fusobacteriaceae;g__Fusobacterium;s__	0.9827849130113321
48915ed926629f80325b789c7da5331a	d__Bacteria;p__Firmicutes;c__Clostridia;o__Lachnospirales;f__Lachnospiraceae;g__Anaerostipes;s__	0.9927240001671905
e3f25164b04155da5aa45c6ec20b361d	d__Bacteria;p__Proteobacteria;c__Gammaproteobacteria;o__Enterobacterales;f__Morganellaceae;g__Providencia;s__	0.9823055688755485
a86ab8bb67f9abffacc4081119158083	d__Bacteria;p__Firmicutes;c__Clostridia;o__Oscillospirales;f__Ruminococcaceae;g__Subdoligranulum;s__	0.993281543155519
f3e9223dd84497cf5a178ddca1427ec3	d__Bacteria;p__Firmicutes;c__Clostridia;o__Oscillospirales;f__Ruminococcaceae;g__Faecalibacterium;s__	0.9996506186131713
47ad4b677c9ec42b9b9ce0cfb12a5fda	d__Bacteria;p__Firmicutes;c__Clostridia;o__Lachnospirales;f__Lachnospiraceae;g__Blautia;s__	0.9380901765502915
5a4b17efc9b2e10c7fc9a3211d926db8	d__Bacteria;p__Firmicutes;c__Negativicutes;o__Veillonellales-Selenomonadales;f__Veillonellaceae;g__Dialister;s__	0.9997516636353929
a409b2e6400f6ed368be98ede77af082	d__Bacteria;p__Bacteroidota;c__Bacteroidia;o__Bacteroidales;f__Barnesiellaceae;g__Barnesiella;s__	0.999968992117233
be6f80ffc8f947447e6757b71cfafb0a	d__Bacteria;p__Bacteroidota;c__Bacteroidia;o__Bacteroidales;f__Bacteroidaceae;g__Bacteroides;s__	0.9997369702002643
d58ae3745fc39a9c95b7a20c9d7f91d0	d__Bacteria;p__Firmicutes;c__Clostridia;o__Lachnospirales;f__Lachnospiraceae	0.9996298942624136
47f3666126a324724af490b3722dcc80	d__Bacteria;p__Proteobacteria;c__Gammaproteobacteria;o__Enterobacterales	0.9999999438950772
61c5221417599b893c7024fbb233b280	d__Bacteria;p__Firmicutes;c__Negativicutes;o__Veillonellales-Selenomonadales;f__Veillonellaceae;g__Dialister;s__	0.9999165295474952
71ec4344becb266b8c301035f862741b	d__Bacteria;p__Bacteroidota;c__Bacteroidia;o__Bacteroidales;f__Bacteroidaceae;g__Bacteroides;s__	0.9977884775225178
7aa9e617201d3b4942712068662ba4a2	d__Bacteria;p__Firmicutes;c__Clostridia;o__Lachnospirales;f__Lachnospiraceae;g__Fusicatenibacter;s__	0.9993666318883094
61a0bf6e492712683336196401bbb332	d__Bacteria;p__Firmicutes;c__Negativicutes;o__Veillonellales-Selenomonadales;f__Veillonellaceae;g__Dialister;s__	0.9997983592128601
9398feacc7b1936da546ddffb0df8662	d__Bacteria;p__Bacteroidota;c__Bacteroidia;o__Bacteroidales;f__Barnesiellaceae;g__Barnesiella;s__	0.999957299005418
6512267834610240d8a9c3ba8d112af7	d__Bacteria;p__Firmicutes;c__Clostridia;o__Lachnospirales;f__Lachnospiraceae	0.999616904657865
e23aade645ced76c94df9576d742dd9b	d__Bacteria;p__Firmicutes;c__Clostridia;o__Lachnospirales;f__Lachnospiraceae;g__[Eubacterium]_hallii_group;s__	0.9961623025684833
d77fae9d3a4589c249d0a0ae387c8e04	d__Bacteria;p__Bacteroidota;c__Bacteroidia;o__Bacteroidales;f__Tannerellaceae;g__Parabacteroides;s__	0.9997016244943563
099f9c822cc39d1c9c94d8b4cc979069	d__Bacteria;p__Firmicutes;c__Clostridia;o__Lachnospirales;f__Lachnospiraceae	0.999650706438475
d158f173bb7e4b301c3bbe7e1070ca0d	d__Bacteria;p__Firmicutes;c__Clostridia;o__Oscillospirales	0.866127754965755
a9eda6a0fce2abb882e65f5d83180485	d__Bacteria;p__Bacteroidota;c__Bacteroidia;o__Bacteroidales;f__Barnesiellaceae;g__Barnesiella;s__	0.9999832218722803
6b2da93c4c83de1ecce9604d4659e8d8	d__Bacteria;p__Firmicutes;c__Clostridia;o__Lachnospirales;f__Lachnospiraceae	0.9997958700435613
140472f533adafcc3d610cb0b198f018	d__Bacteria;p__Bacteroidota;c__Bacteroidia;o__Bacteroidales;f__Tannerellaceae;g__Parabacteroides;s__	0.9997173674113334
8e2c4c220e8eeddc4f0278985dc5695d	d__Bacteria;p__Firmicutes;c__Clostridia;o__Monoglobales;f__Monoglobaceae;g__Monoglobus;s__	0.9909756545226239
6559d2868a21e8a0be757dae33050c9b	d__Bacteria;p__Firmicutes;c__Clostridia;o__Lachnospirales;f__Lachnospiraceae;g__Blautia;s__	0.9297214039108852
74129fe016ed2c841e239fac87df5989	d__Bacteria;p__Fusobacteriota;c__Fusobacteriia;o__Fusobacteriales;f__Fusobacteriaceae;g__Fusobacterium;s__	0.9885679554702768
868919a29056214436ee3b8b98d16a65	d__Bacteria;p__Firmicutes;c__Clostridia;o__Clostridiales;f__Clostridiaceae;g__Clostridium_sensu_stricto_1;s__	0.9933402379228091
5598ee475151a211e906433775aa24ad	d__Bacteria;p__Firmicutes;c__Clostridia;o__Lachnospirales;f__Lachnospiraceae;g__Blautia;s__	0.9200097686134229
de6f01a857b8aaa1d9d46b9d24fda3f9	d__Bacteria;p__Firmicutes;c__Clostridia;o__Lachnospirales;f__Lachnospiraceae	0.9918332812076294
df980801a511e11696d2680a1dd7b408	d__Bacteria;p__Bacteroidota;c__Bacteroidia;o__Bacteroidales;f__Tannerellaceae;g__Parabacteroides;s__	0.9995971530094511
c0fa96ff69bcd9c043db386ef0711e8c	d__Bacteria;p__Firmicutes;c__Clostridia;o__Monoglobales;f__Monoglobaceae;g__Monoglobus;s__	0.9966587810093498
2d2d2d141981af8264667bb968758065	d__Bacteria;p__Firmicutes;c__Clostridia;o__Lachnospirales;f__Lachnospiraceae;g__Fusicatenibacter;s__	0.9988676663688374
9dda1676bcc2e06adcc929120e24a973	d__Bacteria;p__Firmicutes;c__Clostridia	0.8052645914465617
a9a8a2eacc36c0c361cc0f67654823b2	d__Bacteria;p__Firmicutes;c__Clostridia;o__Lachnospirales;f__Lachnospiraceae	0.994586241602927
684888bda442c9fa3d714ee65c11619d	d__Bacteria;p__Firmicutes;c__Clostridia;o__Lachnospirales;f__Lachnospiraceae;g__[Eubacterium]_hallii_group;s__	0.9970525900853555
6b4cb2c4a78fd15360dc4dca4d17a600	d__Bacteria;p__Firmicutes;c__Clostridia;o__Lachnospirales;f__Lachnospiraceae	0.9863122333293127
69410b04803fb12b33e40854344cd29a	d__Bacteria;p__Firmicutes;c__Clostridia;o__Lachnospirales;f__Lachnospiraceae;g__Fusicatenibacter;s__	0.9989149701940141
45bcf6753cccf00d8a5800d53446f2dc	d__Bacteria;p__Firmicutes;c__Clostridia;o__Lachnospirales;f__Lachnospiraceae;g__[Eubacterium]_eligens_group;s__	0.9783935082355572
7f11c9644eb83484ec4458e834c4f774	d__Bacteria;p__Firmicutes;c__Clostridia;o__Lachnospirales;f__Lachnospiraceae;g__Fusicatenibacter;s__	0.9370648553881341
cc92753ea6bbc093d4f22a76e77a5eae	d__Bacteria;p__Firmicutes;c__Clostridia;o__Lachnospirales;f__Lachnospiraceae	0.9884481393201139
9859ca72c3cc79b9c95a16d28287043e	d__Bacteria;p__Firmicutes;c__Clostridia	0.8782741117638629
f1ddabfc710f09ff7aa5d9b00f974aee	d__Bacteria;p__Firmicutes;c__Clostridia;o__Oscillospirales;f__Ruminococcaceae;g__Faecalibacterium;s__	0.9995756555473171
445f4405a97537d0ed091bbe5dde2503	d__Bacteria;p__Bacteroidota;c__Bacteroidia;o__Bacteroidales;f__Prevotellaceae	0.9955951028470418
72eaf951c0edb9e268851dc720c0c2ed	d__Bacteria;p__Firmicutes;c__Clostridia;o__Oscillospirales;f__[Eubacterium]_coprostanoligenes_group;g__[Eubacterium]_coprostanoligenes_group;s__	0.9648247570032215
6bcdaeeb21a19b8341f183d90df4e29c	d__Bacteria;p__Bacteroidota;c__Bacteroidia;o__Bacteroidales;f__Prevotellaceae;g__uncultured;s__	0.9950758528476774
6176e348f4783d9568edc613cae1ab68	d__Bacteria;p__Firmicutes;c__Clostridia;o__Oscillospirales;f__[Eubacterium]_coprostanoligenes_group;g__[Eubacterium]_coprostanoligenes_group;s__	0.9658414228923065
ad03a6a01cf746b1c7856d79a16b287d	d__Bacteria;p__Bacteroidota;c__Bacteroidia;o__Bacteroidales;f__Prevotellaceae;g__uncultured;s__	0.9984246076059544
36ea1fd2115d744d6343e82bd024e8d1	d__Bacteria;p__Firmicutes;c__Clostridia;o__Oscillospirales;f__Ruminococcaceae;g__Faecalibacterium;s__	0.9989955388582212
581358e10753affe7d74cad9e397ba9a	d__Bacteria;p__Firmicutes;c__Negativicutes;o__Veillonellales-Selenomonadales;f__Selenomonadaceae;g__Mitsuokella;s__	0.9964101533432596
0dadf10b26434aa27e142b6f5773c9ec	d__Bacteria;p__Actinobacteriota;c__Coriobacteriia;o__Coriobacteriales;f__Coriobacteriaceae;g__Collinsella;s__	0.9998518449232091
c7d8f8bd6b796a6a825390f46029f0a6	d__Bacteria;p__Firmicutes;c__Negativicutes;o__Veillonellales-Selenomonadales;f__Selenomonadaceae;g__Mitsuokella;s__	0.9984790703494169
2772ea2c6d4ce71768397f226076bd10	d__Bacteria;p__Firmicutes;c__Clostridia;o__Oscillospirales;f__Oscillospiraceae;g__UCG-005;s__	0.8434406192679411
625301dd524d623c262527225480ae16	d__Bacteria;p__Firmicutes;c__Clostridia;o__Lachnospirales;f__Lachnospiraceae	0.9990094923646432
9098fbcd8f948738348a253e52d66082	d__Bacteria;p__Firmicutes;c__Clostridia;o__Lachnospirales;f__Lachnospiraceae;g__[Eubacterium]_ventriosum_group;s__	0.8460492342031657
0cc8a5e454d226584677f76f6cc1b5a3	d__Bacteria;p__Bacteroidota;c__Bacteroidia;o__Bacteroidales;f__Prevotellaceae;g__Prevotella_9;s__	0.9998410556053056
2630e81ad19b6e4b323b1a40fb6e5132	d__Bacteria;p__Firmicutes;c__Clostridia;o__Oscillospirales;f__Oscillospiraceae;g__UCG-005;s__	0.7563398132315372
efcdc528df36e40bab8e1cfeff63f07b	d__Bacteria;p__Firmicutes;c__Negativicutes;o__Veillonellales-Selenomonadales;f__Selenomonadaceae;g__Mitsuokella;s__	0.9988712310060005
e99c333fe901983903b2ec17fed93d49	d__Bacteria;p__Firmicutes;c__Clostridia;o__Lachnospirales;f__Lachnospiraceae	0.9993076795894269
da3dee28cb923ff482e1486de32ea099	d__Bacteria;p__Bacteroidota;c__Bacteroidia;o__Bacteroidales;f__Rikenellaceae;g__Alistipes;s__	0.9983244705472509
aa66f9897f675966e35768d160b19a96	d__Bacteria;p__Firmicutes;c__Negativicutes;o__Veillonellales-Selenomonadales;f__Veillonellaceae;g__Megasphaera;s__	0.9999775766793157
f085b2e501080e8378485921ba091299	d__Bacteria;p__Bacteroidota;c__Bacteroidia;o__Bacteroidales;f__Tannerellaceae;g__Tannerellaceae;s__	0.8040236444675816
8acba7b6068f33b1ee6b58cf29080fba	d__Bacteria;p__Bacteroidota;c__Bacteroidia;o__Bacteroidales;f__Prevotellaceae;g__Prevotella_9;s__	0.9998840986448068
34cc23e98f93ccde1435b6487c8ad001	d__Bacteria;p__Firmicutes;c__Bacilli;o__Erysipelotrichales;f__Erysipelotrichaceae;g__Solobacterium;s__	0.9999889661144665
3a8ff759d17d001d2d99304efcf404ae	d__Bacteria;p__Firmicutes;c__Clostridia;o__Oscillospirales;f__[Eubacterium]_coprostanoligenes_group;g__[Eubacterium]_coprostanoligenes_group;s__	0.9627240969227673
b643ab259020baf42fec3bfe8cfbb5e7	d__Bacteria;p__Firmicutes;c__Clostridia;o__Oscillospirales;f__[Eubacterium]_coprostanoligenes_group;g__[Eubacterium]_coprostanoligenes_group;s__	0.7761682544534
9d40eeabf666c6ef8567c90211a1b0ea	d__Bacteria;p__Firmicutes;c__Negativicutes;o__Veillonellales-Selenomonadales;f__Veillonellaceae;g__Megasphaera;s__	0.9999325777827257
a2fe08b06021f6f3ab96b2bb3f433627	d__Bacteria;p__Firmicutes;c__Clostridia;o__Oscillospirales;f__Oscillospiraceae;g__UCG-002;s__	0.9470652144582977
48663f00bbd4b0bf11f340244a9063c1	d__Bacteria;p__Firmicutes;c__Clostridia;o__Oscillospirales;f__Oscillospiraceae;g__UCG-002;s__	0.9803244985950232
b7535fc174265e9f510585e33a6c29e7	d__Bacteria;p__Firmicutes;c__Negativicutes;o__Veillonellales-Selenomonadales;f__Veillonellaceae;g__Megasphaera;s__	0.9999951463451549
d9637abe5396cb9629da27bff2134aee	d__Bacteria;p__Firmicutes;c__Clostridia;o__Oscillospirales;f__Oscillospiraceae;g__UCG-002;s__	0.9718499829165392
b7c42dec91463ddbff652ad074347f41	d__Bacteria;p__Bacteroidota;c__Bacteroidia;o__Bacteroidales;f__Tannerellaceae;g__Parabacteroides;s__	0.9998538512005528
54c35b8384f7a58aa1d13b91e8b1f6e8	d__Bacteria;p__Bacteroidota;c__Bacteroidia;o__Bacteroidales;f__Barnesiellaceae;g__Barnesiella;s__	0.9999588781722305
2dec30a343c7c7bff2bc6b42574f4d4f	d__Bacteria;p__Firmicutes;c__Clostridia;o__Oscillospirales	0.7133875910123593
238d8aa00affca4306537f0872a19d38	d__Bacteria;p__Firmicutes;c__Clostridia;o__Oscillospirales;f__Ruminococcaceae;g__Ruminococcus;s__	0.926722977866086
623bde050d255a1f057ebf7655b17455	d__Bacteria;p__Firmicutes;c__Clostridia;o__Lachnospirales;f__Lachnospiraceae;g__[Eubacterium]_hallii_group;s__	0.9916114984924477
b424c4f0f2e73a40386638c3c41f7de9	d__Bacteria;p__Firmicutes;c__Clostridia;o__Oscillospirales;f__Ruminococcaceae;g__Subdoligranulum;s__	0.9765585195293971
ac1e470007e46c4a52f15386c8d053a1	d__Bacteria;p__Bacteroidota;c__Bacteroidia;o__Bacteroidales;f__Prevotellaceae;g__Prevotella_9;s__	0.9997322505860087
76a20113f308f89e8747424bfde6a524	d__Bacteria;p__Bacteroidota;c__Bacteroidia;o__Bacteroidales;f__Bacteroidaceae;g__Bacteroides;s__	0.9999183107659023
f38a069808472dfcdf2e6ecc34a477e4	d__Bacteria;p__Proteobacteria;c__Gammaproteobacteria;o__Burkholderiales;f__Oxalobacteraceae;g__Oxalobacter;s__	0.997737518995649
a63eb0470079bba018633661eba0a586	d__Bacteria;p__Actinobacteriota;c__Coriobacteriia;o__Coriobacteriales;f__Eggerthellaceae;g__Enterorhabdus;s__	0.9703255377722148
05c7654138c021ef054c503755f52b21	d__Bacteria;p__Firmicutes;c__Clostridia;o__Lachnospirales;f__Lachnospiraceae;g__[Eubacterium]_ventriosum_group;s__	0.7869728484432608
c5fdab8c5a5c5fa8304edf7360d30394	d__Bacteria;p__Firmicutes;c__Clostridia;o__Oscillospirales;f__Ruminococcaceae;g__Subdoligranulum;s__	0.9992488621013755
7797e4e5e71fc52e17ca9e58fc75c576	d__Bacteria;p__Bacteroidota;c__Bacteroidia;o__Bacteroidales;f__Bacteroidaceae;g__Bacteroides;s__	0.9996403094420973
5d716803448aeff1dcd32b667248e189	d__Bacteria;p__Firmicutes;c__Clostridia;o__Lachnospirales;f__Lachnospiraceae;g__Anaerostipes;s__	0.9835430505676698
05648b283f646b2353d97cc125b43dd0	d__Bacteria;p__Firmicutes;c__Clostridia;o__Lachnospirales;f__Lachnospiraceae;g__Anaerostipes;s__	0.9468389821459002
d842da4b38df9f75f53a686477dc379c	d__Bacteria;p__Firmicutes;c__Clostridia;o__Oscillospirales;f__Ruminococcaceae;g__uncultured;s__	0.8852340121012013
89c14ee0e706efee53cd8d31e14f53e4	d__Bacteria;p__Firmicutes;c__Negativicutes;o__Veillonellales-Selenomonadales;f__Veillonellaceae;g__Megasphaera;s__	0.9998728389827088
025aef8b4dafa274edb9e324ea6ca55b	d__Bacteria;p__Firmicutes;c__Clostridia;o__Lachnospirales;f__Lachnospiraceae;g__Dorea;s__	0.961461592001885
b5ad0136a170e502f522f6eaac034a58	d__Bacteria;p__Firmicutes;c__Clostridia;o__Lachnospirales;f__Lachnospiraceae	0.9988381642723863
428d2014a0fde48628b0dc1a8a82cc3b	d__Bacteria;p__Bacteroidota;c__Bacteroidia;o__Bacteroidales;f__Prevotellaceae;g__Prevotella;s__	0.9580381806624392
0201a7a73fa5401e5a2c53f42827a2aa	d__Bacteria;p__Firmicutes;c__Clostridia;o__Oscillospirales;f__Ruminococcaceae;g__Ruminococcus;s__	0.9474224146666016
4dafc4080db4afe930314a0cb9057d97	d__Bacteria;p__Bacteroidota;c__Bacteroidia;o__Bacteroidales;f__Marinifilaceae;g__Odoribacter;s__	0.9996098745913626
ac705fa8e184e9de22396268de19e24b	d__Bacteria;p__Bacteroidota;c__Bacteroidia;o__Bacteroidales;f__Bacteroidaceae;g__Bacteroides;s__	0.9994748310286181
5a6e5b2f1637d33f0f82c00990b89927	d__Bacteria;p__Proteobacteria;c__Gammaproteobacteria;o__Burkholderiales;f__Sutterellaceae;g__Parasutterella;s__	0.9999991213138225
72164ca82bf192250b5c8de7b58ed1b6	d__Bacteria;p__Firmicutes;c__Clostridia;o__Peptostreptococcales-Tissierellales;f__Anaerovoracaceae;g__Family_XIII_AD3011_group;s__	0.8895971215907631
4f2ec0b8a12fa8df7bc2c63f95d0b513	d__Bacteria;p__Firmicutes;c__Clostridia;o__Oscillospirales;f__Ruminococcaceae;g__Subdoligranulum;s__	0.9915559520393008
fe536bd827aedc1cfedc47a2dc8dc615	d__Bacteria;p__Firmicutes;c__Clostridia;o__Oscillospirales;f__Ruminococcaceae;g__Faecalibacterium;s__	0.9993879018612536
502ed9aeccd7c3bbaecbfc2c22b06d82	d__Bacteria;p__Firmicutes;c__Clostridia;o__Oscillospirales;f__Ruminococcaceae;g__Subdoligranulum;s__	0.9949361233273545
529651e720b2ae762e85b073e4a34cc1	d__Bacteria;p__Actinobacteriota;c__Coriobacteriia;o__Coriobacteriales;f__Eggerthellaceae;g__Slackia;s__	0.9997584679381534
74062ea2fcb67097e3907d03592cf696	d__Bacteria;p__Bacteroidota;c__Bacteroidia;o__Bacteroidales;f__Prevotellaceae;g__Prevotellaceae_NK3B31_group;s__	0.9998179311554707
3e33618f1c5239500eb131ed64d23e3e	d__Bacteria;p__Firmicutes;c__Clostridia;o__Lachnospirales;f__Lachnospiraceae	0.999653202881947
95db032e87d9f8a661b2d9184accf3c2	d__Bacteria;p__Firmicutes;c__Clostridia;o__Oscillospirales;f__Oscillospiraceae;g__UCG-002;s__	0.9677475524223521
5feb688f5665b21390c2ccd122fa944b	d__Bacteria;p__Firmicutes;c__Clostridia;o__Oscillospirales	0.7049034853303423
2db0d3ecff63944756aad242483a8510	d__Bacteria;p__Firmicutes;c__Clostridia;o__Christensenellales;f__Christensenellaceae;g__Christensenellaceae_R-7_group;s__	0.8827627186840696
e6db9397f23f83b22f8586cf93bbcad1	d__Bacteria;p__Firmicutes;c__Clostridia;o__Lachnospirales;f__Lachnospiraceae;g__Lachnospira;s__	0.9437976328188863
3f76e5d4dc2c25e751879f147a0d034c	d__Bacteria;p__Bacteroidota;c__Bacteroidia;o__Bacteroidales;f__Bacteroidaceae;g__Bacteroides;s__	0.9975310102416529
ae9f374ef4947ec133abd57260cf4d2a	d__Bacteria;p__Desulfobacterota;c__Desulfovibrionia;o__Desulfovibrionales;f__Desulfovibrionaceae;g__Mailhella;s__	0.9970390235273343
295c83ec58311d052fe5afbe2cf2905e	d__Bacteria;p__Firmicutes;c__Clostridia;o__Lachnospirales;f__Lachnospiraceae;g__Marvinbryantia;s__	0.8081478558598817
fda498a26f67f4da46925f444888dd59	d__Bacteria;p__Firmicutes;c__Clostridia;o__Oscillospirales;f__UCG-010;g__UCG-010;s__	0.8702075644626952
47e59c4b29c0fa00a59e558a1edc250d	d__Bacteria;p__Bacteroidota;c__Bacteroidia;o__Bacteroidales;f__Marinifilaceae;g__Butyricimonas;s__	0.9999997860654675
4137d794b6b2e705b48f3e5783ff5d92	d__Bacteria;p__Firmicutes;c__Clostridia;o__Lachnospirales;f__Lachnospiraceae;g__Tuzzerella;s__	0.7070547171710602
a37dbe809c7de317e8cb7272ba3aefe1	d__Bacteria;p__Firmicutes;c__Clostridia;o__Lachnospirales;f__Lachnospiraceae;g__Dorea;s__	0.8977718671622233
8f0790b50bf03a302ccbacfba545848b	d__Bacteria;p__Firmicutes;c__Clostridia;o__Lachnospirales;f__Lachnospiraceae;g__[Ruminococcus]_gauvreauii_group;s__	0.7883727564932802
785e72189c0b433f599864b58ba3142f	d__Bacteria;p__Firmicutes;c__Clostridia;o__Lachnospirales;f__Lachnospiraceae	0.9985723260154235
76940c96b6a93761210f8caeeae2fa25	d__Bacteria;p__Firmicutes;c__Clostridia;o__Lachnospirales;f__Lachnospiraceae	0.9995749364729343
1f2a725a9647bc811ddfc553e325eae7	d__Bacteria;p__Firmicutes;c__Clostridia;o__Lachnospirales;f__Lachnospiraceae;g__Lachnospira;s__	0.9111094049927795
227f69b7553cfd1662b9455cbf56d758	d__Bacteria;p__Firmicutes;c__Clostridia	0.9985401559451706
473beb276b9519d75abc7d1780b47b7d	d__Bacteria;p__Firmicutes;c__Clostridia;o__Oscillospirales;f__Oscillospiraceae;g__UCG-002;s__	0.9363300973140603
2757ea0256bb41e5e9d6f168cc37fcb1	d__Bacteria;p__Bacteroidota;c__Bacteroidia;o__Bacteroidales;f__Bacteroidaceae;g__Bacteroides;s__	0.9963022004636135
a1a0751e895e023a4e673a66a1191010	d__Bacteria;p__Firmicutes;c__Clostridia;o__Oscillospirales;f__Ruminococcaceae;g__Negativibacillus;s__	0.996165471783049
3954572b6869a9d9a5ec8c991e9439f9	d__Bacteria;p__Firmicutes;c__Clostridia;o__Oscillospirales	0.7171920172804487
72d7cf6c2026b07495134588f5b0ce47	d__Bacteria;p__Firmicutes;c__Clostridia;o__Lachnospirales;f__Lachnospiraceae	0.99889699121159
8c86ab16f232603b6df851e8de2db47b	d__Bacteria;p__Firmicutes;c__Bacilli;o__Lactobacillales;f__Streptococcaceae;g__Streptococcus;s__	0.9996930995333767
4b51cfeefbeb46605b676036c1d721da	d__Bacteria;p__Firmicutes;c__Clostridia;o__Lachnospirales;f__Lachnospiraceae	0.9998110363399753
2016b4b8c1129d0e694dba862c365054	d__Bacteria;p__Firmicutes;c__Clostridia;o__Lachnospirales;f__Lachnospiraceae;g__[Ruminococcus]_gauvreauii_group;s__	0.7937188806272033
10f5c6d8b62efa998cbba2dd43621792	d__Bacteria;p__Firmicutes;c__Clostridia;o__Lachnospirales;f__Lachnospiraceae;g__Anaerostipes;s__	0.9979714634611386
67f292a069ec0b0442bab3c49fd9455e	d__Bacteria;p__Firmicutes;c__Clostridia;o__Lachnospirales;f__Lachnospiraceae	0.9886671162768252
f22f54a3e0dbded0d48f8bae7c5ebb72	d__Bacteria;p__Firmicutes;c__Clostridia;o__Oscillospirales;f__Oscillospiraceae;g__UCG-005;s__	0.7331918075944192
8fae18f755e5fd5f861283bb99469135	d__Bacteria;p__Firmicutes;c__Clostridia;o__Oscillospirales;f__Ruminococcaceae;g__Faecalibacterium;s__	0.9993957707775408
4b8bec7884907cf75a3dd605940295b7	d__Bacteria;p__Actinobacteriota;c__Coriobacteriia;o__Coriobacteriales;f__Coriobacteriaceae;g__Collinsella;s__	0.9999432491071661
3174e2ede9fba3d2452ba36db2d2b0c8	d__Bacteria;p__Firmicutes;c__Clostridia;o__Oscillospirales;f__Ruminococcaceae;g__Ruminococcus;s__	0.7178046413275498
e76152b6b6a6ed5c132e40a2bc93b2ae	d__Bacteria;p__Firmicutes;c__Clostridia;o__Oscillospirales;f__Ruminococcaceae;g__Faecalibacterium;s__	0.9981989132355257
64e427b078a73eaefce6fb418bf1b8c1	d__Bacteria;p__Firmicutes;c__Clostridia;o__Oscillospirales;f__Ruminococcaceae;g__Faecalibacterium;s__	0.9939362754194228
f8458c1002afea87d72f77e102d4457c	d__Bacteria;p__Firmicutes;c__Clostridia;o__Oscillospirales;f__Ruminococcaceae;g__Faecalibacterium;s__	0.995695347366081
2c0f559d8aa1e6ed96b8661ff8f3bf2a	d__Bacteria;p__Actinobacteriota;c__Actinobacteria;o__Bifidobacteriales;f__Bifidobacteriaceae;g__Bifidobacterium;s__	0.9997627878109723
5367dd02b26d8677392204731a8724df	d__Bacteria;p__Firmicutes;c__Clostridia;o__Oscillospirales;f__Ruminococcaceae;g__Faecalibacterium;s__	0.9994427627436823
367a8242f8a46469f7996993f1b39155	d__Bacteria;p__Firmicutes;c__Clostridia;o__Lachnospirales;f__Lachnospiraceae;g__Fusicatenibacter;s__	0.9992555628752788
c91087e7f3ba885cfc4296bd8e6c5189	d__Bacteria;p__Firmicutes;c__Clostridia;o__Lachnospirales;f__Lachnospiraceae;g__Fusicatenibacter;s__	0.99932080162827
7e7855ebabeb70200110846418284b8e	d__Bacteria;p__Firmicutes;c__Clostridia;o__Lachnospirales;f__Lachnospiraceae;g__Frisingicoccus;s__	0.7901883598121758
11e86552bb2890222f7d6462fc7ef651	d__Bacteria;p__Bacteroidota;c__Bacteroidia;o__Bacteroidales;f__Bacteroidaceae;g__Bacteroides;s__	0.999432146261164
ea6752d452b69a6b4c5f68a6536cf55c	d__Bacteria;p__Firmicutes;c__Clostridia;o__Oscillospirales;f__Ruminococcaceae;g__Faecalibacterium;s__	0.9994405050467751
51e4dd66622d7f298f696c57a054174c	d__Bacteria;p__Firmicutes;c__Clostridia;o__Oscillospirales;f__Ruminococcaceae;g__Faecalibacterium;s__	0.9997402326018239
809553cca0e66c43164f69865ea1dce3	d__Bacteria;p__Firmicutes;c__Clostridia;o__Lachnospirales;f__Lachnospiraceae;g__Blautia;s__	0.9477491819487703
58af8dc5fab9eee0289f9c77f9f65cca	d__Bacteria;p__Firmicutes;c__Clostridia;o__Lachnospirales;f__Lachnospiraceae;g__Dorea;s__	0.7957551181572207
fb91d6695781fc521158e6cc378352d5	d__Bacteria;p__Actinobacteriota;c__Actinobacteria;o__Bifidobacteriales;f__Bifidobacteriaceae;g__Bifidobacterium;s__	0.9998364338353196
4b56c711f41585ffa456eabae98a3635	d__Bacteria;p__Firmicutes;c__Clostridia;o__Lachnospirales;f__Lachnospiraceae;g__Blautia;s__	0.9596739886047632
a9fe5c3d9768bdbc91f6aa21dccad498	d__Bacteria;p__Firmicutes;c__Clostridia;o__Lachnospirales;f__Lachnospiraceae;g__[Ruminococcus]_torques_group;s__	0.7743295883412944
dd550f236b2b630aab48c93faa72c894	d__Bacteria;p__Bacteroidota;c__Bacteroidia;o__Bacteroidales;f__Tannerellaceae;g__Parabacteroides;s__	0.7452362883409405
bb2cb18d40c1a8df0c9651a19b1127cd	d__Bacteria;p__Firmicutes;c__Clostridia;o__Lachnospirales;f__Lachnospiraceae	0.9983105456896035
8b09f0e841868b86e9b07efc0c991832	d__Bacteria;p__Bacteroidota;c__Bacteroidia;o__Bacteroidales;f__Tannerellaceae	0.9784526205519917
00a425fef4025f857444caf4b113e2f5	d__Bacteria;p__Actinobacteriota;c__Coriobacteriia;o__Coriobacteriales;f__Coriobacteriaceae;g__Collinsella;s__	0.9999757586637396
b86c89e5a1e8e4d8b7987676a009eb0b	d__Bacteria;p__Firmicutes;c__Clostridia;o__Lachnospirales;f__Lachnospiraceae;g__[Eubacterium]_hallii_group;s__	0.9954476635233825
881d255a1926028336e10b19f6e83a3d	d__Bacteria;p__Firmicutes;c__Clostridia;o__Oscillospirales;f__Oscillospiraceae	0.9790862255990871
92f3c0f4adad14fa44d42861c729ec9f	d__Bacteria;p__Firmicutes;c__Clostridia;o__Lachnospirales;f__Lachnospiraceae;g__[Eubacterium]_eligens_group;s__	0.9903358333533734
20f5e81592199f3bfe63656bbdc72c9e	d__Bacteria;p__Firmicutes;c__Clostridia;o__Lachnospirales;f__Lachnospiraceae	0.9997273308927154
14a3487c5de349505f93f76cf0520a47	d__Bacteria;p__Bacteroidota;c__Bacteroidia;o__Bacteroidales;f__Tannerellaceae	0.9880168778562203
7ebdabdbc114936ba3abcec36d727b91	d__Bacteria;p__Bacteroidota;c__Bacteroidia;o__Bacteroidales;f__Tannerellaceae	0.9918135438751383
491e88cf1222b972ac92cb830df95910	d__Bacteria;p__Bacteroidota;c__Bacteroidia;o__Bacteroidales;f__Tannerellaceae	0.983763486596539
f761a6665276fceea96b810c835239f1	d__Bacteria;p__Firmicutes;c__Clostridia;o__Lachnospirales;f__Lachnospiraceae	0.9634409983324658
ac238bd55b107779c79e9b79dfabe2ab	d__Bacteria;p__Firmicutes;c__Clostridia;o__Lachnospirales;f__Lachnospiraceae	0.9405770106452596
703062839a329b4979bd0b412171d1d9	d__Bacteria;p__Bacteroidota;c__Bacteroidia;o__Bacteroidales;f__Tannerellaceae	0.984632384884658
7765a7d99f5f139ae9dfac1226befe33	d__Bacteria;p__Actinobacteriota;c__Coriobacteriia;o__Coriobacteriales;f__Coriobacteriales_Incertae_Sedis;g__Raoultibacter;s__	0.9993247223945567
687c27e1c3b849dfb2f83f05543d2e89	d__Bacteria;p__Firmicutes;c__Clostridia;o__Lachnospirales;f__Lachnospiraceae	0.9742226312194481
9e8798161226e8ced68197c7be6df8b1	d__Bacteria;p__Firmicutes;c__Bacilli;o__Lactobacillales;f__Streptococcaceae;g__Streptococcus;s__	0.9999912445992315
e2ee2f7549c8392d7c5a9222d39f9e9d	d__Bacteria;p__Firmicutes;c__Clostridia;o__Lachnospirales;f__Lachnospiraceae	0.9999572774347895
0d3f52154e35d9addf31c3e4b6ae4c00	d__Bacteria;p__Firmicutes;c__Clostridia;o__Oscillospirales;f__Ruminococcaceae;g__Faecalibacterium;s__	0.9963295537026653
34f15532464a79af13d85defa9da5c8a	d__Bacteria;p__Firmicutes;c__Clostridia;o__Oscillospirales;f__Oscillospiraceae	0.9991036249408441
7bc410a7fa47a60d7b76b4578e1acca3	d__Bacteria;p__Firmicutes;c__Clostridia;o__Oscillospirales;f__Oscillospiraceae	0.9857572758948672
ec6956b5d225727d988f584f05310e35	d__Bacteria;p__Bacteroidota;c__Bacteroidia;o__Bacteroidales;f__Tannerellaceae	0.9944465407700579
573478d8d5f921736cbe2f40f9da1349	d__Bacteria;p__Bacteroidota;c__Bacteroidia;o__Bacteroidales;f__Bacteroidaceae;g__Bacteroides;s__	0.9966033162688471
96940c72fd735cb236f3e9d3860adae0	d__Bacteria	0.9808113609550952
3b22a8493e367104c488966081675e0b	d__Bacteria;p__Firmicutes;c__Clostridia;o__Lachnospirales;f__Lachnospiraceae;g__Lachnospira;s__	0.9644656294013495
6ace8bf132502e5ec97cd60fa2c1e70d	d__Bacteria;p__Firmicutes;c__Clostridia;o__Oscillospirales;f__Ruminococcaceae;g__uncultured;s__	0.8219225141424955
1cd4bdab655164c23971a4a32e76c902	d__Bacteria;p__Firmicutes;c__Clostridia	0.8553487001317202
b0fa4c34a8fb8cdef37c28ef8fcb8ccd	d__Bacteria;p__Firmicutes;c__Clostridia;o__Oscillospirales;f__Oscillospiraceae;g__Colidextribacter;s__	0.7189487773698366
a211945e3085f750987ca7535478731d	d__Bacteria;p__Firmicutes;c__Clostridia;o__Oscillospirales	0.831449184392464
3683db46928b7ae627735c7dd76d80c2	d__Bacteria;p__Firmicutes;c__Clostridia;o__Oscillospirales	0.861729306437452
5a52666fb514fcceae8f32857f57a223	d__Bacteria;p__Firmicutes;c__Clostridia;o__Lachnospirales;f__Lachnospiraceae	0.9986430649298264
de64fdce371ebbd33848569b64e327fc	d__Bacteria;p__Firmicutes;c__Clostridia;o__Lachnospirales;f__Lachnospiraceae;g__Catenibacillus;s__	0.9482920418756339
3d63522fc676d855b82bb9fbe5c2d727	d__Bacteria;p__Firmicutes;c__Clostridia;o__Lachnospirales;f__Lachnospiraceae	0.9992503359904895
ac383498d6182ed350f45d5d5d44fb9d	d__Bacteria;p__Firmicutes;c__Clostridia;o__Oscillospirales;f__Ruminococcaceae;g__Incertae_Sedis;s__	0.9509752287202121
14b015ef28a2394ad727bd1a6ae50dcb	d__Bacteria;p__Firmicutes;c__Clostridia;o__Oscillospirales;f__Butyricicoccaceae;g__Butyricicoccus;s__	0.7721596081914477
be1d7db43bc3d5372c4ccc532da0c7db	d__Bacteria;p__Firmicutes;c__Clostridia;o__Peptostreptococcales-Tissierellales;f__Peptostreptococcaceae;g__Romboutsia;s__	0.7027675215104174
c4377601d915bb8ca527d9f515aad77f	d__Bacteria;p__Proteobacteria;c__Gammaproteobacteria;o__Burkholderiales;f__Sutterellaceae;g__Sutterella;s__	0.9987991994393167
8c1ad84b907f84308a50db248a05456d	d__Bacteria;p__Firmicutes;c__Clostridia;o__Oscillospirales;f__Ruminococcaceae;g__Incertae_Sedis;s__	0.989500396297931
1a9471fcf879aa5415dd5bfeb1c21da7	d__Bacteria;p__Firmicutes;c__Clostridia;o__Oscillospirales;f__Oscillospiraceae;g__UCG-002;s__	0.9171127230956837
a029c6033176dafcdd91c623163ad58d	d__Bacteria;p__Desulfobacterota;c__Desulfovibrionia;o__Desulfovibrionales;f__Desulfovibrionaceae;g__Mailhella;s__	0.983349587210482
5b6b1a68745c735e4738feed5328fe4d	d__Bacteria;p__Firmicutes;c__Clostridia;o__Lachnospirales;f__Lachnospiraceae;g__Blautia;s__	0.9362136363142564
b79a302d037231f78d7f726274e1fdb7	d__Bacteria;p__Firmicutes;c__Clostridia;o__Oscillospirales;f__Oscillospiraceae;g__UCG-002;s__	0.9812737587421198
f545233b0cec8fd0ed3c29adf0c404f9	d__Bacteria;p__Firmicutes;c__Clostridia;o__Lachnospirales;f__Lachnospiraceae;g__Coprococcus;s__	0.8152340359941448
c1d187864fff9f76c5fc6c2d0f7527a1	d__Bacteria;p__Firmicutes;c__Clostridia;o__Lachnospirales;f__Lachnospiraceae;g__[Eubacterium]_hallii_group;s__	0.994908803855141
22bb763d278e9769b47901c9a0b7008e	d__Bacteria;p__Firmicutes;c__Clostridia;o__Oscillospirales;f__Ruminococcaceae;g__Subdoligranulum;s__	0.996478676753715
abc3e3fbd6d14e5bb56e63bd36926034	d__Bacteria;p__Firmicutes;c__Clostridia;o__Oscillospirales;f__Ruminococcaceae;g__Subdoligranulum;s__	0.9960353225022036
ed4eb49189f29955339990dceaadafdc	d__Bacteria;p__Firmicutes;c__Bacilli;o__Erysipelotrichales;f__Erysipelotrichaceae	0.9975778818479341
0729b0c9b493aa3b78899cbc1a842d8a	d__Bacteria;p__Firmicutes;c__Clostridia;o__Lachnospirales;f__Lachnospiraceae;g__Blautia;s__	0.9262753889015213
3742cbe132b1c28956f9ab57df319fe1	d__Bacteria;p__Firmicutes;c__Clostridia;o__Lachnospirales;f__Lachnospiraceae;g__[Ruminococcus]_gnavus_group;s__	0.9651858571917873
238facc6cd8a45850ef1f34d7e8eb2e1	d__Bacteria;p__Firmicutes;c__Clostridia;o__Lachnospirales;f__Lachnospiraceae;g__Blautia;s__	0.9516923208816397
7b85e6f0defa9eca1b0dab3fb9820618	d__Bacteria;p__Actinobacteriota;c__Actinobacteria;o__Actinomycetales;f__Actinomycetaceae;g__Actinomyces;s__	0.7438339096979889
f4743f7ec07aa126efeb2bb6ed1df165	d__Bacteria;p__Firmicutes;c__Clostridia;o__Oscillospirales;f__Ruminococcaceae	0.9844612716753145
3ce2dbe4e856f98c3e1da08caefcf2b9	d__Bacteria;p__Firmicutes;c__Bacilli;o__Staphylococcales;f__Gemellaceae;g__Gemella;s__	0.999996174216349
68a2fd9d8ae736479ed470ab4e2fc1c1	d__Bacteria;p__Firmicutes;c__Clostridia;o__Oscillospirales;f__Ruminococcaceae;g__Negativibacillus;s__	0.9993621539671685
644a94e3a61682a7c3693abad86e7f09	d__Bacteria;p__Firmicutes;c__Clostridia;o__Oscillospirales;f__Ruminococcaceae;g__Subdoligranulum;s__	0.9990155057260411
a6ba6665416445a3a04c8d8639b42256	d__Bacteria;p__Actinobacteriota;c__Actinobacteria;o__Actinomycetales;f__Actinomycetaceae	0.9408379707020837
58a3cdd416429eec38be5934ed178e68	d__Bacteria;p__Firmicutes;c__Clostridia;o__Peptostreptococcales-Tissierellales;f__Family_XI;g__Parvimonas;s__	0.9999884360047574
c22e099921742a3737e1c3ba2cf53d95	d__Bacteria;p__Firmicutes;c__Clostridia;o__Oscillospirales;f__Ruminococcaceae;g__Incertae_Sedis;s__	0.7844637830446424
c5f5a75a0bfeaff51c651a552ae20c69	d__Bacteria;p__Firmicutes;c__Clostridia	0.9913446068978005
9e06686505e559685ba091073b38c94c	d__Bacteria;p__Firmicutes;c__Clostridia;o__Oscillospirales;f__Ruminococcaceae;g__Fournierella;s__	0.9989506881232435
c8939d33abd0c01a57ad4f2252aec2cc	d__Bacteria;p__Firmicutes;c__Clostridia	0.9913431579066717
8eb54e43387f06dd1a974f2af800c7a0	d__Bacteria;p__Firmicutes;c__Clostridia	0.9983953758906046
4ec57fe6251a9ffcacd7ea405b54b0b9	d__Bacteria;p__Firmicutes;c__Clostridia;o__Lachnospirales;f__Lachnospiraceae	0.9939340910028465
26f8114d3fe07139bb29387011478314	d__Bacteria;p__Firmicutes;c__Clostridia;o__Lachnospirales;f__Lachnospiraceae	0.9992112580831392
574865aca3e18e53abbe925bc7fc5539	d__Bacteria;p__Firmicutes;c__Clostridia;o__Lachnospirales;f__Lachnospiraceae	0.9953075574043944
1278929c727e515bcdd208379d6f3a96	d__Bacteria;p__Firmicutes;c__Clostridia;o__Lachnospirales;f__Defluviitaleaceae;g__Defluviitaleaceae_UCG-011;s__	0.7238160835166896
6a752f4e7ddaa3172f41363bacf40e0e	d__Bacteria;p__Firmicutes;c__Clostridia;o__Oscillospirales;f__Ruminococcaceae;g__Harryflintia;s__	0.9994620414462592
ad4d86294196def7b22494d40a565f53	d__Bacteria;p__Firmicutes;c__Clostridia;o__Lachnospirales;f__Lachnospiraceae	0.9942586326406204
8fb6c5aa61e128c992c5a24920c39f10	d__Bacteria;p__Firmicutes;c__Clostridia;o__Oscillospirales;f__Oscillospiraceae	0.9892587741846512
baa1097ea31f96d2d2681377e4c741cf	d__Bacteria;p__Firmicutes;c__Clostridia;o__Lachnospirales;f__Lachnospiraceae;g__GCA-900066575;s__	0.7021422294377955
0563126403e913115a5885c79a6944fa	d__Bacteria;p__Firmicutes;c__Clostridia;o__Lachnospirales;f__Lachnospiraceae	0.9871709625244791
7351b623a0f05bebc36388d1aeceed78	d__Bacteria;p__Bacteroidota;c__Bacteroidia;o__Bacteroidales;f__Bacteroidaceae;g__Bacteroides;s__	0.8569744170631906
5ced8bd72512a57c64d219d6db4221fd	d__Bacteria;p__Bacteroidota;c__Bacteroidia;o__Bacteroidales;f__Bacteroidaceae;g__Bacteroides;s__	0.8527119531974309
2967f2995a88a2f02300a59d134bf4b6	d__Bacteria;p__Firmicutes;c__Clostridia;o__Lachnospirales;f__Lachnospiraceae;g__[Ruminococcus]_gauvreauii_group;s__	0.8706274207033404
9654ba1567b50dcaa76ad55d9b95dff7	d__Bacteria;p__Actinobacteriota;c__Coriobacteriia;o__Coriobacteriales;f__Eggerthellaceae;g__uncultured;s__	0.9995534725346091
3f56ffdf33eae573e976225092ddc05b	d__Bacteria;p__Bacteroidota;c__Bacteroidia;o__Bacteroidales;f__Barnesiellaceae;g__Barnesiella;s__	0.9999817780060567
37dda79a93a2427e6a4bbfac12a39a36	d__Bacteria;p__Firmicutes;c__Clostridia;o__Lachnospirales;f__Lachnospiraceae	0.9999326245266377
98b1fdb2328b471b9300fdf4acd95fda	d__Bacteria;p__Firmicutes;c__Clostridia;o__Oscillospirales;f__Ruminococcaceae;g__Faecalibacterium;s__	0.9989966374675645
6375c59b8167bf032187bbd0a90f521e	d__Bacteria;p__Firmicutes;c__Clostridia;o__Oscillospirales;f__Ruminococcaceae;g__Faecalibacterium;s__	0.9996014113071207
7eb1b4af000c6ff20ec43f5641c65926	d__Bacteria;p__Firmicutes;c__Clostridia;o__Oscillospirales;f__Ruminococcaceae;g__Subdoligranulum;s__	0.9829208278949884
ab557e4fc9b963eee9c060e055948a60	d__Bacteria;p__Firmicutes;c__Clostridia;o__Lachnospirales;f__Lachnospiraceae	0.9997548159618146
57de6ffd58f3bb51514193e44e6610a1	d__Bacteria;p__Firmicutes;c__Clostridia;o__Lachnospirales;f__Lachnospiraceae;g__Blautia;s__	0.9115226070762709
529236479f854c1f7b1d846a4840af8c	d__Bacteria;p__Firmicutes;c__Clostridia;o__Lachnospirales;f__Lachnospiraceae;g__Anaerostipes;s__	0.9981540798505734
88f5238182a6fd61a259bf2c404ba599	d__Bacteria;p__Firmicutes;c__Clostridia;o__Oscillospirales;f__Oscillospiraceae;g__NK4A214_group;s__	0.938478837492617
d29f70588196920d4c24bd62920f4041	d__Bacteria;p__Firmicutes;c__Clostridia;o__Lachnospirales;f__Lachnospiraceae;g__[Ruminococcus]_gauvreauii_group;s__	0.8201789997816159
9a6e855fa4a6c07e3165bce9358f5349	d__Bacteria;p__Firmicutes;c__Clostridia;o__Oscillospirales;f__Ruminococcaceae;g__Faecalibacterium;s__	0.9996631776550039
7a0182d97dcbaa68ba96fee644022c65	d__Bacteria;p__Firmicutes;c__Clostridia;o__Lachnospirales;f__Lachnospiraceae;g__Anaerostipes;s__	0.9985714806109933
c49ca9ab9b01f3491617a1cce1a2ea18	d__Bacteria;p__Firmicutes;c__Clostridia;o__Lachnospirales;f__Lachnospiraceae;g__Fusicatenibacter;s__	0.9988973396532741
18c81dda199a755380956f9e734d3144	d__Bacteria;p__Firmicutes;c__Clostridia;o__Oscillospirales;f__Ruminococcaceae;g__Faecalibacterium;s__	0.9987004246003881
53426d6ad757b06c07356de6adefa74d	d__Bacteria;p__Firmicutes;c__Clostridia;o__Lachnospirales;f__Lachnospiraceae;g__[Eubacterium]_eligens_group;s__	0.99970052389785
42c08155fd341dc9d1acf543b884be80	d__Bacteria;p__Firmicutes;c__Clostridia;o__Clostridia_UCG-014;f__Clostridia_UCG-014;g__Clostridia_UCG-014;s__	0.9999139594449536
52e3247d6e716c77a6fd7fa397d566a2	d__Bacteria;p__Firmicutes;c__Clostridia;o__Lachnospirales;f__Lachnospiraceae;g__[Ruminococcus]_gauvreauii_group;s__	0.8797086094914058
0931e73790a9484cfe440963a6a1918a	d__Bacteria;p__Firmicutes;c__Clostridia;o__Lachnospirales;f__Lachnospiraceae	0.9998714985551984
f3c8436e2e1f630f51ff57bccb85adec	d__Bacteria;p__Firmicutes;c__Clostridia;o__Lachnospirales;f__Lachnospiraceae;g__Fusicatenibacter;s__	0.9992295248993139
768edaefc01c3a8be1606375b7552e1b	d__Bacteria;p__Firmicutes;c__Clostridia;o__Lachnospirales;f__Lachnospiraceae;g__[Ruminococcus]_torques_group;s__	0.7534426006029715
37bec49072a517f1bce3947cf42b3f0d	d__Bacteria;p__Firmicutes;c__Clostridia;o__Lachnospirales;f__Lachnospiraceae;g__Lachnospiraceae_ND3007_group;s__	0.9996869707691934
34e69ca03fba873526a8d485e49ce38c	d__Bacteria;p__Firmicutes;c__Clostridia;o__Lachnospirales;f__Lachnospiraceae;g__Dorea;s__	0.9168270046382827
6c9b0839e6e8d7effa2ce18a10535912	d__Bacteria;p__Firmicutes;c__Clostridia;o__Oscillospirales;f__Oscillospiraceae	0.9904471958243511
a82fba6511728037f6b7cb269fd0d188	d__Bacteria;p__Firmicutes;c__Clostridia;o__Lachnospirales;f__Lachnospiraceae;g__Blautia;s__	0.8970604311604525
0dc63c51c49d7d343cbd17ed76f39d8e	d__Bacteria;p__Firmicutes;c__Clostridia;o__Lachnospirales;f__Lachnospiraceae;g__Blautia;s__	0.9161948373387855
d33637868b60998a3d6860502a8486ee	d__Bacteria;p__Firmicutes;c__Clostridia;o__Lachnospirales;f__Lachnospiraceae	0.999809091164052
6a78ae2aa9b7acf0ea469fac0a05675b	d__Bacteria;p__Firmicutes;c__Clostridia;o__Lachnospirales;f__Lachnospiraceae	0.9989788428634574
48876e3f8ceee90753364b724eaac2f7	d__Bacteria;p__Firmicutes;c__Clostridia;o__Lachnospirales;f__Lachnospiraceae	0.8541022978145428
3fe3047c483a2e87ad1755d89c40c5ac	d__Bacteria;p__Firmicutes;c__Clostridia;o__Lachnospirales;f__Lachnospiraceae;g__Blautia;s__	0.9444596994415435
07f7f875508f6620969bd0d93f9dad21	d__Bacteria;p__Firmicutes;c__Clostridia;o__Lachnospirales;f__Lachnospiraceae	0.9851955090331248
e44425937461827f556471dbccd31a3a	d__Bacteria;p__Firmicutes;c__Clostridia;o__Oscillospirales;f__Butyricicoccaceae;g__Butyricicoccus;s__	0.9996977160954643
23130b168820ae7655cdd91c5fee9b45	d__Bacteria;p__Firmicutes;c__Clostridia	0.9918910986481317
dd0411b81040eb2a35c99355df2acb56	d__Bacteria;p__Firmicutes;c__Clostridia;o__Christensenellales;f__Christensenellaceae;g__Christensenellaceae_R-7_group;s__	0.7716446456290557
9748af31d2a926f294bab6701e08d22c	d__Bacteria;p__Firmicutes;c__Clostridia;o__Lachnospirales;f__Lachnospiraceae	0.9845097571839725
8ab28c3afd05b4f61f91761d32df6971	d__Bacteria;p__Firmicutes;c__Clostridia;o__Lachnospirales;f__Lachnospiraceae;g__Lachnospiraceae_UCG-010;s__	0.8711846501932462
ec73232e7919117991903e9bfd0884dd	d__Bacteria;p__Firmicutes;c__Clostridia;o__Oscillospirales;f__Oscillospiraceae;g__Flavonifractor;s__	0.9577182928655691
05b08e1b83b84d487073c554c08bb552	d__Bacteria;p__Firmicutes;c__Clostridia;o__Lachnospirales;f__Lachnospiraceae	0.9957845263276499
47e19c48be47fcf94aa7557a6afbe78e	d__Bacteria;p__Firmicutes;c__Clostridia;o__Lachnospirales;f__Lachnospiraceae	0.9833232567020286
2532a33b4463ffa44c212181007fd77d	d__Bacteria;p__Firmicutes;c__Clostridia	0.9984964521161006
30fd44a126e4bf571e1403328c842e92	d__Bacteria;p__Firmicutes;c__Clostridia;o__Peptostreptococcales-Tissierellales;f__Anaerovoracaceae;g__Family_XIII_AD3011_group;s__	0.7060249378200164
6bb205859196f7ec40f1b96de091f80b	d__Bacteria;p__Firmicutes;c__Clostridia	0.9935651114255539
b11b9cc922b5654403500c240511c6ad	d__Bacteria;p__Firmicutes;c__Clostridia;o__Oscillospirales;f__Ruminococcaceae;g__Incertae_Sedis;s__	0.9326186647501685
1aed7e75a8dfd46b2497189715dbc72f	d__Bacteria;p__Firmicutes;c__Clostridia;o__Lachnospirales;f__Lachnospiraceae;g__Blautia;s__	0.940895285656594
05379b94b0c38b8c9d900519ab32fa9b	d__Bacteria;p__Firmicutes;c__Clostridia;o__Oscillospirales;f__Ruminococcaceae	0.7797346027060954
76e954f76a768cc8aea8f5cec7a301af	d__Bacteria;p__Firmicutes;c__Clostridia;o__Christensenellales;f__Christensenellaceae;g__Christensenellaceae_R-7_group;s__	0.7653789997678159
2297e0fb0ad48fda1cc667c20e0fda88	d__Bacteria;p__Firmicutes;c__Clostridia;o__Oscillospirales;f__Ruminococcaceae;g__Subdoligranulum;s__	0.9464138965906272
a7b5a722a92ece56be88ff2695b0d759	d__Bacteria;p__Firmicutes;c__Clostridia;o__Peptostreptococcales-Tissierellales;f__Anaerovoracaceae	0.9909979566119991
b9c803b43468932624a5fd949a1fe0c4	d__Bacteria;p__Firmicutes;c__Clostridia;o__Lachnospirales;f__Lachnospiraceae;g__Fusicatenibacter;s__	0.9348003513028466
dd1f6c25bcb6c747bab6fcd4447d47e2	d__Bacteria;p__Firmicutes;c__Clostridia;o__Peptococcales;f__Peptococcaceae;g__Peptococcus;s__	0.8435357536955448
321c1e30a88e5809d361ebd1d73b4750	d__Bacteria;p__Bacteroidota;c__Bacteroidia;o__Bacteroidales;f__Marinifilaceae;g__Butyricimonas;s__	0.9999983054506179
137480d708fcee62547c5950912a8193	d__Bacteria;p__Firmicutes;c__Clostridia	0.9639836105376777
71286e31c36c46a7629589269ccf6b07	d__Bacteria;p__Firmicutes;c__Clostridia;o__Lachnospirales;f__Lachnospiraceae;g__Blautia;s__	0.7240526219821825
1fd7bb3855aae6763a175e699645843e	d__Bacteria;p__Firmicutes;c__Clostridia;o__Lachnospirales;f__Lachnospiraceae;g__Blautia;s__	0.790697317205786
22d13c1dd4d44b49ba2817ecc1fd4237	d__Bacteria;p__Firmicutes;c__Clostridia;o__Oscillospirales;f__Oscillospiraceae;g__Intestinimonas;s__	0.9602788580455245
1bdb517003488088010043dbb4d3a5df	d__Bacteria;p__Firmicutes;c__Clostridia;o__Lachnospirales;f__Lachnospiraceae	0.9798909545000404
b2d5945951021811d268beaae68e9965	d__Bacteria;p__Firmicutes;c__Clostridia;o__Peptococcales;f__Peptococcaceae;g__Peptococcus;s__	0.8383721748689341
6e1bb595735e950b6c786477b1d1f1ad	d__Bacteria;p__Firmicutes;c__Clostridia;o__Oscillospirales;f__Ruminococcaceae;g__Faecalibacterium;s__	0.9997222690194926
bc5717041415b2883f401ed80bbe2096	d__Bacteria;p__Firmicutes;c__Negativicutes;o__Veillonellales-Selenomonadales;f__Veillonellaceae;g__Veillonella;s__	0.9659335642153155
3ffc480200debcfabf97caf9d17f28c4	d__Bacteria;p__Firmicutes;c__Clostridia;o__Lachnospirales;f__Lachnospiraceae;g__[Ruminococcus]_torques_group;s__	0.8278387008458299
9db7ca436f827585c2b86612f35df809	d__Bacteria;p__Firmicutes;c__Clostridia;o__Lachnospirales;f__Lachnospiraceae;g__Lachnospira;s__	0.9901983962369751
98b70b56c04f2cedafcedf92523668cf	d__Bacteria;p__Firmicutes;c__Clostridia;o__Lachnospirales;f__Lachnospiraceae	0.9988570422555249
22c2ad277a78fbddd80770cb1706767e	d__Bacteria;p__Firmicutes;c__Clostridia;o__Lachnospirales;f__Lachnospiraceae;g__Coprococcus;s__	0.7215586545120076
e897f559e280e7935d30206e58b6dc52	d__Bacteria;p__Firmicutes;c__Clostridia;o__Lachnospirales;f__Lachnospiraceae	0.9989816371693676
56608173b6db632a1ffc9187c39c8701	d__Bacteria;p__Firmicutes;c__Clostridia;o__Lachnospirales;f__Lachnospiraceae;g__Anaerostipes;s__	0.9986288217224084
7cc40fe1a869784b843aacc817717384	d__Bacteria;p__Firmicutes;c__Clostridia;o__Lachnospirales;f__Lachnospiraceae;g__Coprococcus;s__	0.7755958930272577
ce54f6720263d84528ad0167a0c0f3ac	d__Bacteria;p__Proteobacteria;c__Gammaproteobacteria;o__Burkholderiales;f__Sutterellaceae;g__Parasutterella;s__	0.9999995216309124
c27dd15c20eb5fb560fe1bcf75b5906e	d__Bacteria;p__Firmicutes;c__Clostridia;o__Peptostreptococcales-Tissierellales;f__Peptostreptococcaceae	0.999990739240584
9c30fed1e4dad2b394d089ab3777ce53	d__Bacteria;p__Firmicutes;c__Clostridia;o__Peptostreptococcales-Tissierellales;f__Family_XI;g__Finegoldia;s__	0.9999946433125982
226b79899bfd9770d0f85f57021b10a6	d__Bacteria;p__Firmicutes;c__Clostridia;o__Lachnospirales;f__Lachnospiraceae	0.999768268903021
6333d3d85fcf002c3921806e5a457232	d__Bacteria;p__Bacteroidota;c__Bacteroidia;o__Bacteroidales;f__Bacteroidaceae;g__Bacteroides;s__	0.9982928309160568
4e718a1f541af0c14d6912b781b530e3	d__Bacteria;p__Firmicutes;c__Clostridia;o__Oscillospirales;f__Ruminococcaceae;g__Faecalibacterium;s__	0.9991101866569201
f28a556bf8aa8034b3bd411db12899c0	d__Bacteria;p__Actinobacteriota;c__Actinobacteria;o__Actinomycetales;f__Actinomycetaceae;g__Actinomyces;s__	0.9737566719160832
d812d6e1c9b86f9e6e6c7798008fe4c7	d__Bacteria;p__Firmicutes;c__Clostridia;o__Lachnospirales;f__Lachnospiraceae;g__Dorea;s__	0.7497528766612965
f930015560c45fb0d2cd524d0cfc3f01	d__Bacteria;p__Bacteroidota;c__Bacteroidia;o__Bacteroidales;f__Bacteroidaceae;g__Bacteroides;s__	0.9997285043412886
918bc6a362ea6e8dc11712492241c388	d__Bacteria;p__Firmicutes;c__Clostridia;o__Peptostreptococcales-Tissierellales;f__Family_XI;g__Finegoldia;s__	0.9999856403409393
f1bd6b86d2984c8315172e8451f6ce44	d__Bacteria;p__Actinobacteriota;c__Actinobacteria;o__Actinomycetales;f__Actinomycetaceae;g__Actinomyces;s__	0.97813019261013
bb38d33771ae4e298685aca75025763d	d__Bacteria;p__Firmicutes;c__Negativicutes;o__Veillonellales-Selenomonadales;f__Veillonellaceae;g__Veillonella;s__	0.9999929030787785
164b0abef08972fc91955b8bc5633b20	d__Bacteria;p__Firmicutes;c__Clostridia;o__Oscillospirales;f__Butyricicoccaceae;g__Butyricicoccus;s__	0.931544959879561
8b7f07d20237563c8a5ab7c23021ba08	d__Bacteria;p__Firmicutes;c__Bacilli;o__Lactobacillales;f__Streptococcaceae;g__Streptococcus;s__	0.9999942958791166
0a92abe9c1e58eab1f3cd45aff2ff33f	d__Bacteria;p__Firmicutes;c__Clostridia;o__Lachnospirales;f__Lachnospiraceae;g__Blautia;s__	0.7448678168831016
da23449316cc1973659a44c331b104bf	d__Bacteria;p__Synergistota;c__Synergistia;o__Synergistales;f__Synergistaceae;g__Cloacibacillus;s__	0.9999994762909473
dee5d2aef8ed7b27eab8fcdcda0c29dd	d__Bacteria;p__Bacteroidota;c__Bacteroidia;o__Bacteroidales;f__Prevotellaceae;g__Prevotella;s__	0.9181300004857719
27d8c3aceea7578050672971a2a7f2db	d__Bacteria;p__Synergistota;c__Synergistia;o__Synergistales;f__Synergistaceae;g__Cloacibacillus;s__	0.9999971802305617
a2b61ea1268099bc0d04295307ae2914	d__Bacteria;p__Firmicutes;c__Clostridia;o__Oscillospirales;f__Ruminococcaceae;g__Faecalibacterium;s__	0.9730216743890967
823b68db6ac495c4f51bf7ae35a665d4	d__Bacteria;p__Firmicutes;c__Clostridia;o__Oscillospirales;f__Ruminococcaceae;g__Faecalibacterium;s__	0.9840369582630031
6f57181c6ef50b26e7568a7fa778bfc0	d__Bacteria;p__Firmicutes;c__Clostridia;o__Oscillospirales;f__Ruminococcaceae;g__Faecalibacterium;s__	0.9803007003691145
2672b91b73601158d53b91d0450ac7f4	d__Bacteria;p__Firmicutes;c__Clostridia;o__Lachnospirales;f__Lachnospiraceae;g__[Ruminococcus]_gauvreauii_group;s__	0.7468358620570769
8413b3e602a0b1e15e38b9d692da2d14	d__Bacteria;p__Firmicutes;c__Clostridia;o__Lachnospirales;f__Lachnospiraceae;g__[Ruminococcus]_gauvreauii_group;s__	0.7416226429735898
c43cc56d0c0738cc71d901db7fd1641f	d__Bacteria;p__Firmicutes;c__Clostridia;o__Lachnospirales;f__Lachnospiraceae	0.9998199679138208
8acafa74650f4c40bd56322114974b5e	d__Bacteria;p__Firmicutes;c__Clostridia;o__Peptostreptococcales-Tissierellales;f__Peptostreptococcaceae;g__Intestinibacter;s__	0.9944943641994846
724a1285d6bad6861e0fb90830797ba9	d__Bacteria;p__Firmicutes;c__Clostridia;o__Lachnospirales;f__Lachnospiraceae	0.9831427797417139
c23702326a22af9bc17f873bc0ac0bcf	d__Bacteria;p__Firmicutes;c__Clostridia;o__Lachnospirales;f__Lachnospiraceae	0.9992192188113006
cc490fb7bb6378b35ad9440cd207885e	d__Bacteria;p__Firmicutes;c__Clostridia;o__Oscillospirales;f__Butyricicoccaceae;g__Butyricicoccus;s__	0.9917456501618388
5c0eeee6ee03641a5f71d854706cab69	d__Bacteria;p__Actinobacteriota;c__Actinobacteria;o__Actinomycetales;f__Actinomycetaceae;g__Actinomyces;s__	0.9886666395982805
29246f82d4fc3f6e450a7fcfa860e900	d__Bacteria;p__Firmicutes;c__Clostridia;o__Oscillospirales;f__Ruminococcaceae;g__Faecalibacterium;s__	0.9995913548075048
4a179cce5a01557072a21fe8241372e9	d__Bacteria;p__Firmicutes;c__Clostridia;o__Oscillospirales;f__Ruminococcaceae;g__Faecalibacterium;s__	0.9993927614076547
98aa5f96f129095ee506c4535fcb4a0d	d__Bacteria;p__Firmicutes;c__Clostridia;o__Oscillospirales;f__Ruminococcaceae;g__Subdoligranulum;s__	0.9926134864529867
1783c356aeeb326f7c5cadea779d4e5e	d__Bacteria;p__Firmicutes;c__Clostridia;o__Oscillospirales;f__Ruminococcaceae;g__Subdoligranulum;s__	0.9977764295414179
41559d976f23ac91f8ed3432b7f9e096	d__Bacteria;p__Firmicutes;c__Clostridia;o__Lachnospirales;f__Lachnospiraceae;g__Fusicatenibacter;s__	0.9992813316252499
f041f170c6399fcb2d4cf2eb324db8e3	d__Bacteria;p__Firmicutes;c__Clostridia;o__Lachnospirales;f__Lachnospiraceae;g__[Eubacterium]_ventriosum_group;s__	0.8834262944162057
0bcef500c798eae3a761597a1cc633cf	d__Bacteria;p__Firmicutes;c__Clostridia;o__Oscillospirales;f__Oscillospiraceae	0.9679365796285766
7b2d2c7609717c242c00b86c6575e28b	d__Bacteria;p__Firmicutes;c__Clostridia;o__Lachnospirales;f__Lachnospiraceae;g__Dorea;s__	0.8519205538724296
0dbd95987e82353d2325ce02c9eb3eac	d__Bacteria;p__Firmicutes;c__Clostridia;o__Lachnospirales;f__Lachnospiraceae;g__Lachnospira;s__	0.9695342725811634
3c296ca6ed4105f6fedf53af6385fd4d	d__Bacteria;p__Firmicutes;c__Clostridia;o__Lachnospirales;f__Lachnospiraceae	0.9998423825694185
456b49ed0fe9bdcdf26a5c609694a7f2	d__Bacteria;p__Firmicutes;c__Clostridia;o__Lachnospirales;f__Lachnospiraceae	0.993828071705128
752c2a11abcbdd3eda884a6ed8d1c9cf	d__Bacteria;p__Firmicutes;c__Clostridia;o__Lachnospirales;f__Lachnospiraceae	0.9981679218375977
adb765c0900d4ea461f5efdb65059b27	d__Bacteria;p__Firmicutes;c__Clostridia;o__Lachnospirales;f__Lachnospiraceae	0.9960085215087372
59718d248326bc5c2e686308937b9dc2	d__Bacteria;p__Firmicutes;c__Clostridia;o__Lachnospirales;f__Lachnospiraceae;g__[Eubacterium]_ventriosum_group;s__	0.8898036754576343
3758f5eebb4ca3eae903335d6c53d5be	d__Bacteria;p__Firmicutes;c__Clostridia;o__Lachnospirales;f__Lachnospiraceae	0.9983720905055368
7cfa29b1fb6752016320acf8ed33981c	d__Bacteria;p__Firmicutes;c__Clostridia;o__Lachnospirales;f__Lachnospiraceae;g__Lachnoclostridium;s__	0.7561504243673385
203fea43e30e53271369fa7690a9a30b	d__Bacteria;p__Firmicutes;c__Clostridia;o__Lachnospirales;f__Lachnospiraceae	0.9973396693938116
404c134f32105164077c2df4195b89c7	d__Bacteria;p__Firmicutes;c__Negativicutes;o__Veillonellales-Selenomonadales;f__Veillonellaceae;g__Megasphaera;s__	0.9999833591035148
99a706863e6d8a77dcd8b9d46026090e	d__Bacteria;p__Firmicutes;c__Clostridia;o__Lachnospirales;f__Lachnospiraceae;g__[Eubacterium]_hallii_group;s__	0.9885892340998657
2f5275318b3ad046fc7837ce7d2da98e	d__Bacteria;p__Bacteroidota;c__Bacteroidia;o__Bacteroidales;f__Bacteroidaceae;g__Bacteroides;s__	0.999904762821398
3005745e11718cbf1d5df6f9d5e4bf3a	d__Bacteria;p__Firmicutes;c__Clostridia;o__Lachnospirales;f__Lachnospiraceae	0.9986122203681309
ddda9969139d002caa6a8f1d52ca56e4	d__Bacteria;p__Firmicutes;c__Clostridia;o__Lachnospirales;f__Lachnospiraceae;g__Anaerostipes;s__	0.9965560199027986
fbd808397595fb619e29e4fcbe05dcf1	d__Bacteria;p__Firmicutes;c__Negativicutes;o__Veillonellales-Selenomonadales;f__Veillonellaceae;g__Megasphaera;s__	0.9999903142235925
7ec3c6165c01fd43515fc4a9820718fd	d__Bacteria;p__Firmicutes;c__Clostridia;o__Lachnospirales;f__Lachnospiraceae;g__[Eubacterium]_hallii_group;s__	0.9925021117440733
c2aaf6ee790349148532195feaeb614f	d__Bacteria;p__Actinobacteriota;c__Coriobacteriia;o__Coriobacteriales;f__Atopobiaceae;g__Olsenella;s__	0.9974323492628128
761f96756ccfe19b7e4c88c937523fed	d__Bacteria;p__Actinobacteriota;c__Coriobacteriia;o__Coriobacteriales;f__Eggerthellaceae;g__Enterorhabdus;s__	0.9981757766420037
2924756e3f5c2b8a68f1318231e72a8e	d__Bacteria;p__Firmicutes;c__Negativicutes;o__Veillonellales-Selenomonadales;f__Veillonellaceae;g__Megasphaera;s__	0.9999880035828221
900272d85cf2ba12f81e918736068678	d__Bacteria;p__Firmicutes;c__Negativicutes;o__Veillonellales-Selenomonadales;f__Veillonellaceae;g__Megasphaera;s__	0.9999796097301408
388d96b66c54fdad6775f49c84bc0c65	d__Bacteria;p__Actinobacteriota;c__Coriobacteriia;o__Coriobacteriales;f__Atopobiaceae;g__Olsenella;s__	0.996343877974547
43764f7e22bd095b220a13879b52f60c	d__Bacteria;p__Firmicutes;c__Clostridia;o__Lachnospirales;f__Lachnospiraceae;g__Blautia;s__	0.951864964221296
c347a4a5095a6ddbd5f4f13eec43647c	d__Bacteria;p__Firmicutes;c__Clostridia;o__Lachnospirales;f__Lachnospiraceae;g__Blautia;s__	0.8559166210037292
ebcac4b3f700b71174186307e6f63b7e	d__Bacteria;p__Firmicutes;c__Clostridia;o__Lachnospirales;f__Lachnospiraceae	0.9998319462358152
f41b62705accde466205c4905500f07f	d__Bacteria;p__Firmicutes;c__Clostridia;o__Oscillospirales;f__Oscillospiraceae	0.9898563834246035
fbc38af554a73de1c43001fffd8571dc	d__Bacteria;p__Firmicutes;c__Clostridia;o__Lachnospirales;f__Lachnospiraceae;g__Blautia;s__	0.8346373189803027
59ebcb9743d8686119d34129361c9c97	d__Bacteria;p__Bacteroidota;c__Bacteroidia;o__Bacteroidales;f__Prevotellaceae;g__Prevotella_9;s__	0.9987966087034001
4c2573ea47d48df96aa4c494066ce534	d__Bacteria;p__Bacteroidota;c__Bacteroidia;o__Bacteroidales;f__Prevotellaceae;g__Prevotella_9;s__	0.9975833342139158
c4ebb54358fae82e9e2d1fde5c13ed82	d__Bacteria;p__Bacteroidota;c__Bacteroidia;o__Bacteroidales;f__Prevotellaceae;g__Prevotella_9;s__	0.9967227937520245
f35a13789272af668774df9dfcb9852f	d__Bacteria;p__Bacteroidota;c__Bacteroidia;o__Bacteroidales;f__Prevotellaceae;g__Prevotella_9;s__	0.9989937071295529
c2ff24d3635fc636c5c04ff2d925f081	d__Bacteria;p__Firmicutes;c__Negativicutes;o__Veillonellales-Selenomonadales;f__Veillonellaceae;g__Megasphaera;s__	0.9999500631270718
4900efbefcc444c23cf041e6dfb798ed	d__Bacteria;p__Firmicutes	0.7810896184778459
0ea36b556e44c5f1c78eafa9cd422bef	d__Bacteria;p__Actinobacteriota;c__Actinobacteria;o__Bifidobacteriales;f__Bifidobacteriaceae;g__Bifidobacterium;s__	0.9997158118165179
0c787273aa4dc0d34f622849a6b60c41	d__Bacteria;p__Firmicutes;c__Negativicutes;o__Veillonellales-Selenomonadales;f__Veillonellaceae;g__Megasphaera;s__	0.9999056676287127
6fc23e95414bbee7cfa2b3ae57803973	d__Bacteria;p__Firmicutes;c__Negativicutes;o__Veillonellales-Selenomonadales;f__Veillonellaceae;g__Megasphaera;s__	0.9998021434030095
4f08050870634121faf0c4351f121892	d__Bacteria;p__Bacteroidota;c__Bacteroidia;o__Bacteroidales;f__Bacteroidaceae;g__Bacteroides;s__	0.9994227563985931
dfb17413b258115669f2fcc3ed7b26b2	d__Bacteria;p__Firmicutes;c__Negativicutes;o__Veillonellales-Selenomonadales;f__Veillonellaceae;g__Megasphaera;s__	0.9999645695200549
661367f13f9a2083aadc6bb736565875	d__Bacteria;p__Firmicutes;c__Negativicutes;o__Acidaminococcales;f__Acidaminococcaceae	0.8221904306701239
88add0d06ffef3da1ac001b5ab72eb1e	d__Bacteria;p__Verrucomicrobiota;c__Verrucomicrobiae;o__Verrucomicrobiales;f__Akkermansiaceae;g__Akkermansia;s__	0.99999671820511
c0a0b1d99e19ecc9a009bcdd1349219b	d__Bacteria;p__Firmicutes;c__Clostridia;o__Oscillospirales;f__Ruminococcaceae;g__Subdoligranulum;s__	0.9982869684149006
d04b19c2b7324de1869c24b45bd04ea7	d__Bacteria;p__Bacteroidota;c__Bacteroidia;o__Bacteroidales;f__Tannerellaceae;g__Parabacteroides;s__	0.9962569239164782
52f48c6febd78241a935698a3c22fe9c	d__Bacteria;p__Bacteroidota;c__Bacteroidia;o__Bacteroidales;f__Tannerellaceae;g__Parabacteroides;s__	0.9814739374655853
f0918fc6f861d1ba2174ad6e035c329a	d__Bacteria;p__Firmicutes;c__Clostridia;o__Oscillospirales;f__Ruminococcaceae;g__Subdoligranulum;s__	0.9959931614530336
abb2caabc144774bfd35d0ec0fd0a56d	d__Bacteria;p__Firmicutes;c__Clostridia;o__Lachnospirales;f__Lachnospiraceae	0.9998660676056889
2b17e46531781063c75c5eb44f06c91d	d__Bacteria;p__Firmicutes;c__Clostridia;o__Oscillospirales;f__Oscillospiraceae;g__UCG-002;s__	0.9385744233592513
a18e8c952e8f1f483c5fb884d88acf17	d__Bacteria;p__Firmicutes;c__Clostridia;o__Lachnospirales;f__Lachnospiraceae;g__Dorea;s__	0.933245321519187
376724d09c8011553cecf6a85e9ed08d	d__Bacteria;p__Firmicutes;c__Clostridia;o__Lachnospirales;f__Lachnospiraceae;g__Lachnoclostridium;s__	0.7574513280839438
e3c874263a2bd5921da6442f217eff33	d__Bacteria;p__Firmicutes;c__Clostridia;o__Lachnospirales;f__Lachnospiraceae	0.9996201874149454
59242d4e1bfe571d874e8a4e95917ba0	d__Bacteria;p__Actinobacteriota;c__Coriobacteriia;o__Coriobacteriales;f__Atopobiaceae;g__uncultured;s__	0.7346012778585232
bee80ce507f729efd775d0feed6d03f3	d__Bacteria;p__Firmicutes;c__Clostridia;o__Oscillospirales;f__Ruminococcaceae;g__Subdoligranulum;s__	0.998228201741878
3c9f3a791c20195c80bf3361688ef74a	d__Bacteria;p__Bacteroidota;c__Bacteroidia;o__Bacteroidales;f__Marinifilaceae;g__Butyricimonas;s__	0.999994205185139
7a92b711290c6bd1a0dbeeb1242801bf	d__Bacteria;p__Firmicutes;c__Clostridia;o__Lachnospirales;f__Lachnospiraceae	0.9995260937521073
b7cc6d7dbbda5248a8640eb4c51824b2	d__Bacteria;p__Firmicutes;c__Clostridia;o__Lachnospirales;f__Lachnospiraceae;g__[Ruminococcus]_gauvreauii_group;s__	0.8829609404801417
b6ae4c380741df4db2f5d5112c050d7d	d__Bacteria;p__Firmicutes;c__Clostridia;o__Oscillospirales;f__Oscillospiraceae	0.9098946111900884
7887bd3efa374dd90ab1e90fc89a9c81	d__Bacteria;p__Firmicutes;c__Clostridia;o__Oscillospirales;f__Ruminococcaceae;g__Fournierella;s__	0.9714925953002705
671aa8c01beea459679235664d0c837a	d__Bacteria;p__Firmicutes;c__Clostridia;o__Oscillospirales;f__Ruminococcaceae;g__Fournierella;s__	0.9811582560802219
895cc70f1b90aca8992de47ac104e93f	d__Bacteria;p__Firmicutes;c__Clostridia;o__Lachnospirales;f__Lachnospiraceae;g__Blautia;s__	0.9409331616318249
020f5777cafc6434896a10259a7451b9	d__Bacteria;p__Firmicutes;c__Clostridia;o__Peptococcales;f__Peptococcaceae;g__uncultured;s__	0.700972665697846
a4eddfebbefdcd08844ef588450b6ac2	d__Bacteria;p__Firmicutes;c__Clostridia;o__Oscillospirales;f__Ruminococcaceae;g__Subdoligranulum;s__	0.9989106861807732
2f7c5d9f290d181c9fcfc99812110c6c	d__Bacteria;p__Bacteroidota;c__Bacteroidia;o__Bacteroidales;f__Marinifilaceae;g__Butyricimonas;s__	0.9999998240850244
7aa5bac5ba8ac3007c09e68ac4f6b95b	d__Bacteria;p__Firmicutes;c__Clostridia;o__Peptococcales;f__Peptococcaceae;g__uncultured;s__	0.7635450882794543
b6e7a821b30f2b486bb5be00c29f5a7c	d__Bacteria;p__Firmicutes;c__Clostridia;o__Lachnospirales;f__Lachnospiraceae	0.9994749165364287
e79bf81e600f39e8a9daf9e6bfc416ec	d__Bacteria;p__Firmicutes;c__Clostridia;o__Lachnospirales;f__Lachnospiraceae	0.9994832216158607
dba51407f9512e80c4081028ab4b81a3	d__Bacteria;p__Firmicutes;c__Clostridia;o__Oscillospirales;f__Oscillospiraceae	0.7264988256689453
6c9f711b8355f4714efd5bf7e2a6f619	d__Bacteria;p__Firmicutes;c__Clostridia;o__Oscillospirales;f__Ruminococcaceae;g__Subdoligranulum;s__	0.9988843777771823
07b2cfe58dc2e293cb4a5f2bc21bf901	d__Bacteria;p__Firmicutes;c__Clostridia;o__Lachnospirales;f__Lachnospiraceae;g__Blautia;s__	0.9495207989188458
85100f00ed1e0fb50945b3b3004ce3ef	d__Bacteria;p__Firmicutes;c__Clostridia	0.9399142927315655
dbf97a0516373b6c5dbcc6bc89a3ce33	d__Bacteria;p__Firmicutes;c__Clostridia;o__Oscillospirales;f__Oscillospiraceae	0.7511840920084188
e356901b34bb725dcf11fb9a0ddb9e81	d__Bacteria;p__Bacteroidota;c__Bacteroidia;o__Bacteroidales;f__Prevotellaceae;g__Prevotella_9;s__	0.9998813498755449
a4505703108304862e11a1e98e556a2f	d__Bacteria;p__Bacteroidota;c__Bacteroidia;o__Bacteroidales;f__Prevotellaceae;g__Prevotella_9;s__	0.9998670274388352
762b97bb062c6db0fc13aa92e3cd8822	d__Bacteria;p__Bacteroidota;c__Bacteroidia;o__Bacteroidales;f__Prevotellaceae;g__Prevotella_9;s__	0.9987245388121223
d738826dc54a3ba181991cb3a15e5107	d__Bacteria;p__Bacteroidota;c__Bacteroidia;o__Bacteroidales;f__Prevotellaceae;g__Prevotella_9;s__	0.9990437954281782
3d8d4ed407c6bf69d3e84cf6bb6ccb4e	d__Bacteria;p__Bacteroidota;c__Bacteroidia;o__Bacteroidales;f__Prevotellaceae;g__Prevotella_9;s__	0.9958374907190286
d5e8309b1086e7cdb24cc333d90909eb	d__Bacteria;p__Firmicutes;c__Negativicutes;o__Veillonellales-Selenomonadales;f__Selenomonadaceae;g__Mitsuokella;s__	0.9992520351168017
a440dc0faa91fe1e79ee9487ac52fb82	d__Bacteria;p__Bacteroidota;c__Bacteroidia;o__Bacteroidales;f__Prevotellaceae;g__Prevotella_9;s__	0.9997695236096259
7f04d02d81ee495ed201af72ad42aea4	d__Bacteria;p__Firmicutes;c__Negativicutes;o__Veillonellales-Selenomonadales;f__Selenomonadaceae;g__Mitsuokella;s__	0.9990332300406068
c6d2d518553ba9ab1fc5f491932eb969	d__Bacteria;p__Firmicutes;c__Negativicutes;o__Veillonellales-Selenomonadales;f__Selenomonadaceae;g__Mitsuokella;s__	0.9984329687700431
5aa85700cf6174e700b0ea540d4bee4e	d__Bacteria;p__Firmicutes;c__Negativicutes;o__Veillonellales-Selenomonadales;f__Selenomonadaceae;g__Mitsuokella;s__	0.9995343910221813
6d924c2889192f5de5712492a56ddb93	d__Bacteria;p__Bacteroidota;c__Bacteroidia;o__Bacteroidales;f__Prevotellaceae;g__Prevotella;s__	0.9691506389437402
1282264c23388e2b0144ad179c17d102	d__Bacteria;p__Firmicutes;c__Negativicutes;o__Veillonellales-Selenomonadales;f__Selenomonadaceae;g__Mitsuokella;s__	0.9917933172492718
6a9690827064493ad080489fa8c620b0	d__Bacteria;p__Firmicutes;c__Negativicutes;o__Veillonellales-Selenomonadales;f__Veillonellaceae;g__Dialister;s__	0.9971884673124247
183bf913081b2658326fe9595a315ae2	d__Bacteria;p__Firmicutes;c__Bacilli;o__Erysipelotrichales;f__Erysipelatoclostridiaceae;g__Catenibacterium;s__	0.9999986446845047
d5f8be9e2c80f18e1b147917cf04947f	d__Bacteria;p__Bacteroidota;c__Bacteroidia;o__Bacteroidales;f__Prevotellaceae;g__Prevotella;s__	0.9000177722985908
4603012ffd73a051f3f6b055d1b0b01d	d__Bacteria;p__Firmicutes;c__Negativicutes;o__Veillonellales-Selenomonadales;f__Veillonellaceae;g__Dialister;s__	0.994751330946169
4bb0d6ac97957f5bf7e41f1c947dbff3	d__Bacteria;p__Firmicutes;c__Clostridia;o__Lachnospirales;f__Lachnospiraceae;g__Agathobacter;s__	0.9764043542158197
e7d05cbd57b6d3c66e72623f16151273	d__Bacteria;p__Firmicutes;c__Clostridia;o__Oscillospirales;f__Oscillospiraceae;g__UCG-005;s__	0.7196879216101194
161ee6400fd10a09cfb76fdb57d19b73	d__Bacteria;p__Bacteroidota;c__Bacteroidia;o__Bacteroidales;f__Prevotellaceae;g__Prevotella;s__	0.9655869244045779
1d75ac19d9565afeb544d7bf05fcb6a7	d__Bacteria;p__Proteobacteria;c__Gammaproteobacteria;o__Burkholderiales;f__Sutterellaceae;g__Sutterella;s__	0.9998268436116372
6327117db6c7029d848fee86c88b9896	d__Bacteria;p__Firmicutes;c__Clostridia;o__Oscillospirales;f__[Eubacterium]_coprostanoligenes_group;g__[Eubacterium]_coprostanoligenes_group;s__	0.9475697858093999
c2a7668bce29b1558de8e345a77c9fa3	d__Bacteria;p__Firmicutes;c__Bacilli;o__Erysipelotrichales;f__Erysipelotrichaceae;g__Holdemanella;s__	0.999996679285047
c12e4a06355c5cbc0f7d318c67ef4424	d__Bacteria;p__Firmicutes;c__Clostridia;o__Oscillospirales;f__Ruminococcaceae;g__Incertae_Sedis;s__	0.9852863581552659
290df35fadb2e32b3574f89da0f4de61	d__Bacteria;p__Firmicutes;c__Clostridia;o__Oscillospirales;f__Oscillospiraceae;g__Pseudoflavonifractor;s__	0.7632998858540802
abb96c9be4af3e942d881e6e5cfd24fb	d__Bacteria;p__Firmicutes;c__Clostridia;o__Lachnospirales;f__Lachnospiraceae;g__Blautia;s__	0.9033058587439622
b6c25f5f75ae70af518a519f066cdf19	d__Bacteria	0.9912623528154396
6d036e27ea5124754956a1a289031544	d__Bacteria;p__Firmicutes;c__Clostridia;o__Lachnospirales;f__Lachnospiraceae;g__[Ruminococcus]_torques_group;s__	0.734341538995052
f5f0c5885e2c1f60f6dd4a6b32dd6492	d__Bacteria;p__Firmicutes;c__Clostridia;o__Oscillospirales;f__Ruminococcaceae;g__Ruminococcus;s__	0.7875988040217023
f75b52f8f29db4a1ff4af7c6eb2ef884	d__Bacteria;p__Firmicutes;c__Clostridia;o__Oscillospirales;f__Ruminococcaceae;g__Negativibacillus;s__	0.9973938493880117
addd7e58d7b396eb66ef15ee315794c9	d__Bacteria;p__Firmicutes;c__Clostridia;o__Lachnospirales;f__Lachnospiraceae;g__[Eubacterium]_hallii_group;s__	0.9957186232387126
facea495bcedb519423190733f2642fb	d__Bacteria;p__Firmicutes;c__Clostridia;o__Lachnospirales;f__Lachnospiraceae;g__Blautia;s__	0.9206545754469957
3a3cc76e7e2af95b6408f3e2155ea921	d__Bacteria;p__Firmicutes;c__Clostridia;o__Christensenellales;f__Christensenellaceae;g__Christensenellaceae_R-7_group;s__	0.9172874359595814
bc60d8e13ecf58709cde6765746f482f	d__Bacteria;p__Firmicutes;c__Clostridia;o__Lachnospirales;f__Lachnospiraceae;g__Dorea;s__	0.9754004356928965
5bc2a813a2fc90d741d5d836c40f1371	d__Bacteria;p__Firmicutes;c__Clostridia;o__Lachnospirales;f__Lachnospiraceae	0.9836907549079241
13b9928b7bc8f7796cea753936f7e704	d__Bacteria;p__Firmicutes;c__Clostridia;o__Lachnospirales;f__Lachnospiraceae	0.9932629673169879
b907287adc27ed56c6755c5afb258a5d	d__Bacteria;p__Firmicutes;c__Clostridia;o__Lachnospirales;f__Lachnospiraceae;g__[Eubacterium]_hallii_group;s__	0.9830983616936035
2bf1a62651e2e54f279513a37ba827f8	d__Bacteria;p__Firmicutes;c__Clostridia;o__Lachnospirales;f__Lachnospiraceae	0.9868148758607951
795e753422016b772cf38349754ab0c9	d__Bacteria;p__Firmicutes;c__Clostridia;o__Lachnospirales;f__Lachnospiraceae;g__Sellimonas;s__	0.975362288031418
b465b9392250801281c8f64920a8891c	d__Bacteria;p__Firmicutes;c__Clostridia;o__Lachnospirales;f__Lachnospiraceae	0.9992363288933875
a8a8303782fa3a92b801745f7779e035	d__Bacteria;p__Firmicutes;c__Clostridia	0.9686712708991321
a83d05fd480718b9c1fed7346a015925	d__Bacteria;p__Firmicutes;c__Clostridia;o__Lachnospirales;f__Lachnospiraceae;g__Dorea;s__	0.9798526172278366
685388a52ddf68474b420c73d08e916c	d__Bacteria;p__Firmicutes;c__Clostridia;o__Lachnospirales;f__Lachnospiraceae	0.9987560729638107
d351e1b65ab17f00ec996096bbb827ad	d__Bacteria;p__Firmicutes;c__Clostridia;o__Lachnospirales;f__Lachnospiraceae;g__Eisenbergiella;s__	0.9833944778302857
7a7641d4b828c4988dceb3c904cacb2e	d__Bacteria;p__Firmicutes;c__Clostridia;o__Christensenellales;f__Christensenellaceae;g__Christensenellaceae_R-7_group;s__	0.9725700286735732
708b4de1901944d618e14da1ea867c20	d__Bacteria;p__Firmicutes;c__Clostridia;o__Oscillospirales;f__Oscillospiraceae	0.9971521690124967
649f379aebcfef01c028144394fb0d38	d__Bacteria;p__Firmicutes;c__Clostridia;o__Lachnospirales;f__Lachnospiraceae;g__Eisenbergiella;s__	0.9818856891557505
de40a883ecd5374c1cec4a2456fed21a	d__Bacteria;p__Firmicutes;c__Clostridia;o__Oscillospirales;f__Oscillospiraceae;g__Colidextribacter;s__	0.7559188068309595
e6a8b38065c6a2e9bce01431d757835d	d__Bacteria;p__Firmicutes;c__Clostridia;o__Lachnospirales;f__Lachnospiraceae	0.9999106330536877
c4cbbf4e095eff52e118b446ac78192c	d__Bacteria;p__Firmicutes;c__Clostridia;o__Oscillospirales;f__Oscillospiraceae;g__Flavonifractor;s__	0.9998180820365258
6977fd57ec48ec306b11d3ead5460d91	d__Bacteria;p__Firmicutes;c__Clostridia;o__Lachnospirales;f__Lachnospiraceae	0.9812401541952263
cfe9d64fa1b84096610c402252c9387f	d__Bacteria;p__Bacteroidota;c__Bacteroidia;o__Bacteroidales;f__Bacteroidaceae;g__Bacteroides;s__	0.9986488914023661
6d18d74c4f16e0fb9945f407b5866da7	d__Bacteria;p__Firmicutes;c__Clostridia;o__Oscillospirales;f__Ruminococcaceae;g__Faecalibacterium;s__	0.9995778163483378
2f4f453651f31c49a8f4afa5b8e6cb17	d__Bacteria;p__Firmicutes;c__Clostridia;o__Oscillospirales;f__Ruminococcaceae;g__Faecalibacterium;s__	0.9994675828853947
a11d64e1bcf71720c39a18039624350c	d__Bacteria;p__Firmicutes;c__Clostridia;o__Lachnospirales;f__Lachnospiraceae;g__Anaerostipes;s__	0.9982002467908256
5f5764382edfd4433faf58e8417d8d73	d__Bacteria;p__Firmicutes;c__Clostridia;o__Lachnospirales;f__Lachnospiraceae;g__[Ruminococcus]_gnavus_group;s__	0.9788733417283433
fdf749b3507ac58efbf707ce8bd4bf9a	d__Bacteria;p__Firmicutes;c__Clostridia;o__Lachnospirales;f__Lachnospiraceae;g__Dorea;s__	0.9288455965667628
502374d5ea0f33c064d031b6beabae78	d__Bacteria;p__Firmicutes;c__Clostridia;o__Lachnospirales;f__Lachnospiraceae;g__[Ruminococcus]_gnavus_group;s__	0.9546638024268825
168522ce2bc3de8ac9d30bb32ccaa0a8	d__Bacteria;p__Firmicutes;c__Clostridia;o__Lachnospirales;f__Lachnospiraceae;g__Dorea;s__	0.9759316396843389
5df4ad91f80eed90de2707a547fa10c8	d__Bacteria;p__Firmicutes;c__Clostridia;o__Lachnospirales;f__Lachnospiraceae;g__CAG-56;s__	0.9832674959696963
6c836cc84943503616057df7e81af6d6	d__Bacteria;p__Firmicutes;c__Clostridia;o__Lachnospirales;f__Lachnospiraceae;g__Anaerostipes;s__	0.9982740663045641
d1f93614c5b3abd7a36679caa18a980c	d__Bacteria;p__Firmicutes;c__Clostridia;o__Lachnospirales;f__Lachnospiraceae;g__Agathobacter;s__	0.9742848524582449
a065ce666493f4ed08ed67431b8f651c	d__Bacteria;p__Firmicutes;c__Clostridia;o__Lachnospirales;f__Lachnospiraceae;g__Fusicatenibacter;s__	0.9986231319360969
887fb1469eb04f3639a88b4f03b74111	d__Bacteria;p__Bacteroidota;c__Bacteroidia;o__Bacteroidales;f__Prevotellaceae;g__Prevotella_9;s__	0.9999660389349707
577770a532547aff841be5e9144f64aa	d__Bacteria;p__Bacteroidota;c__Bacteroidia;o__Bacteroidales;f__Prevotellaceae;g__Prevotella_9;s__	0.9999736585259729
735d89e42d8348ba64b2ff6de07dbedd	d__Bacteria;p__Firmicutes;c__Negativicutes;o__Veillonellales-Selenomonadales;f__Veillonellaceae;g__Megasphaera;s__	0.9999849590059553
205524105a24715ae9dbf69adb1e7467	d__Bacteria;p__Bacteroidota;c__Bacteroidia;o__Bacteroidales;f__Prevotellaceae;g__uncultured;s__	0.999735645221686
6f494caa45732a64e82bca0a62a31042	d__Bacteria;p__Bacteroidota;c__Bacteroidia;o__Bacteroidales;f__Prevotellaceae;g__Alloprevotella;s__	0.9970761189339565
1b2dbf05b60e1bc29b823ebdda2d0b36	d__Bacteria;p__Bacteroidota;c__Bacteroidia;o__Bacteroidales;f__Prevotellaceae;g__Prevotella;s__	0.9773889393649191
61726731e76e21c3afe05cdf8b8844d2	d__Bacteria;p__Fusobacteriota;c__Fusobacteriia;o__Fusobacteriales;f__Fusobacteriaceae;g__Cetobacterium;s__	0.9999998016657995
b7abf6af1b94423d8bbccdbe9db9fc7e	d__Bacteria;p__Firmicutes;c__Negativicutes;o__Acidaminococcales;f__Acidaminococcaceae;g__Phascolarctobacterium;s__	0.9997845125542484
7bbb45dc9a9fe66ab94b88e7ae403a80	d__Bacteria;p__Firmicutes;c__Negativicutes;o__Acidaminococcales;f__Acidaminococcaceae;g__Phascolarctobacterium;s__	0.9998876143762275
d43b14924a04aae653dbaf33d211e527	d__Bacteria;p__Bacteroidota;c__Bacteroidia;o__Bacteroidales;f__Prevotellaceae;g__Prevotella;s__	0.9426439338594943
c80bbef60a032563195eb87c2ea306e2	d__Bacteria;p__Firmicutes;c__Negativicutes;o__Acidaminococcales;f__Acidaminococcaceae;g__Phascolarctobacterium;s__	0.9997453233428492
45cdbff9ea71973676ea411e4953475c	d__Bacteria;p__Bacteroidota;c__Bacteroidia;o__Bacteroidales;f__Prevotellaceae;g__Alloprevotella;s__	0.9937363880751496
e8e26b3caabfa36e360e95c51b8b2c0b	d__Bacteria;p__Firmicutes;c__Negativicutes;o__Acidaminococcales;f__Acidaminococcaceae;g__Phascolarctobacterium;s__	0.9998072626011327
eae04994a452a283b75e7cf0d49cc905	d__Bacteria;p__Firmicutes;c__Negativicutes;o__Veillonellales-Selenomonadales;f__Veillonellaceae;g__Megasphaera;s__	0.9999937623416738
535e98333c17e17622487003e491c93a	d__Bacteria;p__Bacteroidota;c__Bacteroidia;o__Bacteroidales;f__Prevotellaceae;g__Prevotella;s__	0.8949046270978881
0693eb3b676fafe06fb49a5b1b923d28	d__Bacteria;p__Bacteroidota;c__Bacteroidia;o__Bacteroidales;f__Prevotellaceae	0.9965786159198339
4fdb5132bff376d0dcbdce7ce47f7686	d__Bacteria;p__Proteobacteria;c__Gammaproteobacteria;o__Burkholderiales;f__Sutterellaceae;g__Sutterella;s__	0.9999623325036461
3f25905af0f40b26671ce579997bbe5c	d__Bacteria;p__Bacteroidota;c__Bacteroidia;o__Bacteroidales;f__Prevotellaceae;g__uncultured;s__	0.9892744360592607
634c624a81eef2131d2c43f2302d2918	d__Bacteria;p__Firmicutes;c__Bacilli;o__Lactobacillales;f__Lactobacillaceae;g__Limosilactobacillus;s__	0.9940896320449445
9d70148c3aa0020ec63f1b0ad3a9696c	d__Bacteria;p__Bacteroidota;c__Bacteroidia;o__Bacteroidales;f__Prevotellaceae;g__Alloprevotella;s__	0.9975520093557606
3fe1f022003646a8371dc2b78b73a650	d__Bacteria;p__Bacteroidota;c__Bacteroidia;o__Bacteroidales;f__Muribaculaceae;g__Muribaculaceae;s__	0.9715077108964217
77d653560fbab69848c45c01569c96fd	d__Bacteria;p__Firmicutes;c__Negativicutes;o__Veillonellales-Selenomonadales;f__Veillonellaceae	0.9999935453731601
bc4dcd8276e64bc3bba27378eec7feb9	d__Bacteria;p__Bacteroidota;c__Bacteroidia;o__Bacteroidales;f__Prevotellaceae;g__Prevotella_9;s__	0.9997719905450168
9d96df81e70360f3f29921013625ac47	d__Bacteria;p__Firmicutes;c__Clostridia;o__Lachnospirales;f__Lachnospiraceae;g__Dorea;s__	0.8340175311004994
863afe324f2457f38046be62e8f5846f	d__Bacteria;p__Bacteroidota;c__Bacteroidia;o__Bacteroidales;f__Rikenellaceae;g__Rikenellaceae_RC9_gut_group;s__	0.9599198245884292
7d606039780429c7ba7d709d44872f49	d__Bacteria;p__Firmicutes;c__Clostridia;o__Oscillospirales;f__Oscillospiraceae;g__UCG-003;s__	0.8159953673253795
ecf412f483a4c9cf4d461ed34c482d7f	d__Bacteria;p__Firmicutes;c__Clostridia;o__Oscillospirales;f__Oscillospiraceae;g__NK4A214_group;s__	0.8604976852286983
ba639be912a12b124ec7d3290761efa6	d__Bacteria;p__Firmicutes;c__Clostridia;o__Oscillospirales;f__Oscillospiraceae;g__NK4A214_group;s__	0.8199310931507539
2a79b3589e1cec0dc14d282f2540d946	d__Bacteria;p__Bacteroidota;c__Bacteroidia;o__Bacteroidales;f__Muribaculaceae;g__Muribaculaceae;s__	0.948542854042032
0134597b2e4e93b66a6d48c92426c980	d__Bacteria;p__Bacteroidota;c__Bacteroidia;o__Bacteroidales;f__Rikenellaceae;g__Rikenellaceae_RC9_gut_group;s__	0.8445318770073307
093a5fc6918b8cf69aefc83e58142daa	d__Bacteria;p__Bacteroidota;c__Bacteroidia;o__Bacteroidales;f__Muribaculaceae;g__Muribaculaceae;s__	0.9592771678661765
98c82a8d31b9c7e412e706a9c6c65b46	d__Bacteria;p__Bacteroidota;c__Bacteroidia;o__Bacteroidales;f__Rikenellaceae;g__Rikenellaceae_RC9_gut_group;s__	0.9629080918948772
e174ae09993af97cca793ae03c840be5	d__Bacteria;p__Firmicutes;c__Negativicutes;o__Veillonellales-Selenomonadales;f__Veillonellaceae;g__Megasphaera;s__	0.9999853423980948
f678e99d3e9d6b56560c22dfc31a4015	d__Bacteria;p__Bacteroidota;c__Bacteroidia;o__Bacteroidales;f__Prevotellaceae;g__Prevotella;s__	0.9307196984504165
83e8467283978068ef876d47e0d686fb	d__Bacteria;p__Bacteroidota;c__Bacteroidia;o__Bacteroidales;f__Prevotellaceae;g__uncultured;s__	0.9969748381922183
b32b5b0938b4fada1b2f96246558d3eb	d__Bacteria;p__Bacteroidota;c__Bacteroidia;o__Bacteroidales;f__Prevotellaceae;g__Alloprevotella;s__	0.9953852434209466
c052e6c23af14eedb17e1cbd2927d8f8	d__Bacteria;p__Firmicutes;c__Clostridia;o__Oscillospirales;f__Ruminococcaceae;g__Faecalibacterium;s__	0.9996278965416624
3d8bd9ee52fe17b6e848a9724e44e093	d__Bacteria;p__Firmicutes;c__Clostridia;o__Lachnospirales;f__Lachnospiraceae;g__[Eubacterium]_hallii_group;s__	0.9940593976801877
9635f9daba79b4478c1ed8dc043f1b85	d__Bacteria;p__Bacteroidota;c__Bacteroidia;o__Bacteroidales	0.9971512190258478
ab39532e54a4f752891add122d3ced1e	d__Bacteria;p__Bacteroidota;c__Bacteroidia;o__Bacteroidales;f__Prevotellaceae;g__Prevotella_9;s__	0.9999207780547988
b2a46e4b668cba5ca2e31d70919be1f2	d__Bacteria;p__Firmicutes;c__Clostridia;o__Oscillospirales;f__Ruminococcaceae;g__Faecalibacterium;s__	0.9995738871456297
fa340567516c8aa7a1bfbabfa52563e4	d__Bacteria;p__Fusobacteriota;c__Fusobacteriia;o__Fusobacteriales;f__Fusobacteriaceae;g__Cetobacterium;s__	0.9999993567583453
3f4543095172e4eafab642e35a8ac2b3	d__Bacteria;p__Firmicutes;c__Clostridia;o__Lachnospirales;f__Lachnospiraceae	0.998620326600314
3c7494dd941a25cbc5813067787f076d	d__Bacteria;p__Firmicutes;c__Clostridia;o__Oscillospirales;f__Ruminococcaceae;g__Subdoligranulum;s__	0.9966221053615753
def78e41f8d7e8be5036002a0ee54f44	d__Bacteria;p__Firmicutes;c__Clostridia;o__Oscillospirales;f__Ruminococcaceae;g__Subdoligranulum;s__	0.9963984081282573
f51689b636a8c0f65db821b548a262e9	d__Bacteria;p__Firmicutes;c__Clostridia;o__Oscillospirales;f__Ruminococcaceae;g__Subdoligranulum;s__	0.9984993264229328
7980f3d58266666e677e1348c7ec098f	d__Bacteria;p__Firmicutes;c__Negativicutes;o__Veillonellales-Selenomonadales;f__Veillonellaceae;g__Megasphaera;s__	0.996299558959884
b25fbb29db32f9736d29c6adbb9a5325	d__Bacteria;p__Proteobacteria;c__Gammaproteobacteria;o__Burkholderiales;f__Sutterellaceae;g__Sutterella;s__	0.9963637705197174
ef742d331183838d019326fd31eb3296	d__Bacteria;p__Firmicutes;c__Clostridia;o__Oscillospirales;f__Ruminococcaceae;g__Subdoligranulum;s__	0.985397747492544
88654bc04c5b0610e5e4f13d84a0f0a2	d__Bacteria;p__Firmicutes;c__Clostridia;o__Lachnospirales;f__Lachnospiraceae;g__Anaerostipes;s__	0.9933903848727222
81d3fae097080ad1b82146c2cb876a16	d__Bacteria;p__Actinobacteriota;c__Coriobacteriia;o__Coriobacteriales;f__Coriobacteriaceae;g__Collinsella;s__	0.9999138457207566
86fd79a8e40e06b7c4f9def19bd64675	d__Bacteria;p__Firmicutes;c__Clostridia;o__Oscillospirales;f__Ruminococcaceae;g__Faecalibacterium;s__	0.9997457211916828
b8a41463cf7319d0ad0308e5225cd23e	d__Bacteria;p__Firmicutes;c__Clostridia;o__Lachnospirales;f__Lachnospiraceae	0.9999347345397954
1fa47722d36b70e576bc74f4f5b4bf39	d__Bacteria;p__Bacteroidota;c__Bacteroidia;o__Bacteroidales;f__Bacteroidaceae;g__Bacteroides;s__	0.9998072594981938
c1cfd0a64a8dfdd4eeed588f511b6867	d__Bacteria;p__Proteobacteria;c__Gammaproteobacteria;o__Burkholderiales;f__Sutterellaceae;g__Sutterella;s__	0.9997769080087546
ecc3b03754db66acc9445674e4e66473	d__Bacteria;p__Firmicutes;c__Clostridia;o__Lachnospirales;f__Lachnospiraceae;g__Lachnospiraceae_UCG-004;s__	0.844951461200236
33120964fef9348e2c460ac63e2866ec	d__Bacteria;p__Firmicutes;c__Clostridia;o__Lachnospirales;f__Lachnospiraceae;g__Dorea;s__	0.9739820506716348
72692244d2e45e80166467bb3a996d45	d__Bacteria;p__Firmicutes;c__Clostridia;o__Lachnospirales;f__Lachnospiraceae;g__Dorea;s__	0.9253305458249386
8278255dfabee95bd0bc88f5c03e9cf8	d__Bacteria;p__Firmicutes;c__Clostridia;o__Lachnospirales;f__Lachnospiraceae	0.9998076505567111
0f28f8a5500952624111bb603c801013	d__Bacteria;p__Firmicutes;c__Clostridia;o__Christensenellales;f__Christensenellaceae;g__Christensenellaceae_R-7_group;s__	0.9266567987119853
41a50983365bc35054d86e6ad7a24131	d__Bacteria;p__Firmicutes;c__Clostridia;o__Oscillospirales;f__Ruminococcaceae;g__Faecalibacterium;s__	0.9996578329465835
3d314d57a961f049e73604df2d27f99f	d__Bacteria;p__Firmicutes;c__Clostridia;o__Lachnospirales;f__Lachnospiraceae;g__Blautia;s__	0.9405523798875535
22ef8d0ef25bb634b8c0936667ac4a22	d__Bacteria;p__Firmicutes;c__Clostridia;o__Lachnospirales;f__Lachnospiraceae	0.999556826007488
e356aa1337ff827fd6397cdfc4d91ed0	d__Bacteria;p__Firmicutes;c__Clostridia;o__Lachnospirales;f__Lachnospiraceae;g__Dorea;s__	0.9645433772445654
77ccbc2a3afd9dd198a91e260c2d5c43	d__Bacteria;p__Actinobacteriota;c__Coriobacteriia;o__Coriobacteriales;f__Coriobacteriales_Incertae_Sedis;g__uncultured;s__	0.9971821881000587
028a1b1fe23c2068abd8dfc2d39929b7	d__Bacteria;p__Firmicutes;c__Clostridia;o__Lachnospirales;f__Lachnospiraceae;g__Blautia;s__	0.9005332756769183
54e6bf9fb0d3bd12f6b18a2fddd7d6d7	d__Bacteria;p__Firmicutes;c__Clostridia;o__Lachnospirales;f__Lachnospiraceae;g__Sellimonas;s__	0.9158937921522106
e2d7e5bb88a093e314a0e28423fb5a8f	d__Bacteria;p__Firmicutes;c__Clostridia;o__Oscillospirales	0.7134896585177697
8bd893f1581106f9410eaccbe58eb64e	d__Bacteria;p__Firmicutes;c__Clostridia;o__Lachnospirales;f__Lachnospiraceae	0.9986033048075775
1c3c9b2625462659e72a0eec0e258663	d__Bacteria;p__Firmicutes;c__Clostridia;o__Oscillospirales;f__Oscillospiraceae;g__Oscillibacter;s__	0.9401818265045734
0d086da02a7c4335fda15c571e4abf80	d__Bacteria;p__Actinobacteriota;c__Actinobacteria;o__Bifidobacteriales;f__Bifidobacteriaceae;g__Bifidobacterium;s__	0.9989829701192356
661a0353358a9bf431386e84a447eacf	d__Bacteria;p__Firmicutes;c__Clostridia;o__Oscillospirales;f__Ruminococcaceae;g__Faecalibacterium;s__	0.9996592841324462
56e80b20d587154032a2654ccbf16fd5	d__Bacteria;p__Firmicutes;c__Clostridia;o__Lachnospirales;f__Lachnospiraceae;g__Agathobacter;s__	0.9802160778888445
8deada45c61b609d775c31184756a520	d__Bacteria;p__Firmicutes;c__Clostridia;o__Oscillospirales;f__Ruminococcaceae;g__Faecalibacterium;s__	0.999692778313489
db8c73a6d735bbb4369ec2d04828df2c	d__Bacteria;p__Firmicutes;c__Clostridia;o__Lachnospirales;f__Lachnospiraceae;g__[Eubacterium]_hallii_group;s__	0.9836624288334818
da48615b47f377004d522c60311f809a	d__Bacteria;p__Firmicutes;c__Clostridia;o__Lachnospirales;f__Lachnospiraceae	0.9999089313534701
05c96ecd0d304542bb6b20881f5884ba	d__Bacteria;p__Firmicutes;c__Clostridia;o__Lachnospirales;f__Lachnospiraceae;g__Fusicatenibacter;s__	0.9995435755858277
98fd8bd3f46f96b5aca4a1a7f8945a4f	d__Bacteria;p__Firmicutes;c__Clostridia;o__Oscillospirales;f__Oscillospiraceae;g__Oscillospira;s__	0.99173617934823
30c1298d46cf0301e497903af7966dd0	d__Bacteria;p__Firmicutes;c__Clostridia;o__Lachnospirales;f__Lachnospiraceae;g__[Ruminococcus]_torques_group;s__	0.9254154163913738
24aa93509f2bd1bfdc8f66b5b91ab4bb	d__Bacteria;p__Firmicutes;c__Clostridia;o__Oscillospirales;f__Ruminococcaceae;g__Faecalibacterium;s__	0.9983142293469641
f4f955d53bda6d616424220bf09281ea	d__Bacteria;p__Firmicutes;c__Bacilli;o__Lactobacillales;f__Streptococcaceae;g__Streptococcus;s__	0.999904337066492
03d1c935b0fd13f5dc9671f89557b169	d__Bacteria;p__Firmicutes;c__Clostridia;o__Lachnospirales;f__Lachnospiraceae;g__Blautia;s__	0.9298745968878217
9b2f3b8e51015da454d9ad59385445fc	d__Bacteria;p__Firmicutes;c__Clostridia;o__Lachnospirales;f__Lachnospiraceae	0.9971141918339604
6ace569398c5a66f3f9abc20df9e4540	d__Bacteria;p__Firmicutes;c__Clostridia;o__Lachnospirales;f__Lachnospiraceae	0.9999370684467701
baedf396b3697f5e5e07c26cb385516a	d__Bacteria;p__Firmicutes;c__Clostridia;o__Monoglobales;f__Monoglobaceae;g__Monoglobus;s__	0.9924405045519085
f8d0f778b220b54938fd0144f01b5067	d__Bacteria;p__Firmicutes;c__Clostridia;o__Lachnospirales;f__Lachnospiraceae;g__[Ruminococcus]_torques_group;s__	0.9067855638385085
e368451bf08541dfa3b09e97a4a925b8	d__Bacteria;p__Firmicutes;c__Clostridia;o__Lachnospirales;f__Lachnospiraceae	0.9999301144197219
25d62b08f0c721eebbc5381ad67c922f	d__Bacteria;p__Firmicutes;c__Clostridia;o__Lachnospirales;f__Lachnospiraceae	0.9840565158984572
3bc3225a93519b40a85f536fb46acf52	d__Bacteria;p__Firmicutes;c__Bacilli;o__Lactobacillales;f__Streptococcaceae;g__Streptococcus;s__	0.9993456668051749
7b7611923543692e76227ea431f76468	d__Bacteria;p__Bacteroidota;c__Bacteroidia;o__Bacteroidales;f__Bacteroidaceae;g__Bacteroides;s__	0.9998240877378132
2002db5835ee86a7e088f78d2cd8d9e4	d__Bacteria;p__Bacteroidota;c__Bacteroidia;o__Bacteroidales;f__Barnesiellaceae;g__Barnesiella;s__	0.9999613255989452
c551a6ab03b2878e0b8972f5a1b83a22	d__Bacteria;p__Bacteroidota;c__Bacteroidia;o__Bacteroidales;f__Rikenellaceae;g__Rikenella;s__	0.9591108754930805
14a07dc0639575158a8aa23cd3036f08	d__Bacteria;p__Firmicutes;c__Clostridia;o__Lachnospirales;f__Lachnospiraceae;g__Blautia;s__	0.9105076791106247
90fb145755ed88acdadc3158a04a863c	d__Bacteria;p__Bacteroidota;c__Bacteroidia;o__Bacteroidales;f__Bacteroidaceae;g__Bacteroides;s__	0.9997182750205235
52fb87eab0e53350fefba258b85237b5	d__Bacteria;p__Bacteroidota;c__Bacteroidia;o__Bacteroidales;f__Bacteroidaceae;g__Bacteroides;s__	0.9997193790665931
f66f254958fcecc83d6fdbf0a92eb442	d__Bacteria;p__Bacteroidota;c__Bacteroidia;o__Bacteroidales;f__Bacteroidaceae;g__Bacteroides;s__	0.9998192065032636
64560147c49bc04a2d6d72711d98259c	d__Bacteria;p__Firmicutes;c__Clostridia;o__Lachnospirales;f__Lachnospiraceae	0.9996643452639493
63e98091f0b6c7e2c869f96502489f91	d__Bacteria;p__Firmicutes;c__Clostridia;o__Oscillospirales;f__Butyricicoccaceae;g__Butyricicoccus;s__	0.9342606221195136
337243e58492c7ad215eb7b93100be41	d__Bacteria;p__Firmicutes;c__Clostridia;o__Oscillospirales;f__Ruminococcaceae;g__Faecalibacterium;s__	0.9995159066290089
d10a16d935476f26888fc25e14e05bf9	d__Bacteria;p__Firmicutes;c__Clostridia;o__Lachnospirales;f__Lachnospiraceae;g__[Ruminococcus]_gnavus_group;s__	0.972844906828891
aec58dc524025380bf89d85a07aa8d64	d__Bacteria;p__Firmicutes;c__Clostridia;o__Lachnospirales;f__Lachnospiraceae;g__[Eubacterium]_hallii_group;s__	0.9695504212420776
e726716bae2a02a9ce78006ee03a0381	d__Bacteria;p__Actinobacteriota;c__Actinobacteria;o__Bifidobacteriales;f__Bifidobacteriaceae;g__Bifidobacterium;s__	0.9996220931025583
4714309fd91cdb1a3c010963ccb82003	d__Bacteria;p__Firmicutes;c__Bacilli;o__Erysipelotrichales;f__Erysipelotrichaceae;g__Faecalitalea;s__	0.8604500888247332
ee7f9d886b822764a05f8bd1fc86ad3c	d__Bacteria;p__Firmicutes;c__Clostridia;o__Lachnospirales;f__Lachnospiraceae;g__Fusicatenibacter;s__	0.9032845289432535
45b5c55765a0a8395436daf7f4c5e67f	d__Bacteria;p__Firmicutes;c__Clostridia;o__Oscillospirales;f__Oscillospiraceae;g__Oscillibacter;s__	0.8145685029202138
0c96c7fd61cf9ba5449b246f82503357	d__Bacteria;p__Firmicutes;c__Clostridia;o__Lachnospirales;f__Lachnospiraceae	0.9963618727505352
006a37636d7a8d8c8c8cdeb3262e6b74	d__Bacteria;p__Firmicutes;c__Clostridia;o__Lachnospirales;f__Lachnospiraceae	0.9963257490693054
dc85f598af6ef67f74deaf90ccd10e7a	d__Bacteria;p__Firmicutes;c__Clostridia;o__Lachnospirales;f__Lachnospiraceae	0.9986768474634157
72809398fbbadf0942dfd811305217fc	d__Bacteria;p__Firmicutes;c__Clostridia;o__Lachnospirales;f__Lachnospiraceae	0.8447693338718913
a7b2bb665d497162eaedba35c61ed5bc	d__Bacteria;p__Firmicutes;c__Clostridia;o__Oscillospirales;f__Ruminococcaceae	0.7869215140601354
674b6b0bf5ab11326e0ea85919ef46c0	d__Bacteria;p__Firmicutes;c__Clostridia;o__Lachnospirales;f__Lachnospiraceae	0.9997549185267373
94dea9f526acadc76500724c88c16729	d__Bacteria;p__Firmicutes;c__Clostridia;o__Lachnospirales;f__Lachnospiraceae	0.8617199400769062
61e094158ede2b01ddd668f3431dadd4	d__Bacteria;p__Firmicutes;c__Clostridia;o__Lachnospirales;f__Lachnospiraceae	0.9996270396660905
9f94eb48f33446cc9150e35670e0aac9	d__Bacteria;p__Firmicutes;c__Clostridia;o__Lachnospirales;f__Lachnospiraceae;g__Eisenbergiella;s__	0.9879776324746258
a3ea0192213af4f984cdce1a75debd3a	d__Bacteria;p__Bacteroidota;c__Bacteroidia;o__Bacteroidales;f__Bacteroidaceae;g__Bacteroides;s__	0.9979630500123343
be1deaccb90498a074a70bbc994b363e	d__Bacteria;p__Firmicutes;c__Clostridia;o__Lachnospirales;f__Lachnospiraceae	0.999204592973393
da9eb214e0e020696af4868927ae007b	d__Bacteria;p__Firmicutes;c__Clostridia;o__Lachnospirales;f__Lachnospiraceae	0.994184822037711
3ed538fe7e1375fe2a9bc411510f8852	d__Bacteria;p__Firmicutes;c__Clostridia;o__Lachnospirales;f__Lachnospiraceae	0.8038121834739126
d82971e2aca8c97791a3aa47b6683c48	d__Bacteria;p__Firmicutes;c__Clostridia;o__Christensenellales;f__Christensenellaceae;g__Christensenellaceae_R-7_group;s__	0.836758428505652
a724536bcf0b91ef93642292460ff7c7	d__Bacteria;p__Firmicutes;c__Clostridia;o__Lachnospirales;f__Lachnospiraceae;g__[Ruminococcus]_torques_group;s__	0.7522606717014485
8efa3ffd571a8034a79f1ef054e3b6dd	d__Bacteria;p__Firmicutes;c__Clostridia;o__Lachnospirales;f__Lachnospiraceae	0.9984149599606864
9832103e54c4a5ab103e54fe811fe1c8	d__Bacteria;p__Firmicutes;c__Clostridia;o__Lachnospirales;f__Lachnospiraceae	0.9867883441804322
1a0131f3bf1823e9d830a00b866e51b8	d__Bacteria;p__Bacteroidota;c__Bacteroidia;o__Bacteroidales;f__Prevotellaceae	0.7540125743148071
79a7504d6a85727b8f8349e5c8220dbb	d__Bacteria;p__Bacteroidota;c__Bacteroidia;o__Bacteroidales;f__Prevotellaceae	0.9918069268117413
aa98db34d2d12849b7cff8ef99ceb6c2	d__Bacteria;p__Bacteroidota;c__Bacteroidia;o__Bacteroidales;f__Barnesiellaceae;g__Barnesiella;s__	0.9999815422504108
544ebb6aa207aab83c6c98aa470d5ede	d__Bacteria;p__Firmicutes;c__Clostridia;o__Oscillospirales;f__Ruminococcaceae	0.8110093897524497
4edebe1a462871220f1ad5fe244bb39f	d__Bacteria;p__Cyanobacteria;c__Vampirivibrionia;o__Gastranaerophilales;f__Gastranaerophilales;g__Gastranaerophilales;s__	0.9956440149293835
dc2f112d97cec53a2ec33c20dc6a0c36	d__Bacteria;p__Firmicutes;c__Clostridia;o__Oscillospirales;f__Ruminococcaceae;g__Faecalibacterium;s__	0.9981740114885601
e5960e64676def9437667db3b03f9cd3	d__Bacteria;p__Firmicutes;c__Clostridia;o__Oscillospirales;f__Ruminococcaceae	0.8896575463224208
7871968911621886dcb007b130489b33	d__Bacteria;p__Bacteroidota;c__Bacteroidia;o__Bacteroidales;f__Prevotellaceae	0.9907339633713939
45c6e21a6428fc7523a343ea26173e85	d__Bacteria;p__Firmicutes;c__Clostridia;o__Oscillospirales;f__Oscillospiraceae;g__NK4A214_group;s__	0.9339488041553909
c723d01cd75ab82bcc6d5a6f4eeaf737	d__Bacteria;p__Firmicutes;c__Clostridia;o__Oscillospirales;f__Ruminococcaceae;g__Faecalibacterium;s__	0.9995733684462822
81b46e54fe665561e172346febc37318	d__Bacteria;p__Firmicutes;c__Clostridia;o__Clostridia_UCG-014;f__Clostridia_UCG-014;g__Clostridia_UCG-014;s__	0.9999787285542858
44de8df1d282bda0e1623adcb862e6de	d__Bacteria;p__Firmicutes;c__Clostridia;o__Lachnospirales;f__Lachnospiraceae;g__Lachnoclostridium;s__	0.7011855757777818
1977b69f2e31ebf5f78a35577b450832	d__Bacteria;p__Firmicutes;c__Clostridia;o__Lachnospirales;f__Lachnospiraceae;g__Fusicatenibacter;s__	0.9986961313803704
cc2a2a71148da2f05bb744755e8609e3	d__Bacteria;p__Firmicutes;c__Clostridia;o__Lachnospirales;f__Lachnospiraceae;g__Lachnoclostridium;s__	0.7862320901498369
45cf52a0f9ff9374e1efa840a87f51cc	d__Bacteria;p__Firmicutes;c__Clostridia;o__Lachnospirales;f__Lachnospiraceae;g__[Eubacterium]_ventriosum_group;s__	0.8316603735319337
4285cedc548929230891cbee1b034527	d__Bacteria;p__Firmicutes;c__Clostridia;o__Lachnospirales;f__Lachnospiraceae;g__Fusicatenibacter;s__	0.9997282293030656
aa64e3bc8318c72977bd93d9b779dcfe	d__Bacteria;p__Firmicutes;c__Clostridia	0.9964684706499745
5b84e4bc3842a7392b58269e5b3b10e7	d__Bacteria;p__Firmicutes;c__Clostridia;o__Oscillospirales;f__Ruminococcaceae;g__uncultured;s__	0.773028509770079
864cb3a337e1eca8977216639d747b37	d__Bacteria;p__Firmicutes;c__Clostridia;o__Lachnospirales;f__Lachnospiraceae;g__[Ruminococcus]_torques_group;s__	0.7094133779224782
6eeed5930dc5cfa5d6368a78befd7dc6	d__Bacteria;p__Firmicutes;c__Clostridia;o__Lachnospirales;f__Lachnospiraceae	0.873252987237013
c782dbc63e6492f4e018e8972709aab2	d__Bacteria;p__Firmicutes;c__Clostridia;o__Oscillospirales;f__Ruminococcaceae	0.7066250889166555
2992de3b117647fadf397f02f21b9de4	d__Bacteria;p__Firmicutes;c__Clostridia;o__Lachnospirales;f__Lachnospiraceae;g__Lachnospiraceae_FCS020_group;s__	0.9041123778328332
a6a1f48f1fec14274bf5240b4e79bd6d	d__Bacteria;p__Firmicutes;c__Clostridia;o__Lachnospirales;f__Lachnospiraceae;g__Lachnoclostridium;s__	0.7491069070022455
994dcaa553f4620555b3fd393de58742	d__Bacteria;p__Firmicutes;c__Clostridia;o__Lachnospirales;f__Lachnospiraceae;g__[Ruminococcus]_gnavus_group;s__	0.9701266595658555
8c981bb53aa6e9de14328189c901c812	d__Bacteria;p__Firmicutes;c__Clostridia;o__Lachnospirales;f__Lachnospiraceae;g__Lachnospira;s__	0.9721577005677329
7d7ab330a66c1f6c3d4b0617e867b0b7	d__Bacteria;p__Firmicutes;c__Clostridia;o__Lachnospirales;f__Lachnospiraceae	0.9975095510821227
a74a766a17aa41324c7b9cbcf8f2fe81	d__Bacteria;p__Firmicutes;c__Clostridia;o__Lachnospirales;f__Lachnospiraceae	0.9932556819777572
1d120e8d038faecc5f15ac2766d9459f	d__Bacteria;p__Firmicutes;c__Clostridia;o__Lachnospirales;f__Lachnospiraceae;g__[Ruminococcus]_gnavus_group;s__	0.9850230358103753
43fac67442b5c413d97200a9dd1f6a46	d__Bacteria;p__Firmicutes;c__Clostridia;o__Lachnospirales;f__Lachnospiraceae	0.9973919056167304
1fad997934512e35cebdc28c547411ab	d__Bacteria;p__Firmicutes;c__Clostridia;o__Lachnospirales;f__Lachnospiraceae;g__Anaerostipes;s__	0.9973546685788189
7825a8623d7b854b62d53ab822b31e39	d__Bacteria;p__Bacteroidota;c__Bacteroidia;o__Bacteroidales;f__Bacteroidaceae;g__Bacteroides;s__	0.9988324991058883
15297f6359a4ed2521d221227cf38c28	d__Bacteria;p__Firmicutes;c__Clostridia;o__Oscillospirales;f__Oscillospiraceae;g__UCG-002;s__	0.9400172044606138
e2d45c5ecb2e36ea4f7e679b71e8f480	d__Bacteria;p__Firmicutes;c__Clostridia;o__Oscillospirales;f__[Eubacterium]_coprostanoligenes_group;g__[Eubacterium]_coprostanoligenes_group;s__	0.88707216625604
ccdec93091d7d03a01e0d6b1ce8d39e5	d__Bacteria;p__Firmicutes;c__Clostridia;o__Lachnospirales;f__Lachnospiraceae;g__Fusicatenibacter;s__	0.9960352301129963
cc4142fe50b4f5aed340e181299df8be	d__Bacteria;p__Firmicutes;c__Clostridia;o__Lachnospirales;f__Lachnospiraceae;g__Fusicatenibacter;s__	0.9976316446915636
19247576d248d0f7dd89d0007caa6884	d__Bacteria;p__Firmicutes;c__Clostridia;o__Lachnospirales;f__Lachnospiraceae;g__Blautia;s__	0.9382731059330992
8db8edf34df2795b214a6436b5e6398e	d__Bacteria;p__Bacteroidota;c__Bacteroidia;o__Bacteroidales;f__Tannerellaceae;g__Parabacteroides;s__	0.9672627093259009
8107cf18c5d5ec93e5f3d168b605a5cc	d__Bacteria;p__Bacteroidota;c__Bacteroidia;o__Bacteroidales;f__Rikenellaceae;g__Rikenella;s__	0.8137895287815675
6726d881a761475257578ff02cd41f0a	d__Bacteria;p__Firmicutes;c__Clostridia;o__Lachnospirales;f__Lachnospiraceae;g__[Ruminococcus]_gauvreauii_group;s__	0.7442364451498928
7f053a83c848e8344b9d12d32c73e557	d__Bacteria;p__Firmicutes;c__Clostridia;o__Oscillospirales;f__Oscillospiraceae;g__UCG-002;s__	0.9012024886987127
e4f0e92dd085d42d6f9f0584a4cbe9a2	d__Bacteria;p__Firmicutes;c__Clostridia;o__Lachnospirales;f__Lachnospiraceae	0.9889760549426805
d65870463ef509474bc4babfe5338717	d__Bacteria;p__Firmicutes;c__Clostridia;o__Lachnospirales;f__Lachnospiraceae;g__Fusicatenibacter;s__	0.9979984728048237
a4a89cd17945a444231d8779b9761c09	d__Bacteria;p__Firmicutes;c__Clostridia;o__Monoglobales;f__Monoglobaceae;g__Monoglobus;s__	0.9721724947509871
cc6bda301a5769ef5d50f9cb87b3e2db	d__Bacteria;p__Firmicutes;c__Clostridia;o__Oscillospirales;f__Ruminococcaceae	0.9999282949868499
b095d751ed44358700397d76aec30425	d__Bacteria;p__Desulfobacterota;c__Desulfovibrionia;o__Desulfovibrionales;f__Desulfovibrionaceae;g__Bilophila;s__	0.9997071641726101
0558e4854824046442946f4246f8ebdf	d__Bacteria;p__Bacteroidota;c__Bacteroidia;o__Bacteroidales;f__Barnesiellaceae;g__uncultured;s__	0.9957901247468948
e2720951d26056d5be5453e9ac495274	d__Bacteria;p__Actinobacteriota;c__Coriobacteriia;o__Coriobacteriales;f__Eggerthellaceae;g__Senegalimassilia;s__	0.9999860488150204
9be91c9c0d9ce641f6850e6bc5955cc8	d__Bacteria;p__Bacteroidota;c__Bacteroidia;o__Bacteroidales;f__Bacteroidaceae;g__Bacteroides;s__	0.9968419730184616
4a473d15b3c3e135ed73f8beb83bb7c9	d__Bacteria;p__Firmicutes;c__Clostridia;o__Lachnospirales;f__Lachnospiraceae	0.9998735173691093
76a36e298106f09b03b0acf133ffecf6	d__Bacteria;p__Firmicutes;c__Clostridia;o__Lachnospirales;f__Lachnospiraceae;g__Lachnospiraceae_ND3007_group;s__	0.999850951148406
2d5df67d17dbe63d1ef4174040c8d60e	d__Bacteria;p__Desulfobacterota;c__Desulfovibrionia;o__Desulfovibrionales;f__Desulfovibrionaceae;g__Bilophila;s__	0.9999817019651333
84f971010f5eccd70bda290fd1ebe09a	d__Bacteria;p__Bacteroidota;c__Bacteroidia;o__Bacteroidales;f__Bacteroidaceae;g__Bacteroides;s__	0.9979381469869363
b8cb34533402ca4d8548ff42789c19fe	d__Bacteria;p__Firmicutes;c__Clostridia;o__Lachnospirales;f__Lachnospiraceae;g__Dorea;s__	0.7073411971680428
a1bd348f23c92eecaba83fb836e5c35c	d__Bacteria;p__Firmicutes;c__Clostridia;o__Oscillospirales;f__Ruminococcaceae;g__Faecalibacterium;s__	0.9994306591468104
59d3d1a5ae3aee6cb31900c2a35f5989	d__Bacteria;p__Firmicutes;c__Clostridia;o__Oscillospirales;f__Ruminococcaceae	0.8510653307560034
b4c3e951469f099a40c6c8885a98e4d8	d__Bacteria;p__Firmicutes;c__Clostridia;o__Lachnospirales;f__Lachnospiraceae	0.9879757481094066
b51f5e6cf9bc461e3dfb4e2b05f9a511	d__Bacteria;p__Firmicutes;c__Clostridia;o__Lachnospirales;f__Lachnospiraceae;g__Blautia;s__	0.9608824607434938
5103aec9f41beab36da179d3c078f28a	d__Bacteria;p__Firmicutes;c__Clostridia;o__Lachnospirales;f__Lachnospiraceae;g__Dorea;s__	0.951375212676574
057c61118c97c4e19ef2aba34bcad3b5	d__Bacteria;p__Firmicutes;c__Clostridia;o__Lachnospirales;f__Lachnospiraceae	0.9747608289534583
7a50c403d09ab037605081e79d692a00	d__Bacteria;p__Firmicutes;c__Clostridia;o__Lachnospirales;f__Lachnospiraceae;g__Blautia;s__	0.914333543891983
b5eed59cd2d2018fcb734283eff20a6d	d__Bacteria;p__Proteobacteria;c__Gammaproteobacteria;o__Burkholderiales;f__Sutterellaceae;g__Sutterella;s__	0.9989982813466953
02132b23aa30b8b8f4b7d47246e7ae7c	d__Bacteria;p__Firmicutes;c__Negativicutes;o__Veillonellales-Selenomonadales;f__Veillonellaceae;g__Megasphaera;s__	0.999982850282994
0c692775f97a2bd78db2ac0977baa4b7	d__Bacteria;p__Bacteroidota;c__Bacteroidia;o__Bacteroidales;f__Bacteroidaceae;g__Bacteroides;s__	0.9974415563501332
3935b3c76412f7e28835fd049a24bf83	d__Bacteria;p__Firmicutes;c__Clostridia;o__Oscillospirales;f__Oscillospiraceae;g__UCG-005;s__	0.7881303195051029
b6932b705e6d0faf8eee29ad80a30350	d__Bacteria;p__Firmicutes;c__Clostridia;o__Oscillospirales;f__Ruminococcaceae;g__Faecalibacterium;s__	0.9993540153244269
ef0a5b6719d6f643558d9362c1489078	d__Bacteria;p__Bacteroidota;c__Bacteroidia;o__Bacteroidales;f__Rikenellaceae;g__Alistipes;s__	0.9959149007900926
e119367e996f86b265c411233a0a4089	d__Bacteria;p__Actinobacteriota;c__Actinobacteria;o__Bifidobacteriales;f__Bifidobacteriaceae;g__Bifidobacterium;s__	0.999768455359006
9bf7cfb3c6f424fab59c2fd201f6f9df	d__Bacteria;p__Bacteroidota;c__Bacteroidia;o__Bacteroidales;f__Prevotellaceae;g__Prevotella_7;s__	0.99880957231382
38b2fbefcee556f3f748a7920902e6d0	d__Bacteria;p__Firmicutes;c__Clostridia;o__Lachnospirales;f__Lachnospiraceae;g__Lachnospira;s__	0.9577037814504039
253bca93c5da7f4b50a40cf197c065f7	d__Bacteria;p__Firmicutes;c__Negativicutes;o__Veillonellales-Selenomonadales;f__Veillonellaceae;g__Megasphaera;s__	0.9999655325227258
b4aa5db43c8a52d9baf70b72c6d87f80	d__Bacteria;p__Firmicutes;c__Clostridia;o__Oscillospirales;f__Oscillospiraceae	0.9044015964884208
afcc97516ad66f510a001ca8de80591b	d__Bacteria;p__Actinobacteriota;c__Coriobacteriia;o__Coriobacteriales;f__Eggerthellaceae;g__Paraeggerthella;s__	0.99986124900466
c31a0f6be48db95086907f885fb1905c	d__Bacteria;p__Actinobacteriota;c__Actinobacteria;o__Bifidobacteriales;f__Bifidobacteriaceae;g__Bifidobacterium;s__	0.997624948589595
fc820d0bbd7cfe7daea55ae7210496df	d__Bacteria;p__Firmicutes;c__Bacilli;o__Erysipelotrichales;f__Erysipelatoclostridiaceae;g__Erysipelotrichaceae_UCG-003;s__	0.9999997168765705
00b172d541e3248d80f04d691a83a746	d__Bacteria;p__Firmicutes;c__Clostridia;o__Lachnospirales;f__Lachnospiraceae;g__Blautia;s__	0.9141494982653671
532b81fec0e6c8008848e5fc05e90b00	d__Bacteria;p__Firmicutes;c__Clostridia;o__Lachnospirales;f__Lachnospiraceae;g__Dorea;s__	0.9319506868866047
1c83a80890982a750441642ca71548a3	d__Bacteria;p__Firmicutes;c__Bacilli;o__Erysipelotrichales;f__Erysipelotrichaceae;g__Holdemania;s__	0.9358592415971055
7668e5183688e0a59c94ef5b7836c26b	d__Bacteria;p__Bacteroidota;c__Bacteroidia;o__Bacteroidales;f__Tannerellaceae;g__Parabacteroides;s__	0.7574099271049126
78a2b31a2eb3c4a932aaaab40dec8bea	d__Bacteria;p__Firmicutes;c__Clostridia;o__Lachnospirales;f__Lachnospiraceae;g__Blautia;s__	0.8330811203813159
ca62e9bdd59a5da5a8bdb0110bde8fc2	d__Bacteria;p__Bacteroidota;c__Bacteroidia;o__Bacteroidales;f__Prevotellaceae	0.95917369895823
a2a056b90d224c694f59138dc32d5357	d__Bacteria;p__Bacteroidota;c__Bacteroidia;o__Bacteroidales;f__Bacteroidaceae;g__Bacteroides;s__	0.9533055050630248
945d42475bc0434579820a692c61500f	d__Bacteria;p__Bacteroidota;c__Bacteroidia;o__Bacteroidales;f__Prevotellaceae	0.9790560672042368
6aac9171576fb211effa18e4fecb2d35	d__Bacteria;p__Firmicutes;c__Clostridia;o__Oscillospirales;f__Ruminococcaceae;g__Subdoligranulum;s__	0.9987339134258545
e02176b1970780c6ccc0cf4afbc35572	d__Bacteria;p__Firmicutes;c__Clostridia;o__Oscillospirales;f__Ruminococcaceae;g__Ruminococcus;s__	0.7863085744262336
bbbb9863a851adf36cb8365b90bf5b17	d__Bacteria;p__Firmicutes;c__Clostridia;o__Lachnospirales;f__Lachnospiraceae	0.9987675940113493
81ccc3f4d478af0aac4320e6ddfa36bc	d__Bacteria;p__Firmicutes;c__Clostridia;o__Oscillospirales;f__Ruminococcaceae;g__Subdoligranulum;s__	0.9798203601809139
b2854a9194b56a938389c94dab5d599f	d__Bacteria;p__Firmicutes;c__Clostridia;o__Lachnospirales;f__Lachnospiraceae;g__[Eubacterium]_ventriosum_group;s__	0.7137315039491566
dce675b09750a9285116b6f98a7f19b3	d__Bacteria;p__Firmicutes;c__Clostridia;o__Lachnospirales;f__Lachnospiraceae;g__Dorea;s__	0.8609806132513229
6e81ae5edd178a7bfef4af2cbe08a0bc	d__Bacteria;p__Firmicutes;c__Clostridia;o__Lachnospirales;f__Lachnospiraceae;g__Fusicatenibacter;s__	0.9991666187986662
16929496adc9ac0edf69c15f8a663eae	d__Bacteria;p__Firmicutes;c__Clostridia;o__Lachnospirales;f__Lachnospiraceae;g__[Eubacterium]_ventriosum_group;s__	0.7608100259724286
c6cefbd4e84afaa2adbef68af8343b9c	d__Bacteria;p__Firmicutes;c__Clostridia;o__Oscillospirales;f__Ruminococcaceae;g__Faecalibacterium;s__	0.9989302306033309
26093dcecb2b2f92ad8a675450fced4b	d__Bacteria;p__Firmicutes;c__Clostridia;o__Lachnospirales;f__Lachnospiraceae;g__Blautia;s__	0.8011905849334267
efcab416a8238c82c02df5d53763891c	d__Bacteria;p__Firmicutes;c__Clostridia;o__Lachnospirales;f__Lachnospiraceae	0.9905582439341227
2321feb09dd6b1ca46452648610d2e83	d__Bacteria;p__Firmicutes;c__Negativicutes;o__Veillonellales-Selenomonadales;f__Veillonellaceae;g__Dialister;s__	0.9998672239917097
ccd8bcf83afad8189cfa4977d61a449e	d__Bacteria;p__Firmicutes;c__Clostridia;o__Lachnospirales;f__Lachnospiraceae	0.9912500134806258
f7e1918ec405d79da270a97ec6165092	d__Bacteria;p__Firmicutes;c__Clostridia;o__Lachnospirales;f__Lachnospiraceae;g__Dorea;s__	0.978587102967352
f067c5ced96722901d8554891bf6fe29	d__Bacteria;p__Firmicutes;c__Clostridia;o__Lachnospirales;f__Lachnospiraceae	0.9911853967194079
c564e3ceafa2993cc73141b4523e5fc7	d__Bacteria;p__Firmicutes;c__Clostridia;o__Lachnospirales;f__Lachnospiraceae	0.9995160447344977
e706c2825f00f62711258c8b4a965c1a	d__Bacteria;p__Firmicutes;c__Clostridia;o__Lachnospirales;f__Lachnospiraceae;g__Blautia;s__	0.814905144171574
9a0044c083d8873d6ff45c55e18fdff7	d__Bacteria;p__Firmicutes;c__Clostridia;o__Lachnospirales;f__Lachnospiraceae	0.9993107056553211
2388423a1ab87da307e5e75ce60bfb25	d__Bacteria;p__Firmicutes;c__Clostridia;o__Clostridiales;f__Clostridiaceae;g__Clostridium_sensu_stricto_1;s__	0.9926126605101576
4e97fc074854852d75e68522fed334da	d__Bacteria;p__Bacteroidota;c__Bacteroidia;o__Bacteroidales;f__Marinifilaceae;g__Butyricimonas;s__	0.9999991044167049
b664eb023716e0140fba02d7f0cb49ec	d__Bacteria;p__Firmicutes;c__Clostridia;o__Lachnospirales;f__Lachnospiraceae	0.9997858092544273
ddf335fde1235241ed1d16a07582b96d	d__Bacteria;p__Firmicutes;c__Clostridia;o__Lachnospirales;f__Lachnospiraceae;g__Blautia;s__	0.8374672643947763
5a9faca5fd3bde1c3cd95cffce73a200	d__Bacteria;p__Firmicutes;c__Clostridia;o__Lachnospirales;f__Lachnospiraceae;g__Lachnospiraceae_UCG-004;s__	0.8657683997189658
b9d1487cf0948b76f93bfe83c84374f3	d__Bacteria;p__Firmicutes;c__Clostridia;o__Christensenellales;f__Christensenellaceae;g__Christensenellaceae_R-7_group;s__	0.7263809155635963
7628cfb8016cc12ace328816d0897be1	d__Bacteria;p__Firmicutes;c__Clostridia;o__Christensenellales;f__Christensenellaceae;g__Christensenellaceae_R-7_group;s__	0.7705216203683974
6b3ff2dc0ebf6aa93732db7d3ef980c8	d__Bacteria;p__Actinobacteriota;c__Actinobacteria;o__Bifidobacteriales;f__Bifidobacteriaceae;g__Bifidobacterium;s__	0.9997711302603483
0e29820a6a9fd00675a9410610477d65	d__Bacteria;p__Firmicutes;c__Clostridia;o__Peptostreptococcales-Tissierellales;f__Peptostreptococcaceae;g__Romboutsia;s__	0.754442519287637
211f0a91c08277976e5999c5eeaf1882	d__Bacteria;p__Actinobacteriota;c__Coriobacteriia;o__Coriobacteriales;f__uncultured;g__uncultured;s__	0.8137127913050016
963645e63a68111f4960de0cd3d2ce9a	d__Bacteria;p__Firmicutes;c__Clostridia;o__Lachnospirales;f__Lachnospiraceae	0.9888569717056535
fa11d9528fbcb46efc96395b0733dcb8	d__Bacteria;p__Firmicutes;c__Clostridia;o__Lachnospirales;f__Lachnospiraceae	0.9996262295177175
27521bcbaa00409ac8420ddbe9a5f4d8	d__Bacteria;p__Firmicutes;c__Clostridia;o__Lachnospirales;f__Lachnospiraceae;g__Blautia;s__	0.9415895052553094
7de25a0ec74cae6952171095af69cd43	d__Bacteria;p__Firmicutes;c__Clostridia;o__Peptostreptococcales-Tissierellales;f__Peptostreptococcaceae;g__Romboutsia;s__	0.8285180304309994
05dd0979a2c5b4744448a2f54edf5716	d__Bacteria;p__Firmicutes;c__Clostridia;o__Lachnospirales;f__Lachnospiraceae	0.9907101436217719
d7e14f894f9255209b8228dec70f1ecf	d__Bacteria;p__Firmicutes;c__Bacilli;o__Lactobacillales;f__Streptococcaceae;g__Lactococcus;s__	0.989852853134038
2c854185deb5e83f78904b60d74f0c29	d__Bacteria;p__Firmicutes;c__Bacilli;o__Lactobacillales;f__Streptococcaceae;g__Streptococcus;s__	0.9999342692465073
b4c8d0ff4cf047368e9a337cb1a30330	d__Bacteria;p__Firmicutes;c__Clostridia;o__Clostridiales;f__Clostridiaceae;g__Clostridium_sensu_stricto_1;s__	0.9918539210773685
433dc4ceb46428ad13983647e5dd9930	d__Bacteria;p__Firmicutes;c__Clostridia;o__Oscillospirales;f__Ruminococcaceae	0.78002353076349
f0df4ee0c0e15b4e5b959a6db45b1524	d__Bacteria;p__Desulfobacterota;c__Desulfovibrionia;o__Desulfovibrionales;f__Desulfovibrionaceae;g__Desulfovibrio;s__	0.99036474441724
1d6ab848a9224f3914fe2acaf8832eec	d__Bacteria;p__Firmicutes;c__Clostridia;o__Lachnospirales;f__Lachnospiraceae	0.9995744865633355
9cdf27c9876b8aec3dfd7a2c0debd234	d__Bacteria;p__Bacteroidota;c__Bacteroidia;o__Bacteroidales;f__Tannerellaceae;g__Parabacteroides;s__	0.9997275861726773
b7d2e0dd53aaa2280f5a29bce8826f2a	d__Bacteria;p__Firmicutes;c__Clostridia;o__Oscillospirales;f__Ruminococcaceae;g__Subdoligranulum;s__	0.996056574010713
ef74b6b6baf52740572fa62f06b8059c	d__Bacteria;p__Firmicutes;c__Clostridia;o__Oscillospirales;f__Ruminococcaceae;g__Subdoligranulum;s__	0.9771101337860411
25092ac2f90fab6f6a1ff06033f862bd	d__Bacteria;p__Firmicutes;c__Clostridia;o__Oscillospirales;f__Ruminococcaceae;g__Faecalibacterium;s__	0.9996086027048622
05944eaf5ebe12f5bb001a4c6192ad7e	d__Bacteria;p__Proteobacteria;c__Gammaproteobacteria;o__Burkholderiales;f__Sutterellaceae;g__Sutterella;s__	0.9990623298024004
8b57b2b5368d917b0ee42ef739d5fd69	d__Bacteria;p__Bacteroidota;c__Bacteroidia;o__Bacteroidales;f__Bacteroidaceae;g__Bacteroides;s__	0.9981710115675
fdabc30825fb2584055cac3e0cacbd73	d__Bacteria;p__Firmicutes;c__Clostridia;o__Lachnospirales;f__Lachnospiraceae;g__Blautia;s__	0.7806152394548169
56b0185fb791e30f86414d163c2916fe	d__Bacteria;p__Firmicutes;c__Clostridia;o__Lachnospirales;f__Lachnospiraceae	0.9961759232129733
506b4eb00e3c4d13f894b768f0a58716	d__Bacteria;p__Proteobacteria;c__Gammaproteobacteria;o__Burkholderiales;f__Sutterellaceae;g__Sutterella;s__	0.9998392719487457
9215c26728106927523cce1123a19b31	d__Bacteria;p__Proteobacteria;c__Alphaproteobacteria;o__Rhodospirillales;f__uncultured;g__uncultured;s__	0.9634060731771608
08beabed14967868a95fbe8c99ae4344	d__Bacteria;p__Firmicutes;c__Clostridia;o__Oscillospirales;f__Oscillospiraceae	0.958836916713029
c3916ac83cc0c98f399ef6d004932d3c	d__Bacteria;p__Bacteroidota;c__Bacteroidia;o__Bacteroidales;f__Bacteroidaceae;g__Bacteroides;s__	0.9992321523710275
1eb1479a5eaa854cdff1760e7aff9b58	d__Bacteria;p__Firmicutes;c__Clostridia;o__Christensenellales;f__Christensenellaceae;g__Christensenellaceae_R-7_group;s__	0.9499359709620898
2fb87a7ae54fc52b399abb712ec524f8	d__Bacteria;p__Firmicutes;c__Bacilli;o__Erysipelotrichales;f__Erysipelatoclostridiaceae	0.9989346241372488
d02383b71b54dbbd6f98571eaa81f2a4	d__Bacteria;p__Firmicutes;c__Clostridia;o__Lachnospirales;f__Lachnospiraceae;g__Blautia;s__	0.8736106971072483
2982605762dd7303b3ebcfa570a58eaf	d__Bacteria;p__Proteobacteria;c__Gammaproteobacteria;o__Burkholderiales;f__Sutterellaceae;g__Sutterella;s__	0.7799665901667897
168fb32a6200fb09ca96662283d8fa08	d__Bacteria;p__Firmicutes;c__Clostridia	0.9758508907271689
55c480ab4726691637cca5f88ed1f249	d__Bacteria;p__Firmicutes;c__Clostridia;o__Lachnospirales;f__Lachnospiraceae	0.9984934094026423
41f5fe15b984f071207998244abefb63	d__Bacteria;p__Firmicutes;c__Bacilli;o__RF39;f__RF39;g__RF39;s__	0.9993028111228291
5dd9df8ae0d438d4ee77c9aaba25dcd2	d__Bacteria;p__Firmicutes;c__Clostridia	0.9929515010118584
5bf8eca8bbf9caff0d46fe0ac2e0d22e	d__Bacteria;p__Firmicutes;c__Clostridia;o__Monoglobales;f__Monoglobaceae;g__Monoglobus;s__	0.9884491501393279
137215061feb300835acccf033dda56a	d__Bacteria;p__Firmicutes;c__Bacilli;o__Erysipelotrichales;f__Erysipelotrichaceae;g__Faecalitalea;s__	0.9983374285458693
d441c067859ac4214d0f1cb08bacf55f	d__Bacteria;p__Firmicutes;c__Clostridia;o__Oscillospirales;f__Ruminococcaceae;g__Faecalibacterium;s__	0.9988455641433321
75cbe89a33e63f9ef77f39e014f31728	d__Bacteria;p__Firmicutes;c__Clostridia	0.9575359217765842
c724fdb3df73d9f187d837e97fa15d12	d__Bacteria;p__Firmicutes;c__Clostridia	0.9943141362929534
89968f04b29b136091cc00abd22f8f8b	d__Bacteria;p__Bacteroidota;c__Bacteroidia;o__Bacteroidales;f__Tannerellaceae;g__Parabacteroides;s__	0.9996354629414077
fa3e1ba3b84ebf5fb5e57a0a32aa5f32	d__Bacteria;p__Firmicutes;c__Clostridia;o__Oscillospirales;f__Oscillospiraceae	0.9675635363534365
285e41b174d5fcbf15c405fc6415ccad	d__Bacteria;p__Proteobacteria;c__Gammaproteobacteria;o__Burkholderiales;f__Sutterellaceae;g__Sutterella;s__	0.999697335561858
c15e28c0b9328c73d2d9c9849e40ac6f	d__Bacteria;p__Firmicutes;c__Clostridia	0.9939436212857619
fe81d57bfaac2f12e867e9eb0a285b63	d__Bacteria;p__Firmicutes;c__Clostridia;o__Lachnospirales;f__Lachnospiraceae;g__[Eubacterium]_eligens_group;s__	0.9999226934428312
7435d950b698c7f2773f9de07f233a56	d__Bacteria;p__Firmicutes;c__Bacilli;o__Erysipelotrichales;f__Erysipelatoclostridiaceae;g__Erysipelatoclostridium;s__	0.9999952399120989
8201dc97136863c31f049f968ec65bde	d__Bacteria;p__Firmicutes;c__Bacilli;o__Erysipelotrichales;f__uncultured;g__uncultured;s__	0.9961820891053395
6be36d50246a4cd919b5424dbe828b64	d__Bacteria;p__Firmicutes;c__Clostridia;o__Lachnospirales;f__Lachnospiraceae;g__Blautia;s__	0.8231058443307908
f2c7338571ad7e6139d129739b4062c4	d__Bacteria;p__Firmicutes;c__Clostridia;o__Clostridia_vadinBB60_group;f__Clostridia_vadinBB60_group;g__Clostridia_vadinBB60_group;s__	0.9735872322799402
fb1dfa2cbfc45621ea97b9a57ae2cfc6	d__Bacteria;p__Firmicutes;c__Clostridia;o__Lachnospirales;f__Lachnospiraceae	0.995194321715991
4abee8b85bdd20b46eaaf550b5dab00c	d__Bacteria;p__Firmicutes;c__Clostridia;o__Lachnospirales;f__Lachnospiraceae	0.9967723233206216
5e4f5230fedf9ceebde18f41726d59de	d__Bacteria;p__Firmicutes;c__Clostridia;o__Lachnospirales;f__Lachnospiraceae	0.9544506685390374
536600c868ee75d1acfacb7f8ed237e8	d__Bacteria;p__Firmicutes;c__Clostridia;o__Lachnospirales;f__Lachnospiraceae;g__Blautia;s__	0.7142034301788047
430b74ce802368c1ddb9a134fb967546	d__Bacteria;p__Bacteroidota;c__Bacteroidia;o__Bacteroidales	0.9833402047267567
bfabab62b13e5c126ead4f1d895641bb	d__Bacteria;p__Firmicutes;c__Bacilli;o__Erysipelotrichales;f__Erysipelatoclostridiaceae	0.9984193601206752
168c151d9d1d3db11f98682daef52ac1	d__Bacteria;p__Firmicutes;c__Clostridia;o__Lachnospirales;f__Lachnospiraceae;g__[Ruminococcus]_torques_group;s__	0.8639703198912735
b04d8514d59ee6759347642fb9c82efc	d__Bacteria;p__Firmicutes;c__Clostridia;o__Lachnospirales;f__Lachnospiraceae	0.9982319373617099
68425300194458e933773706d8b7ea52	d__Bacteria;p__Firmicutes;c__Clostridia;o__Oscillospirales;f__Oscillospiraceae	0.940345514792528
35321e147e29f32a671ea181fa615fe5	d__Bacteria;p__Firmicutes;c__Bacilli;o__Erysipelotrichales;f__Erysipelatoclostridiaceae;g__Catenibacterium;s__	0.9999969819751936
b69683fea9efeabb4ec2b16b6a439115	d__Bacteria;p__Firmicutes;c__Clostridia;o__Oscillospirales;f__Oscillospiraceae	0.9453081426595369
48607352e18db34ab1226331e61800db	d__Bacteria;p__Proteobacteria;c__Gammaproteobacteria;o__Burkholderiales;f__Sutterellaceae	0.7513639156048607
25ebad8dbd6e7c44b3960897db60bff1	d__Bacteria;p__Firmicutes;c__Clostridia;o__Oscillospirales;f__Oscillospiraceae;g__UCG-005;s__	0.8739625947018997
598c801046faa1ae4a2a681c5a45da6f	d__Bacteria;p__Firmicutes;c__Clostridia;o__Lachnospirales;f__Lachnospiraceae	0.9815886531412568
e450f8ce141300ed37ddc76925f2bada	d__Bacteria;p__Firmicutes;c__Clostridia;o__Lachnospirales;f__Lachnospiraceae	0.9954120778835439
d03e1dbaae4e8d124b393d3d7f549c56	d__Bacteria;p__Firmicutes;c__Clostridia;o__Lachnospirales;f__Lachnospiraceae	0.9966133607330175
031172313cedf55bce877db90e7d8da1	d__Bacteria;p__Firmicutes;c__Clostridia;o__Lachnospirales;f__Lachnospiraceae	0.9961014670677356
c48f3fe742343e62fb17b34976b0a187	d__Bacteria;p__Firmicutes;c__Clostridia;o__Lachnospirales;f__Lachnospiraceae;g__Blautia;s__	0.7900728992169792
b2c2aff4fd580f6159e4f36385b7489f	d__Bacteria;p__Bacteroidota;c__Bacteroidia;o__Bacteroidales;f__Bacteroidaceae;g__Bacteroides;s__	0.7418830775590198
783aa122b8c387f93cc8dd12b13732ac	d__Bacteria;p__Firmicutes;c__Clostridia;o__Lachnospirales;f__Lachnospiraceae	0.997796704032463
e8dea53d841bc316e672782bb1836af4	d__Bacteria;p__Firmicutes;c__Clostridia;o__Lachnospirales;f__Lachnospiraceae;g__Marvinbryantia;s__	0.7064823246279958
8908a4012e2bd4e7b5e4382785b2f951	d__Bacteria;p__Bacteroidota;c__Bacteroidia;o__Bacteroidales;f__Bacteroidaceae;g__Bacteroides;s__	0.9985047314415648
5f5ab5333889439ec82854c1aa498c26	d__Bacteria;p__Bacteroidota;c__Bacteroidia;o__Bacteroidales;f__Tannerellaceae	0.9879247129375444
a59189d0153aed71b6d8e84e01e23b99	d__Bacteria;p__Firmicutes;c__Clostridia;o__Lachnospirales;f__Lachnospiraceae	0.9786091802472557
beaceb2bafaf27ce039f048cdd5bcfea	d__Bacteria;p__Actinobacteriota;c__Coriobacteriia;o__Coriobacteriales;f__Eggerthellaceae	0.9999995337763181
2e9c22927cdd2bccdaf035ac255b5d7f	d__Bacteria;p__Firmicutes;c__Bacilli;o__Erysipelotrichales;f__Erysipelatoclostridiaceae;g__Catenibacterium;s__	0.999989123087198
44693a0c4372d14fb51b70389dd84a24	d__Bacteria;p__Firmicutes;c__Clostridia;o__Lachnospirales;f__Lachnospiraceae	0.9991973484630687
162481c2ecf0e9e4f4d0513695b9fda7	d__Bacteria;p__Firmicutes;c__Clostridia	0.9717626140901041
b7afe4810680201c4e6182783a6476d5	d__Bacteria;p__Firmicutes;c__Clostridia;o__Monoglobales;f__Monoglobaceae;g__Monoglobus;s__	0.984209912256703
f256d0484d98f461bd1ae175d23254d0	d__Bacteria;p__Bacteroidota;c__Bacteroidia;o__Bacteroidales;f__Bacteroidaceae;g__Bacteroides;s__	0.7191940212289871
d80d13bec45cfa94ef114f61586a1d2a	d__Bacteria;p__Firmicutes;c__Clostridia;o__Lachnospirales;f__Lachnospiraceae	0.9879860194710093
25c61911c0b461e7066fdee9fff4c8af	d__Bacteria;p__Firmicutes;c__Clostridia;o__Lachnospirales;f__Lachnospiraceae	0.9978279470138866
377d8e531cf1c11f8f2938be9ccd97b4	d__Bacteria;p__Proteobacteria;c__Gammaproteobacteria;o__Enterobacterales;f__Enterobacteriaceae	0.8503682758977542
c01374037db206aff337f0144837625f	d__Bacteria;p__Firmicutes;c__Clostridia;o__Clostridia_UCG-014;f__Clostridia_UCG-014;g__Clostridia_UCG-014;s__	0.9998136982482455
8d068f59e92f517dc54203b450e4cda3	d__Bacteria;p__Firmicutes;c__Clostridia;o__Oscillospirales;f__Ruminococcaceae;g__Faecalibacterium;s__	0.9991750108316229
34b031e8e025a6adfb79fa3c6b363b91	d__Bacteria;p__Firmicutes;c__Clostridia;o__Peptostreptococcales-Tissierellales;f__Anaerovoracaceae;g__Family_XIII_UCG-001;s__	0.9380430371650731
6e4bc5a7de5111a9018d4440279919b7	d__Bacteria;p__Firmicutes;c__Clostridia;o__Lachnospirales;f__Lachnospiraceae	0.988605445569994
20e64bb66063b634fd55453c0ee64538	d__Bacteria;p__Firmicutes;c__Clostridia;o__Lachnospirales;f__Lachnospiraceae	0.9934209109317829
3a868519ff897d95ea43d0c9face814a	d__Bacteria;p__Firmicutes;c__Clostridia	0.9979565136269104
bf241842e33f69dd5329c1fd78fe59d6	d__Bacteria;p__Firmicutes;c__Clostridia;o__Lachnospirales;f__Lachnospiraceae	0.9944057801079041
51e8a19711219b139e2c1782428a36f0	d__Bacteria;p__Desulfobacterota;c__Desulfovibrionia;o__Desulfovibrionales;f__Desulfovibrionaceae;g__Desulfovibrio;s__	0.9873722910523977
1bbf9886e69920eb1568cbe6688cca8d	d__Bacteria;p__Firmicutes;c__Clostridia;o__Lachnospirales;f__Lachnospiraceae;g__[Ruminococcus]_torques_group;s__	0.8639417045026214
4e94e68d8e6be6d6d24c07d3c62f0891	d__Bacteria;p__Bacteroidota;c__Bacteroidia;o__Bacteroidales;f__Marinifilaceae;g__Odoribacter;s__	0.9999837386308453
9c46b8cb1571fae910ca2b5ff2bf4c29	d__Bacteria;p__Firmicutes;c__Clostridia;o__Oscillospirales;f__Ruminococcaceae;g__Subdoligranulum;s__	0.9873924478933345
df67537e4220771301b0d8a4caf4ff2c	d__Bacteria;p__Firmicutes;c__Clostridia;o__Lachnospirales;f__Lachnospiraceae	0.9990026085036784
ed2a3cacd0db7576db46e97a67fa4329	d__Bacteria;p__Firmicutes;c__Clostridia;o__Lachnospirales;f__Lachnospiraceae;g__Coprococcus;s__	0.7159862885369148
365353c5a08495f56bb5a7d43052913c	d__Bacteria;p__Firmicutes;c__Clostridia;o__Lachnospirales;f__Lachnospiraceae	0.9934925265433201
a59697551d86da71e2179fb4978ba333	d__Bacteria;p__Firmicutes;c__Clostridia;o__Lachnospirales;f__Lachnospiraceae	0.9871886951941651
e724aa87db8bf2273e3dfe0fdc213139	d__Bacteria;p__Firmicutes;c__Clostridia;o__Christensenellales;f__Christensenellaceae;g__Christensenellaceae_R-7_group;s__	0.8952480971334836
39ffeca930101298b8bf5467ebb7e020	d__Bacteria;p__Firmicutes;c__Clostridia;o__Lachnospirales;f__Lachnospiraceae;g__Coprococcus;s__	0.7066095132521415
391c59b836549b84e248dba05da2e7aa	d__Bacteria;p__Firmicutes;c__Clostridia;o__Lachnospirales;f__Lachnospiraceae	0.9973954031715366
36e894d2aa2f41eb23816e2e31b04f62	d__Bacteria;p__Bacteroidota;c__Bacteroidia;o__Bacteroidales	0.9730549040601598
7410977fd5aa12509cfdf087692909b5	d__Bacteria;p__Firmicutes;c__Clostridia;o__Lachnospirales;f__Lachnospiraceae	0.9992958559755375
9ca35b44248336446b9377103c35a4d7	d__Bacteria;p__Firmicutes;c__Clostridia;o__Clostridia_UCG-014;f__Clostridia_UCG-014;g__Clostridia_UCG-014;s__	0.9997613226903342
22f02f2afd351cd19f40f8f4b7adebe0	d__Bacteria;p__Firmicutes;c__Clostridia	0.9976728976012835
673b91ef893a3119695005b7486e19cb	d__Bacteria;p__Firmicutes;c__Clostridia;o__Oscillospirales;f__Ruminococcaceae;g__Faecalibacterium;s__	0.9990882603434779
e93e5bb5298eaacf162ec0e87beef4f8	d__Bacteria;p__Firmicutes;c__Clostridia;o__Lachnospirales;f__Lachnospiraceae;g__[Ruminococcus]_gnavus_group;s__	0.9748046897935237
1e04a8e88af34fefa3b38fbf7f0706eb	d__Bacteria;p__Firmicutes;c__Clostridia;o__Oscillospirales;f__Ruminococcaceae;g__Faecalibacterium;s__	0.9984458467410661
0c867742a2a039b457f41505cc73f5cf	d__Bacteria;p__Firmicutes;c__Clostridia;o__Clostridia_UCG-014;f__Clostridia_UCG-014;g__Clostridia_UCG-014;s__	0.998883475850052
c3247bc9363a2d4db5215d6d4e9ba2c7	d__Bacteria;p__Proteobacteria;c__Alphaproteobacteria;o__Rhodospirillales;f__uncultured;g__uncultured;s__	0.931476587990268
97f8915e2e252d2e0a9d5bcf2460f2a7	d__Bacteria;p__Firmicutes;c__Clostridia;o__Lachnospirales;f__Lachnospiraceae	0.9989782778103622
b8157633110a84f5e11e5e3d3a985452	d__Bacteria;p__Firmicutes;c__Clostridia;o__Oscillospirales;f__Ruminococcaceae;g__Subdoligranulum;s__	0.9849247052277355
37d338139e982d0de55a1b9976225c82	d__Bacteria;p__Firmicutes;c__Clostridia;o__Oscillospirales;f__Oscillospiraceae;g__UCG-005;s__	0.8949260628746603
2778f7bb6c57f17761ae39984f6cf675	d__Bacteria;p__Proteobacteria;c__Gammaproteobacteria;o__Enterobacterales;f__Enterobacteriaceae	0.9572252949187989
cf2644bc4291b3200978d73bbf35ce22	d__Bacteria;p__Firmicutes;c__Clostridia;o__Lachnospirales;f__Lachnospiraceae;g__Blautia;s__	0.8865172991189915
64e5862e303bb25b2b03618950a19663	d__Bacteria;p__Firmicutes;c__Clostridia;o__Lachnospirales;f__Lachnospiraceae;g__[Ruminococcus]_gnavus_group;s__	0.9500677708524088
59693167ba8eb68cd1971e48d99d8933	d__Bacteria	0.980485187808559
32964ceaed5e76d437c1a154c540f59f	d__Bacteria;p__Firmicutes;c__Clostridia;o__Lachnospirales;f__Lachnospiraceae	0.9996726393262656
8eca1e109cc4c88d8f7729d06fae05ee	d__Bacteria;p__Firmicutes;c__Clostridia;o__Lachnospirales;f__Lachnospiraceae;g__[Eubacterium]_hallii_group;s__	0.993114208654443
57f8133db5f53d0f4a9b5f265a0d910a	d__Bacteria;p__Firmicutes;c__Clostridia;o__Oscillospirales;f__Oscillospiraceae;g__UCG-002;s__	0.9764238072743613
b40676697ae4d74aadf2a0a62512fb65	d__Bacteria;p__Firmicutes;c__Clostridia;o__Lachnospirales;f__Lachnospiraceae	0.9966625690836758
35afd59f889bd552139c7c63a5edb3b3	d__Bacteria;p__Firmicutes;c__Clostridia;o__Christensenellales;f__Christensenellaceae;g__Christensenellaceae_R-7_group;s__	0.931615316164501
ed62297a96452648dbdb511541eaadc2	d__Bacteria;p__Firmicutes;c__Clostridia;o__Lachnospirales;f__Lachnospiraceae	0.9989409439828993
e5f848e76ebc4b8267e60927b10d9879	d__Bacteria;p__Firmicutes;c__Clostridia;o__Lachnospirales;f__Lachnospiraceae	0.9906612453678237
31916857c7d9e702780049b5f9e76cab	d__Bacteria;p__Firmicutes;c__Clostridia;o__Oscillospirales;f__Oscillospiraceae;g__Oscillibacter;s__	0.9443955806289984
ab3edafdd3a06f15fe0e7acb0e505e93	d__Bacteria;p__Firmicutes;c__Clostridia;o__Christensenellales;f__Christensenellaceae;g__Christensenellaceae_R-7_group;s__	0.7697895534610999
ddf83c8cb3af2656dd80000e721c8b9e	d__Bacteria;p__Firmicutes;c__Clostridia	0.911040932816247
417cfd9a3b81ef95a89b79d66a488b58	d__Bacteria;p__Firmicutes;c__Clostridia;o__Christensenellales;f__Christensenellaceae;g__Christensenellaceae_R-7_group;s__	0.874259236770245
969e81546ee1bab41e438089014bdeba	d__Bacteria;p__Firmicutes;c__Clostridia;o__Lachnospirales;f__Lachnospiraceae	0.999439704975929
cfecfac0bb3680429d0d6424b916f6fc	d__Bacteria;p__Firmicutes;c__Clostridia;o__Lachnospirales;f__Lachnospiraceae	0.9986942020004002
2e30205295feec424df746d9fe8a34f8	d__Bacteria;p__Firmicutes;c__Clostridia;o__Lachnospirales;f__Lachnospiraceae	0.9951607640315183
b793e6ead233913c6420081e282c3878	d__Bacteria;p__Firmicutes;c__Clostridia;o__Oscillospirales;f__Oscillospiraceae;g__UCG-005;s__	0.9334482846475984
2a0fd9b58829272cde184e5b19f2c9fd	d__Bacteria;p__Firmicutes;c__Clostridia;o__Oscillospirales;f__Ruminococcaceae;g__Faecalibacterium;s__	0.9981286068518942
48ef372b5dcdd46dc3b1639c6988c967	d__Bacteria;p__Firmicutes;c__Clostridia;o__Lachnospirales;f__Lachnospiraceae	0.9790485335679318
705af34e0653f303b9954d6f22af54ef	d__Bacteria;p__Firmicutes;c__Clostridia;o__Lachnospirales;f__Lachnospiraceae;g__Dorea;s__	0.8573967787357336
11233906e651a3a5c8827afaf55b3c62	d__Bacteria;p__Firmicutes;c__Clostridia;o__Lachnospirales;f__Lachnospiraceae	0.9990774784605764
2d43e723e954534f97ec00cc79ea590f	d__Bacteria;p__Firmicutes;c__Clostridia;o__Lachnospirales;f__Lachnospiraceae;g__[Eubacterium]_ventriosum_group;s__	0.781673062562653
9a47c338ae351777bb242c0613240e68	d__Bacteria;p__Actinobacteriota;c__Coriobacteriia;o__Coriobacteriales;f__Eggerthellaceae;g__Slackia;s__	0.9997332962622857
0c84f3549fe531700e1e7dc90738a80f	d__Bacteria	0.9951627598128401
4f7c4a69997db797bc74534f15594f77	d__Bacteria;p__Firmicutes;c__Clostridia;o__Lachnospirales;f__Lachnospiraceae	0.9979347970859913
a78bc44d294705aab24d218547915294	d__Bacteria;p__Bacteroidota;c__Bacteroidia	0.9836256552758682
b522f09565dc9df4293462cac378c9aa	d__Bacteria;p__Firmicutes;c__Clostridia;o__Lachnospirales;f__Lachnospiraceae	0.9973643086450907
367df584ee3ec19d9674546d41f94457	d__Bacteria;p__Firmicutes;c__Clostridia;o__Lachnospirales;f__Lachnospiraceae;g__Coprococcus;s__	0.7740494575454875
26ebb9534ef24a4761b34877334c4f34	d__Bacteria;p__Firmicutes;c__Bacilli;o__Erysipelotrichales;f__Erysipelotrichaceae;g__Faecalitalea;s__	0.9779679174638307
64fd7872f85823135f5e80f74c947037	d__Bacteria;p__Firmicutes;c__Clostridia;o__Lachnospirales;f__Lachnospiraceae	0.9991338386348002
be4822b299995424758ecc248415ff8b	d__Bacteria;p__Firmicutes;c__Clostridia;o__Lachnospirales;f__Lachnospiraceae	0.9972113109755101
ecb63f0888f2a308e1e1569f33faf0db	d__Bacteria;p__Firmicutes;c__Clostridia;o__Lachnospirales;f__Lachnospiraceae;g__[Ruminococcus]_torques_group;s__	0.7504114464767151
b6ad55f065c181fcc2e9a78401cf9b6b	d__Bacteria;p__Firmicutes;c__Clostridia;o__Lachnospirales;f__Lachnospiraceae	0.9865479609234791
28d27be3f9bad0bcfef395423d8f6018	d__Bacteria;p__Firmicutes;c__Clostridia;o__Lachnospirales;f__Lachnospiraceae	0.9964181426691974
81915ef900a4caf39042dc2ddf2e71f7	d__Bacteria;p__Firmicutes;c__Clostridia;o__Lachnospirales;f__Lachnospiraceae	0.9277845553726536
a935abbca3c0495064e75bee6566fbb8	d__Bacteria;p__Firmicutes;c__Clostridia;o__Oscillospirales;f__Ruminococcaceae;g__Faecalibacterium;s__	0.9970798862316607
6dbc5ed74368f290309a150b2b2c2b95	d__Bacteria;p__Firmicutes;c__Clostridia;o__Clostridia_UCG-014;f__Clostridia_UCG-014;g__Clostridia_UCG-014;s__	0.9999825676739699
e17f41a47f400c28ae46db5b4dfbff6a	d__Bacteria;p__Firmicutes;c__Clostridia;o__Lachnospirales;f__Lachnospiraceae;g__Blautia;s__	0.8661529327979511
ea0ca6e4c7e8054a7b680e4cffeb4eb4	d__Bacteria;p__Firmicutes;c__Clostridia;o__Lachnospirales;f__Lachnospiraceae;g__Blautia;s__	0.800952044679086
82880504865eb5d20942a930949ff20b	d__Bacteria;p__Firmicutes;c__Clostridia;o__Lachnospirales;f__Lachnospiraceae;g__Blautia;s__	0.8599116768602597
cc7a12dda2b056770673000e95066583	d__Bacteria;p__Firmicutes;c__Bacilli;o__Erysipelotrichales;f__uncultured;g__uncultured;s__	0.9982039697758076
672fd2bf6826ff19ce9dc5d9404f5743	d__Bacteria;p__Firmicutes;c__Clostridia	0.9525773871399655
9e348aeeaeeecae4f25b3da1f822a3a3	d__Bacteria;p__Firmicutes;c__Clostridia;o__Lachnospirales;f__Lachnospiraceae	0.9986381776735601
b2445aa5c59a5186e53811b886833cc4	d__Bacteria;p__Firmicutes;c__Clostridia;o__Oscillospirales;f__Ruminococcaceae	0.8918872567363665
740be4a1e38e3d4f64109361a30f905a	d__Bacteria;p__Firmicutes;c__Clostridia;o__Lachnospirales;f__Lachnospiraceae	0.9963801523940147
addf79756b574b6974980bbd33a023c4	d__Bacteria;p__Firmicutes;c__Clostridia;o__Lachnospirales;f__Lachnospiraceae	0.9997659566373915
e981ccce312a5a9d0521b097cdd1c5f0	d__Bacteria;p__Firmicutes;c__Clostridia;o__Peptococcales;f__Peptococcaceae;g__uncultured;s__	0.7344779792749758
439e73f214e1ab66c10a991d65a5cc62	d__Bacteria;p__Firmicutes;c__Clostridia;o__Lachnospirales;f__Lachnospiraceae	0.9988119192833073
0286161646fb72f4afc9f46c35991509	d__Bacteria;p__Firmicutes;c__Clostridia	0.9937627159112682
b0ca5dcdebf732680c6715d03f685324	d__Bacteria;p__Firmicutes;c__Clostridia	0.9969720412402185
7caa699086bd5a87e52d392bb44b7d89	d__Bacteria;p__Firmicutes;c__Clostridia;o__Lachnospirales;f__Lachnospiraceae;g__Blautia;s__	0.7690597878971306
7fa055291c130666be2360a314b24d14	d__Bacteria;p__Firmicutes;c__Clostridia;o__Peptococcales;f__Peptococcaceae;g__uncultured;s__	0.7524806764765372
0a22ebc1badcdbae6a578177452e9e32	d__Bacteria;p__Firmicutes;c__Clostridia;o__Oscillospirales	0.7566063497099733
0f386852414e558d0d27857138409f40	d__Bacteria;p__Firmicutes;c__Clostridia;o__Lachnospirales;f__Lachnospiraceae	0.9626629026987538
f9bff670f9dd9de27b6eaecec7f15fd1	d__Bacteria;p__Firmicutes;c__Clostridia;o__Monoglobales;f__Monoglobaceae;g__Monoglobus;s__	0.7681002725254408
1735d5efdb7c0e4ba7f4cfe05f4070f4	d__Bacteria;p__Firmicutes;c__Clostridia;o__Lachnospirales;f__Lachnospiraceae	0.9986517975853957
d9c3bec338edd106e80ed7d8d4c2d9c2	d__Bacteria;p__Firmicutes;c__Clostridia;o__Oscillospirales;f__Oscillospiraceae;g__UCG-005;s__	0.7300136011776707
4d657d8f45881d82a6ad14d170180815	d__Bacteria;p__Firmicutes;c__Clostridia	0.9933387738137691
be3492692c676c27265eb513e0f5c63f	d__Bacteria;p__Cyanobacteria;c__Vampirivibrionia;o__Gastranaerophilales;f__Gastranaerophilales;g__Gastranaerophilales;s__	0.9954640086802098
ee2524355d93c3516bd04498ebb681a4	d__Bacteria;p__Firmicutes;c__Clostridia;o__Lachnospirales;f__Lachnospiraceae	0.9993821964327743
9bc3a1ebb30daa2781eb1f8af2dfdfd1	d__Bacteria;p__Firmicutes;c__Clostridia;o__Peptococcales;f__Peptococcaceae;g__uncultured;s__	0.7306418729903323
9b854538c84f9e0a547e5a5d45346cbc	d__Bacteria;p__Proteobacteria;c__Gammaproteobacteria;o__Enterobacterales;f__Hafniaceae;g__Hafnia-Obesumbacterium;s__	0.8781302938153445
57c270d415954f702915e6d3c763cb97	d__Bacteria;p__Firmicutes;c__Clostridia;o__Lachnospirales;f__Lachnospiraceae	0.9999690398210853
e76657702e8c2b8ea3cec48757dbc415	d__Bacteria;p__Proteobacteria;c__Gammaproteobacteria;o__Enterobacterales	0.9999993407693983
0919c6884c142e68a466d10be0ce8baf	d__Bacteria;p__Firmicutes;c__Clostridia	0.9392666563125318
966cbe5a1b8509545987b115ef919c7e	d__Bacteria;p__Firmicutes;c__Clostridia;o__Lachnospirales;f__Lachnospiraceae	0.9996138155816483
279f30380b5715e711e6996c6ce79d67	d__Bacteria;p__Firmicutes;c__Clostridia;o__Oscillospirales;f__Oscillospiraceae	0.9960312575839447
fda895699a2c765290e70bacfbc3737f	d__Bacteria;p__Firmicutes;c__Clostridia;o__Oscillospirales;f__Oscillospiraceae	0.9920393287668023
91bc09a7edc3b1b9817857dd2b5aacea	d__Bacteria;p__Cyanobacteria;c__Vampirivibrionia;o__Gastranaerophilales;f__Gastranaerophilales;g__Gastranaerophilales;s__	0.9930195616024522
b8a136d0970f119e29937f5eae2fe213	d__Bacteria;p__Firmicutes;c__Clostridia	0.9431969703503804
6abdbfb1f33faa3ba0554d65ba84206f	d__Bacteria;p__Firmicutes;c__Clostridia;o__Oscillospirales;f__Oscillospiraceae;g__Flavonifractor;s__	0.9800910492092978
5e130696ca89d32ee19446f4ef2f84fe	d__Bacteria;p__Firmicutes;c__Clostridia	0.9414647174910572
410602f5eb0d3873f719a343c2c5b62f	d__Bacteria;p__Firmicutes;c__Clostridia;o__Oscillospirales;f__Oscillospiraceae	0.920133746919068
24deff6b3f6c125d20c415d67ad417d5	d__Bacteria;p__Firmicutes;c__Clostridia	0.9990773638828585
5edb39a6263f9926f86f29ae2f70eeba	d__Bacteria;p__Firmicutes;c__Clostridia;o__Oscillospirales;f__Oscillospiraceae	0.821233047583186
26e8962d0eab4ec0fc66847d74b56b88	d__Bacteria;p__Firmicutes;c__Clostridia;o__Christensenellales;f__Christensenellaceae;g__Christensenellaceae_R-7_group;s__	0.712065093168066
c78e181a7aca8de9d2de8e4f454817fb	d__Bacteria;p__Firmicutes;c__Clostridia	0.777685822115834
7c456a43c54cdddedd71b3145d9330b8	d__Bacteria;p__Firmicutes;c__Clostridia;o__Lachnospirales;f__Lachnospiraceae	0.7886002616284071
fec54458bdea3ac06d5e8ef39beae2cd	d__Bacteria;p__Firmicutes;c__Clostridia	0.9610394277084406
8bbb216b1fea5b81858eb93c7e15b15c	d__Bacteria;p__Firmicutes;c__Negativicutes;o__Veillonellales-Selenomonadales;f__Veillonellaceae;g__Dialister;s__	0.9939257671875699
5fad4bbc3e32084889c428121c0eb5bc	d__Bacteria;p__Bacteroidota;c__Bacteroidia;o__Bacteroidales;f__Prevotellaceae;g__Prevotella_9;s__	0.9999234473982246
830a0e5f794a658746b38adf349c7e25	d__Bacteria;p__Firmicutes;c__Negativicutes;o__Veillonellales-Selenomonadales;f__Veillonellaceae;g__Dialister;s__	0.9833893085172783
1cc485f276cd05bb330edd057ffa73f3	d__Bacteria;p__Bacteroidota;c__Bacteroidia;o__Bacteroidales;f__Muribaculaceae;g__Muribaculaceae;s__	0.8851826134076834
6ebefef81860c6447c25caba7a47e064	d__Bacteria;p__Firmicutes;c__Negativicutes;o__Veillonellales-Selenomonadales;f__Veillonellaceae;g__Dialister;s__	0.9836808545828603
1ba2951cdfed5f160ae0136e0d7ea6c6	d__Bacteria;p__Bacteroidota;c__Bacteroidia;o__Bacteroidales;f__Prevotellaceae;g__Prevotella_9;s__	0.9999885166863958
344b0f6364928eb31c9bdf08f3405d25	d__Bacteria;p__Firmicutes;c__Clostridia;o__Oscillospirales;f__Ruminococcaceae;g__Subdoligranulum;s__	0.9987489636924622
23595b56786bb8b03c045b1062f43aee	d__Bacteria;p__Actinobacteriota;c__Actinobacteria;o__Bifidobacteriales;f__Bifidobacteriaceae;g__Bifidobacterium;s__	0.9996709329217417
b3f5c7afd99142f6a55ea7d7ada8aa82	d__Bacteria;p__Firmicutes;c__Clostridia;o__Oscillospirales;f__Ruminococcaceae;g__Faecalibacterium;s__	0.9989080895490577
e00650ef93e847d37d3d8e58c03abbea	d__Bacteria;p__Bacteroidota;c__Bacteroidia;o__Bacteroidales;f__Prevotellaceae;g__uncultured;s__	0.9954100652562983
03624bcf192b4e5716cfe304f18077c5	d__Bacteria;p__Bacteroidota;c__Bacteroidia;o__Bacteroidales;f__Muribaculaceae;g__Muribaculaceae;s__	0.9061310459632548
a6dd81edd2d0fb25c85117270aa82af2	d__Bacteria;p__Bacteroidota;c__Bacteroidia;o__Bacteroidales;f__Muribaculaceae;g__Muribaculaceae;s__	0.8842221986985082
bb3de29ca4bd1e903438bfe3332e8705	d__Bacteria;p__Firmicutes;c__Clostridia;o__Oscillospirales;f__Oscillospiraceae;g__UCG-002;s__	0.9545712225351758
07499f525cccac691f25d968415e3e09	d__Bacteria;p__Firmicutes;c__Clostridia;o__Lachnospirales;f__Lachnospiraceae;g__[Eubacterium]_ruminantium_group;s__	0.9179790692197124
c6022be16b101e10c03486e20fe006c1	d__Bacteria;p__Firmicutes;c__Clostridia;o__Monoglobales;f__Monoglobaceae;g__Monoglobus;s__	0.9475424270333686
eb642f32489992a572bb0e518f164396	d__Bacteria;p__Bacteroidota;c__Bacteroidia;o__Bacteroidales;f__Muribaculaceae;g__Muribaculaceae;s__	0.973362014359624
0209c2e0c41b94d65a175d39dad92997	d__Bacteria;p__Bacteroidota;c__Bacteroidia;o__Bacteroidales;f__Muribaculaceae;g__Muribaculaceae;s__	0.9896096615098727
51a006e32fc96bc180f31bec5bd56af5	d__Bacteria;p__Firmicutes;c__Clostridia;o__Oscillospirales;f__Oscillospiraceae;g__UCG-002;s__	0.9612821312213012
0df980544d7af4b7be04e7acf4880748	d__Bacteria;p__Bacteroidota;c__Bacteroidia;o__Bacteroidales;f__Prevotellaceae;g__uncultured;s__	0.9943072892326235
c822bfb0cbc5a0e7770349a0aef50f41	d__Bacteria;p__Bacteroidota;c__Bacteroidia;o__Bacteroidales;f__Muribaculaceae;g__Muribaculaceae;s__	0.9911285242512471
b13e7943a0ddbc1ce26eae3fd2ddd2d8	d__Bacteria;p__Actinobacteriota;c__Actinobacteria;o__Bifidobacteriales;f__Bifidobacteriaceae;g__Bifidobacterium;s__	0.99879420419594
99452fbde9216aa621759105e34fcf8e	d__Bacteria;p__Firmicutes;c__Clostridia;o__Monoglobales;f__Monoglobaceae;g__Monoglobus;s__	0.9588908684617081
315f4e574b00a660491da9f782deb26e	d__Bacteria;p__Firmicutes;c__Clostridia;o__Christensenellales;f__Christensenellaceae;g__Christensenellaceae_R-7_group;s__	0.8596752125917902
a846e29ee0b4d91c3ac698e55bbc2919	d__Bacteria;p__Desulfobacterota;c__Desulfovibrionia;o__Desulfovibrionales;f__Desulfovibrionaceae;g__Desulfovibrio;s__	0.9320289359722359
75a67cf1c80a23e923ff14bb5f69f4a1	d__Bacteria;p__Firmicutes;c__Clostridia;o__Lachnospirales;f__Lachnospiraceae;g__Coprococcus;s__	0.7950121472434457
0d7ad8d639cd0bc9d46db99d12e3740c	d__Bacteria;p__Bacteroidota;c__Bacteroidia;o__Bacteroidales;f__Muribaculaceae;g__Muribaculaceae;s__	0.9554086063418762
6c0031bc73d6aebe9007732f65d5ae07	d__Bacteria;p__Firmicutes;c__Negativicutes;o__Veillonellales-Selenomonadales;f__Veillonellaceae;g__Megasphaera;s__	0.9999938442476443
8f139a8cee125d8e34bcc79ec3cc4056	d__Bacteria;p__Firmicutes;c__Clostridia;o__Lachnospirales;f__Lachnospiraceae	0.9987551807013916
6909db9cbbf6a613f1938601dc3fd4ec	d__Bacteria;p__Firmicutes;c__Clostridia;o__Lachnospirales;f__Lachnospiraceae;g__Anaerostipes;s__	0.9979399687672099
8fe22f4d184788b42532b7c60b5d2d15	d__Bacteria;p__Firmicutes;c__Negativicutes;o__Acidaminococcales;f__Acidaminococcaceae;g__Acidaminococcus;s__	0.9977042782798254
2a7b7a7fb1279bc9b0dad26b5b26004b	d__Bacteria;p__Bacteroidota;c__Bacteroidia;o__Bacteroidales;f__Bacteroidaceae;g__Bacteroides;s__	0.9984948659191949
4fc55462bd11d67e45103b412010585a	d__Bacteria;p__Firmicutes;c__Clostridia;o__Monoglobales;f__Monoglobaceae;g__Monoglobus;s__	0.9972423234933252
a342409d4f04be9a0596df4b9e9a5d29	d__Bacteria;p__Firmicutes;c__Clostridia;o__Lachnospirales;f__Lachnospiraceae	0.9998523373525119
0329ea1c47c4a7415bd55563a5eb9cb6	d__Bacteria;p__Firmicutes;c__Clostridia;o__Christensenellales;f__Christensenellaceae;g__Christensenellaceae_R-7_group;s__	0.8366641692464769
90822accec1e54f86fb25d71474330c1	d__Bacteria;p__Firmicutes;c__Clostridia;o__Christensenellales;f__Christensenellaceae;g__Christensenellaceae_R-7_group;s__	0.8959571984017493
7b8a32a307b396fc447d4a1fa075da55	d__Bacteria;p__Proteobacteria;c__Gammaproteobacteria;o__Burkholderiales;f__Sutterellaceae;g__Sutterella;s__	0.999937459317574
b600a97bb49695294b5dfe37f3eb72cd	d__Bacteria;p__Firmicutes;c__Clostridia;o__Lachnospirales;f__Lachnospiraceae	0.9998277439916881
b61ba02acceaadc511796678d1c85530	d__Bacteria;p__Firmicutes;c__Clostridia;o__Lachnospirales;f__Lachnospiraceae;g__Dorea;s__	0.9741933170051665
fc2e491a5ffc47ffeb3557a070fb1d37	d__Bacteria;p__Firmicutes;c__Clostridia;o__Lachnospirales;f__Lachnospiraceae;g__Dorea;s__	0.9773730578369894
ab7b909c93760ef9c2285bbbefe1eba8	d__Bacteria;p__Firmicutes;c__Clostridia;o__Lachnospirales;f__Lachnospiraceae;g__Lachnoclostridium;s__	0.7191438398379555
9222b3a174b62be59395d88c80fba761	d__Bacteria;p__Firmicutes;c__Clostridia;o__Oscillospirales;f__Ruminococcaceae;g__Incertae_Sedis;s__	0.9904809561212897
8601215b5addb6d5c913142ffb86c6a5	d__Bacteria;p__Firmicutes;c__Clostridia;o__Lachnospirales;f__Lachnospiraceae;g__Lachnospira;s__	0.9327558347060559
6f83bbfcd9f502ad2ac0b624a21f3188	d__Bacteria;p__Firmicutes;c__Clostridia;o__Oscillospirales;f__Butyricicoccaceae;g__Butyricicoccus;s__	0.9997110489365445
5bedc7d4a8217e87f9d385adb49d05f2	d__Bacteria;p__Bacteroidota;c__Bacteroidia;o__Bacteroidales;f__Marinifilaceae;g__Butyricimonas;s__	0.9999998860097813
5bc0c684e84b975e2c1bee0bb8441d51	d__Bacteria;p__Firmicutes;c__Clostridia;o__Lachnospirales;f__Lachnospiraceae;g__[Ruminococcus]_gnavus_group;s__	0.9930712286570326
0d18ad2c8a6addaf5aa33ec4247f8616	d__Bacteria;p__Actinobacteriota;c__Coriobacteriia;o__Coriobacteriales;f__Eggerthellaceae	0.9945652208675635
0ba1977f84c35b5c82d4f30a30c9ba33	d__Bacteria;p__Firmicutes;c__Clostridia;o__Lachnospirales;f__Lachnospiraceae;g__[Ruminococcus]_gauvreauii_group;s__	0.783823543969837
13a13efcd6fb71e4e7196f193c791f00	d__Bacteria;p__Firmicutes;c__Clostridia;o__Lachnospirales;f__Lachnospiraceae	0.9993840800527456
da3bb993ae02fa4353a58635321892de	d__Bacteria;p__Firmicutes;c__Clostridia;o__Oscillospirales;f__Oscillospiraceae	0.839114133966327
cf4923eabda026a1c243a4cc77e95627	d__Bacteria;p__Firmicutes;c__Clostridia;o__Christensenellales;f__Christensenellaceae;g__Christensenellaceae_R-7_group;s__	0.885000633420852
65a5d075d490c960612daea288e25b28	d__Bacteria;p__Firmicutes;c__Clostridia;o__Lachnospirales;f__Lachnospiraceae	0.9994771871724587
8a5f2e17fb9a28f16dc83423d60c7cbb	d__Bacteria;p__Firmicutes;c__Clostridia;o__Oscillospirales;f__Oscillospiraceae;g__UCG-003;s__	0.9791986461094364
3130adcf46f039ede768c354f4a07ef2	d__Bacteria;p__Firmicutes;c__Clostridia;o__Peptostreptococcales-Tissierellales;f__Anaerovoracaceae	0.9941272429964153
74ad3312b0ab10d95d084e09d47269c9	d__Bacteria;p__Firmicutes;c__Clostridia;o__Lachnospirales;f__Lachnospiraceae;g__Lachnospiraceae_UCG-010;s__	0.9978360436396045
b921515cfc61a42a7e390e6ea7575b9c	d__Bacteria;p__Firmicutes;c__Clostridia	0.9950643053214872
3c2c3b66ba88bd67ad8041474712e296	d__Bacteria;p__Firmicutes;c__Clostridia;o__Lachnospirales;f__Lachnospiraceae	0.9993456478929065
d12aa8c1ab2a7ec85ae5b52c9fdd955e	d__Bacteria;p__Actinobacteriota;c__Coriobacteriia;o__Coriobacteriales;f__Coriobacteriales_Incertae_Sedis;g__uncultured;s__	0.9748585753669865
70eddfb65adeade05b5e31f98c4a37eb	d__Bacteria;p__Firmicutes;c__Clostridia;o__Oscillospirales;f__Ruminococcaceae	0.8985854204857597
52cd649e2ace3e40c7d9b3539ab250cf	d__Bacteria;p__Proteobacteria;c__Gammaproteobacteria;o__Burkholderiales;f__Sutterellaceae;g__Parasutterella;s__	0.9999990471262797
eec39b4d246f327937745429c5ed7006	d__Bacteria;p__Firmicutes;c__Clostridia;o__Christensenellales;f__Christensenellaceae;g__Christensenellaceae_R-7_group;s__	0.878735804465963
f9d87b2abcbbe42ac4b841345e10ea47	d__Bacteria;p__Bacteroidota;c__Bacteroidia;o__Bacteroidales;f__Bacteroidaceae;g__Bacteroides;s__	0.9983333313926375
102e9df818623ba98f6bea67d2d9e7a8	d__Bacteria;p__Bacteroidota;c__Bacteroidia;o__Bacteroidales;f__Bacteroidaceae;g__Bacteroides;s__	0.9941764565208379
9d367d6b959fac0b3f904608e1d3951d	d__Bacteria;p__Firmicutes;c__Clostridia;o__Lachnospirales;f__Lachnospiraceae	0.9943074060745976
f22e1ec4c697bc30ade099c511083a6f	d__Bacteria;p__Firmicutes;c__Clostridia;o__Oscillospirales	0.7297004511639044
4fefb3f946786d4790b9e63b059815eb	d__Bacteria;p__Firmicutes;c__Clostridia;o__Oscillospirales;f__Ruminococcaceae;g__Faecalibacterium;s__	0.9996690739725904
5058f0f99aaecde55ea62435514de2fb	d__Bacteria;p__Firmicutes;c__Clostridia;o__Lachnospirales;f__Lachnospiraceae;g__Anaerostipes;s__	0.9950343279745048
c61fcef9fe3effeac7e719ee0b5d300c	d__Bacteria;p__Firmicutes;c__Clostridia;o__Monoglobales;f__Monoglobaceae;g__Monoglobus;s__	0.9973275925017887
bf0c072791df8342e26bfad15e500b38	d__Bacteria;p__Firmicutes;c__Clostridia;o__Lachnospirales;f__Lachnospiraceae;g__Lachnospiraceae_UCG-004;s__	0.8254062804298619
62c02344675d1efa06bf8e03eff39bbf	d__Bacteria;p__Firmicutes;c__Clostridia;o__Oscillospirales	0.7647676958519406
fde0fe8bca66b39729deea8889b726f2	d__Bacteria;p__Firmicutes;c__Clostridia;o__Oscillospirales;f__Oscillospiraceae;g__NK4A214_group;s__	0.8721199047377908
464e23e262fc23826e6d36a3a8faa0f1	d__Bacteria;p__Firmicutes;c__Clostridia;o__Oscillospirales	0.7288740052079419
1a31713c959ac42558e82274fdaad063	d__Bacteria;p__Firmicutes;c__Clostridia;o__Lachnospirales;f__Lachnospiraceae;g__Blautia;s__	0.9332402718516382
7fdd855a6abf667ab2edd9afb348ff48	d__Bacteria;p__Firmicutes;c__Clostridia;o__Oscillospirales;f__Oscillospiraceae;g__NK4A214_group;s__	0.8614535120434573
f0050b8a88b0e380148b78324c795373	d__Bacteria;p__Firmicutes;c__Clostridia;o__Lachnospirales;f__Lachnospiraceae	0.9863512342369801
c9ebcbd20642779d536fa816d3cda707	d__Bacteria;p__Firmicutes;c__Clostridia;o__Lachnospirales;f__Lachnospiraceae;g__Lachnoclostridium;s__	0.7193713866658044
13518fb3feebb66651f3d2af1e39d36d	d__Bacteria;p__Firmicutes;c__Clostridia;o__Lachnospirales;f__Lachnospiraceae	0.9995496231991445
f6bea62fc2e109306f6105ddb413557e	d__Bacteria;p__Firmicutes;c__Clostridia;o__Oscillospirales	0.7698616569887591
8a31636ac52c66438f07875efdd46b66	d__Bacteria;p__Firmicutes;c__Clostridia;o__Oscillospirales;f__Butyricicoccaceae;g__Butyricicoccus;s__	0.9994866380142422
d4256485dc18caf3c566356d94efc1f8	d__Bacteria;p__Firmicutes;c__Clostridia;o__Lachnospirales;f__Lachnospiraceae;g__Blautia;s__	0.9119449344264373
c317d58e7bf1c8a95b54e6d5776b23ba	d__Bacteria;p__Firmicutes;c__Clostridia;o__Oscillospirales;f__Butyricicoccaceae;g__Butyricicoccus;s__	0.9994051925520174
1991dfa1d5675df26cece5275654ae97	d__Bacteria;p__Firmicutes;c__Clostridia	0.9931942495714989
40f68caa26d9d40b925d902d990b766f	d__Bacteria;p__Firmicutes;c__Clostridia;o__Oscillospirales	0.7556292061854245
af38c30c2ea80ac2c3e81706db03e717	d__Bacteria;p__Firmicutes;c__Bacilli;o__Erysipelotrichales;f__Erysipelatoclostridiaceae;g__Erysipelatoclostridium;s__	0.8973323581495181
c7a244d988fb8402c1a04f958f88c5f5	d__Bacteria;p__Firmicutes;c__Clostridia;o__Oscillospirales;f__Ruminococcaceae;g__Subdoligranulum;s__	0.9978559699106926
21355224a879d5c1a6eaacad566dffdb	d__Bacteria;p__Firmicutes;c__Clostridia;o__Oscillospirales;f__Oscillospiraceae	0.7401663974008971
322d32c80049bd0236dde02dad5ce101	d__Bacteria;p__Firmicutes;c__Clostridia;o__Lachnospirales;f__Lachnospiraceae;g__Anaerostipes;s__	0.9987687955039174
a31a061d64b8eaed606f2a5aad82da3b	d__Bacteria;p__Firmicutes;c__Clostridia;o__Oscillospirales;f__Ruminococcaceae;g__[Eubacterium]_siraeum_group;s__	0.8712088908094028
74e15f0df129ada838d117c9bd7c4120	d__Bacteria;p__Firmicutes;c__Clostridia;o__Oscillospirales;f__Ruminococcaceae;g__Subdoligranulum;s__	0.9959853412223564
6e78c2a8c59140c5d69c679f0ff10158	d__Bacteria;p__Bacteroidota;c__Bacteroidia;o__Bacteroidales;f__Marinifilaceae;g__Butyricimonas;s__	0.9999993656666697
544b5e98c8181982be9d8ae5a015a004	d__Bacteria;p__Firmicutes;c__Clostridia;o__Oscillospirales;f__Ruminococcaceae;g__Subdoligranulum;s__	0.9930160490412502
b8c2862fe94db17444e6289f866aaff8	d__Bacteria;p__Bacteroidota;c__Bacteroidia;o__Bacteroidales;f__Marinifilaceae;g__Odoribacter;s__	0.9566617070017324
d73557bf0a6a2f6bf473f9a7f30c956f	d__Bacteria;p__Firmicutes;c__Clostridia;o__Oscillospirales;f__Oscillospiraceae;g__Oscillibacter;s__	0.7912804674000032
85bc86541fb73d12a0b3bf25600ba6c2	d__Bacteria;p__Firmicutes;c__Clostridia;o__Oscillospirales;f__Ruminococcaceae;g__Subdoligranulum;s__	0.9203371618338209
2cecc757ad7d6b38980332bc7abbbc9c	d__Bacteria;p__Firmicutes;c__Clostridia;o__Lachnospirales;f__Lachnospiraceae	0.9949959745662116
513a37b32a667ff71d023e13ec1fdc2d	d__Bacteria;p__Firmicutes;c__Clostridia;o__Peptostreptococcales-Tissierellales;f__Anaerovoracaceae;g__Family_XIII_AD3011_group;s__	0.7429829000569733
913e7acc6348a76b60b5f0ee8ad17d7c	d__Bacteria;p__Firmicutes;c__Clostridia;o__Christensenellales;f__Christensenellaceae;g__Christensenellaceae_R-7_group;s__	0.705590272245141
de08907523d39a6905c8cb995c82ed7b	d__Bacteria;p__Firmicutes;c__Negativicutes;o__Acidaminococcales;f__Acidaminococcaceae;g__Phascolarctobacterium;s__	0.9996285742360858
ca29661303fd25289d2ce62d370b803d	d__Bacteria;p__Firmicutes;c__Clostridia;o__Lachnospirales;f__Lachnospiraceae	0.9939382346920129
bda409d660baaaa0efa4ba52d658c395	d__Bacteria;p__Firmicutes;c__Clostridia;o__Lachnospirales;f__Lachnospiraceae	0.9994556467034725
80188e66248a8a3cee9c734a883c5ffb	d__Bacteria;p__Firmicutes;c__Clostridia;o__Oscillospirales;f__Oscillospiraceae	0.9954345686127253
cdcbaca532bcc03af46bad0f1d1b318f	d__Bacteria;p__Firmicutes;c__Clostridia;o__Lachnospirales;f__Lachnospiraceae;g__Tuzzerella;s__	0.7917135999058951
eab62d953332aaa0c273d315c73129b9	d__Bacteria;p__Firmicutes;c__Clostridia;o__Oscillospirales;f__Oscillospiraceae	0.8309661940166071
4c07582f10b8d268b451b727601306d9	d__Bacteria;p__Firmicutes;c__Clostridia;o__Oscillospirales;f__Oscillospiraceae;g__Colidextribacter;s__	0.7556325040467254
05309e4687c480fe7dfaaf645ac4ccff	d__Bacteria;p__Cyanobacteria;c__Vampirivibrionia;o__Gastranaerophilales;f__Gastranaerophilales;g__Gastranaerophilales;s__	0.9941001538952247
bb16e282470f8fda27d0908076ac599c	d__Bacteria;p__Bacteroidota;c__Bacteroidia	0.9880214952160744
832f4213d016320e4ebd2634769e1dd7	d__Bacteria;p__Firmicutes;c__Clostridia;o__Monoglobales;f__Monoglobaceae;g__Monoglobus;s__	0.818823029652245
7258a306735ccc6adbca85a76f54fc7f	d__Bacteria;p__Firmicutes;c__Clostridia;o__Monoglobales;f__Monoglobaceae;g__Monoglobus;s__	0.8573949163904926
763b30542fb1763a7c50b06c80533315	d__Bacteria;p__Firmicutes;c__Clostridia;o__Lachnospirales;f__Lachnospiraceae;g__[Eubacterium]_hallii_group;s__	0.9959594098810032
16f68ea4928264f9e970c5195a4203d3	d__Bacteria;p__Firmicutes;c__Clostridia;o__Lachnospirales;f__Lachnospiraceae;g__Lachnoclostridium;s__	0.7888352405892888
dc2754a604ab4a50ef5d5e0584503e56	d__Bacteria;p__Firmicutes;c__Clostridia;o__Christensenellales;f__Christensenellaceae;g__Christensenellaceae_R-7_group;s__	0.7492552707769959
69a1c1ec87a89558b5bad88cd255b88c	d__Bacteria;p__Firmicutes;c__Clostridia;o__Monoglobales;f__Monoglobaceae;g__Monoglobus;s__	0.878389557488245
7047e3182f93f96892440d51cce1f7e1	d__Bacteria;p__Firmicutes;c__Clostridia;o__Lachnospirales;f__Lachnospiraceae;g__Blautia;s__	0.9572718299863154
1bdd8420885fe51d0af9d547f64bc998	d__Bacteria;p__Firmicutes;c__Clostridia	0.9834959175838841
f60419842f996f058e8edae436f322ee	d__Bacteria;p__Firmicutes;c__Clostridia	0.9878404842007686
cacde216262b518d386447d645f38c7c	d__Bacteria;p__Firmicutes;c__Clostridia;o__Lachnospirales;f__Lachnospiraceae	0.7645313131505563
ecc38eb1542651f91fbbbca7d1b34333	d__Bacteria;p__Firmicutes;c__Clostridia;o__Lachnospirales;f__Lachnospiraceae;g__Lachnospira;s__	0.9869112248786034
f7dc8647f83d0c2384e862a35b02b228	d__Bacteria;p__Firmicutes;c__Clostridia;o__Lachnospirales;f__Lachnospiraceae;g__[Ruminococcus]_torques_group;s__	0.8057732943814515
78c0870b49cc7e1b6a9cb622f0b48bbc	d__Bacteria;p__Firmicutes;c__Clostridia;o__Oscillospirales;f__Ruminococcaceae;g__Subdoligranulum;s__	0.7989234387357358
8cf9cfbad50b92041da28da943c25da6	d__Bacteria;p__Firmicutes;c__Clostridia	0.9584955382491955
4d0bab3011a31afa516f0545f5bc0d79	d__Bacteria;p__Firmicutes;c__Clostridia;o__Oscillospirales;f__Ruminococcaceae;g__Negativibacillus;s__	0.9999024028637397
7a8a584fbf140c5c482ed00ff59a3a76	d__Bacteria;p__Firmicutes;c__Clostridia;o__Christensenellales;f__Christensenellaceae;g__Christensenellaceae_R-7_group;s__	0.8144775499910432
e35ccd1b675927fb45c8f5aa5275aad3	d__Bacteria;p__Firmicutes;c__Clostridia;o__Lachnospirales;f__Lachnospiraceae	0.9990109929039049
c0cef78d04820c8db50e24d10af2e2d3	d__Bacteria;p__Firmicutes;c__Clostridia;o__Oscillospirales;f__Oscillospiraceae	0.9617223182391593
36804bb2998a915e0b3616186ee700ba	d__Bacteria;p__Firmicutes;c__Clostridia;o__Oscillospirales;f__Ruminococcaceae;g__Anaerotruncus;s__	0.8718283682218757
41153a44bab36afa501f7a35fe4338aa	d__Bacteria;p__Firmicutes;c__Clostridia;o__Lachnospirales;f__Lachnospiraceae;g__[Eubacterium]_hallii_group;s__	0.7635174021737766
d729e12425fb3159e4bb399807126290	d__Bacteria;p__Firmicutes;c__Clostridia;o__Lachnospirales;f__Lachnospiraceae	0.9981450339243988
fd96505260bc0699b23715fe9309d8aa	d__Bacteria;p__Firmicutes;c__Clostridia;o__Lachnospirales;f__Lachnospiraceae	0.9987701936403224
27210ddd3a47a665864325c6c4936407	d__Bacteria;p__Firmicutes;c__Clostridia;o__Lachnospirales;f__Lachnospiraceae	0.9991688102720643
9173c96532e676b74ba2115fe72c07b4	d__Bacteria;p__Firmicutes;c__Clostridia;o__Monoglobales;f__Monoglobaceae;g__Monoglobus;s__	0.9885326526995254
54ef30953c4fe98613482d07e408cf12	d__Bacteria;p__Firmicutes;c__Clostridia;o__Lachnospirales;f__Lachnospiraceae;g__Lachnoclostridium;s__	0.7782611997448275
044ae630460330dbd7e7e7383a2128b2	d__Bacteria;p__Firmicutes;c__Clostridia;o__Lachnospirales;f__Lachnospiraceae	0.9985996019256442
9a1c8b7382af746320bedc8bb116542b	d__Bacteria;p__Firmicutes;c__Clostridia;o__Oscillospirales;f__Ruminococcaceae;g__Subdoligranulum;s__	0.8057706014672349
4bba3c1c6be631462fd81f6e50595312	d__Bacteria;p__Bacteroidota;c__Bacteroidia;o__Bacteroidales;f__Marinifilaceae;g__Butyricimonas;s__	0.9999996945772875
d2218860e1460c3339bf1541962f1789	d__Bacteria;p__Firmicutes;c__Clostridia	0.9986952646209062
bce160e967f8ab46735c431cd3724f0b	d__Bacteria;p__Firmicutes;c__Clostridia;o__Oscillospirales;f__Oscillospiraceae;g__NK4A214_group;s__	0.8271905414179321
a99d8a8f808ded62ed7a93348acf0270	d__Bacteria;p__Firmicutes;c__Clostridia;o__Lachnospirales;f__Lachnospiraceae	0.9988576411367719
4016abae1d01d587b0c33f7e9530cd47	d__Bacteria;p__Firmicutes;c__Clostridia;o__Oscillospirales;f__Oscillospiraceae	0.991251093473986
66aa42e58c7cea92e02fbc943847a044	d__Bacteria;p__Firmicutes;c__Clostridia;o__Lachnospirales;f__Lachnospiraceae	0.9891599789267034
2c5031c8f76769cdb12c3cc18acac4b5	d__Bacteria;p__Firmicutes;c__Clostridia;o__Lachnospirales;f__Lachnospiraceae	0.9927401977890054
2c3cfa73b56d0d09414d25f4236764e6	d__Bacteria;p__Firmicutes;c__Clostridia	0.8690640006393515
3093e4aebffbbb71b2e227cc9af22e5b	d__Bacteria;p__Firmicutes;c__Clostridia;o__Oscillospirales;f__Oscillospiraceae	0.7446152670138927
0cc7fa9b802786c55cec59702c138662	d__Bacteria;p__Firmicutes;c__Clostridia;o__Lachnospirales;f__Lachnospiraceae	0.9994951195630295
1896784445c46ec805ab028685e0b874	d__Bacteria;p__Bacteroidota;c__Bacteroidia;o__Bacteroidales;f__Bacteroidaceae;g__Bacteroides;s__	0.999839044635796
78eab5b1d5af0337c0c7bce132247282	d__Bacteria;p__Firmicutes;c__Negativicutes;o__Veillonellales-Selenomonadales;f__Veillonellaceae;g__Dialister;s__	0.9996680182177197
ba28cf1862f16a744ece14d242ac7013	d__Bacteria;p__Firmicutes;c__Clostridia;o__Oscillospirales;f__Ruminococcaceae;g__Faecalibacterium;s__	0.9996742957070733
ac317ce9908d759a53186ec4239ac2e5	d__Bacteria;p__Firmicutes;c__Clostridia;o__Oscillospirales;f__Ruminococcaceae;g__Faecalibacterium;s__	0.9995277542493269
b608203a1ebd93515d449804e49d0eb5	d__Bacteria;p__Bacteroidota;c__Bacteroidia;o__Bacteroidales;f__Tannerellaceae;g__Parabacteroides;s__	0.9998365134783125
fc5d4a389149510cf1488a7aef5df771	d__Bacteria;p__Firmicutes;c__Clostridia;o__Oscillospirales;f__Ruminococcaceae;g__Faecalibacterium;s__	0.9996710158733824
f8388f040107fff461e7a5c9ad7416bf	d__Bacteria;p__Firmicutes;c__Clostridia;o__Oscillospirales;f__Ruminococcaceae;g__Faecalibacterium;s__	0.999407050008639
b4bc819a7553ba8d8e8ad5a4c80e7951	d__Bacteria;p__Firmicutes;c__Clostridia;o__Oscillospirales;f__Ruminococcaceae;g__Faecalibacterium;s__	0.9996873591071529
3c96f60e30c6fca478857c50dd0c650f	d__Bacteria;p__Firmicutes;c__Clostridia;o__Lachnospirales;f__Lachnospiraceae;g__Dorea;s__	0.8864776187368053
d2d07c2f132a10c2d4df32b365df03d2	d__Bacteria;p__Firmicutes;c__Clostridia;o__Lachnospirales;f__Lachnospiraceae	0.9989646453167407
6aaeca26cb6c7b14dcc62fce2a0d4419	d__Bacteria;p__Firmicutes;c__Negativicutes;o__Veillonellales-Selenomonadales;f__Veillonellaceae;g__Dialister;s__	0.9998653756309177
50bac81bf208dde165cdda6cffcd5bac	d__Bacteria;p__Proteobacteria;c__Gammaproteobacteria;o__Burkholderiales;f__Sutterellaceae;g__Sutterella;s__	0.9997113588955949
19575ce657f0b3d5c2eae42570bd1dd9	d__Bacteria;p__Firmicutes;c__Clostridia;o__Lachnospirales;f__Lachnospiraceae;g__Dorea;s__	0.966458190471411
d8da58a8a58f264c88adec8b15a907db	d__Bacteria;p__Firmicutes;c__Clostridia;o__Oscillospirales;f__Ruminococcaceae;g__Faecalibacterium;s__	0.9988648517581886
40bfcd62e5cb97a865bc413fe118ff13	d__Bacteria;p__Firmicutes;c__Clostridia;o__Oscillospirales;f__Ruminococcaceae;g__Faecalibacterium;s__	0.9989080841015685
8101c2b1eb1aea6d6b2f395d781c2523	d__Bacteria;p__Firmicutes;c__Clostridia;o__Oscillospirales;f__Oscillospiraceae;g__UCG-003;s__	0.9225058422775102
d530a3e022f28e47758cfc4769e507af	d__Bacteria;p__Firmicutes;c__Clostridia;o__Lachnospirales;f__Lachnospiraceae;g__Lachnoclostridium;s__	0.7480077766971234
4410be157ee25d282304d5c04c9474d1	d__Bacteria;p__Firmicutes;c__Clostridia;o__Oscillospirales;f__Oscillospiraceae;g__UCG-003;s__	0.892293022947747
79385777b8bcd491c724f5e93f63ba28	d__Bacteria;p__Firmicutes;c__Clostridia;o__Lachnospirales;f__Lachnospiraceae;g__Lachnospiraceae_FCS020_group;s__	0.8639504053350087
9009b3f3e240160b3d3927ca7c1a2a9a	d__Bacteria;p__Firmicutes;c__Clostridia;o__Peptostreptococcales-Tissierellales;f__Peptostreptococcaceae	0.9999576759982403
fea32e69dc7cc940973665bf34d78701	d__Bacteria;p__Firmicutes;c__Clostridia;o__Lachnospirales;f__Lachnospiraceae;g__Blautia;s__	0.896426319150021
2e17c236995f7b166c37299cc6162579	d__Bacteria;p__Bacteroidota;c__Bacteroidia;o__Bacteroidales;f__Bacteroidaceae;g__Bacteroides;s__	0.9978624191263882
472a6d7af10b965cc639a5ca76000897	d__Bacteria;p__Firmicutes;c__Clostridia;o__Lachnospirales;f__Lachnospiraceae	0.999697744499239
ff24604fb06c25035aed790ea0b95bab	d__Bacteria;p__Firmicutes;c__Clostridia;o__Lachnospirales;f__Lachnospiraceae	0.9999088130857178
3bbe907a4555f21744daf08f4c6f0b3d	d__Bacteria;p__Firmicutes;c__Clostridia;o__Lachnospirales;f__Lachnospiraceae	0.9804023199845122
253706566fbce71284a5d7df2629ac99	d__Bacteria;p__Firmicutes;c__Clostridia;o__Lachnospirales;f__Lachnospiraceae;g__Agathobacter;s__	0.8023434724181231
c195068b3eb83d1f43ae35233d5a9052	d__Bacteria;p__Firmicutes;c__Clostridia;o__Lachnospirales;f__Lachnospiraceae;g__Agathobacter;s__	0.8412243974135608
0f183f79f261171bb85b7f84f903e929	d__Bacteria;p__Firmicutes;c__Clostridia;o__Lachnospirales;f__Lachnospiraceae;g__Dorea;s__	0.9457104709919029
0520405c3ad00e8f1ac738664166029e	d__Bacteria;p__Firmicutes;c__Clostridia;o__Lachnospirales;f__Lachnospiraceae;g__Agathobacter;s__	0.779724838753731
bc17df1d9d54144f1e4946bee7374886	d__Bacteria;p__Proteobacteria;c__Gammaproteobacteria;o__Burkholderiales;f__Sutterellaceae;g__Sutterella;s__	0.9997393768869917
398bdb20985a12a5086fc0c395904b03	d__Bacteria;p__Firmicutes;c__Clostridia;o__Lachnospirales;f__Lachnospiraceae	0.9984881163201622
1924d16ab0fad2b66ed228c27dc3ce96	d__Bacteria;p__Firmicutes;c__Clostridia;o__Lachnospirales;f__Lachnospiraceae	0.9983725442235171
09f4505e33634ebdbf68becb1be0a535	d__Bacteria;p__Firmicutes;c__Clostridia;o__Lachnospirales;f__Lachnospiraceae;g__Lachnospira;s__	0.9858133692579935
7d7c59d05a881f086f185dd50941ddff	d__Bacteria;p__Firmicutes;c__Clostridia;o__Lachnospirales;f__Lachnospiraceae;g__Blautia;s__	0.7323883553560171
ee35c1cf7022536c60b3698f92b29648	d__Bacteria;p__Firmicutes;c__Clostridia;o__Lachnospirales;f__Lachnospiraceae	0.9950096218517277
8495e9f025ffd87c7ccf1623475274fb	d__Bacteria;p__Firmicutes;c__Clostridia;o__Lachnospirales;f__Lachnospiraceae;g__Blautia;s__	0.9080482944599189
bcb562762779ece828d560fd392aed09	d__Bacteria;p__Firmicutes;c__Clostridia;o__Lachnospirales;f__Lachnospiraceae	0.9993669629009806
a65ab660d341833e9a250dad6094a0ec	d__Bacteria;p__Bacteroidota;c__Bacteroidia;o__Bacteroidales;f__Bacteroidaceae;g__Bacteroides;s__	0.9993876577376072
4b8a03e836c34e0c48f3b1120965dcad	d__Bacteria;p__Firmicutes;c__Clostridia;o__Lachnospirales;f__Lachnospiraceae;g__Blautia;s__	0.9628065372931973
c1698ad12753088a1f1ad7dce4c1ef71	d__Bacteria;p__Firmicutes;c__Clostridia;o__Lachnospirales;f__Lachnospiraceae	0.9989922178046032
384769ee246c274d1e0493c48ad2f375	d__Bacteria;p__Firmicutes;c__Clostridia;o__Peptostreptococcales-Tissierellales;f__Peptostreptococcaceae;g__Romboutsia;s__	0.8149967016239164
8260894774554358475e2bcc92832066	d__Bacteria;p__Firmicutes;c__Clostridia;o__Lachnospirales;f__Lachnospiraceae;g__Blautia;s__	0.9704697944041182
3b4ed9a2349f820cc30bde0f6f87ec14	d__Bacteria;p__Firmicutes;c__Clostridia;o__Lachnospirales;f__Lachnospiraceae	0.9992628860982
f011da861b19490021f45967571f28da	d__Bacteria;p__Firmicutes;c__Clostridia;o__Oscillospirales;f__Butyricicoccaceae;g__Butyricicoccus;s__	0.9906795226036954
3779a1ec92ce088de7ce1617e478d991	d__Bacteria;p__Actinobacteriota;c__Actinobacteria;o__Actinomycetales;f__Actinomycetaceae;g__Actinomyces;s__	0.9815628698382786
ee0f3235850614e6ae174e79483dc85e	d__Bacteria;p__Bacteroidota;c__Bacteroidia;o__Bacteroidales;f__Rikenellaceae;g__Alistipes;s__	0.9939821057914091
e0cde29262d8d0530f4ba6b635680316	d__Bacteria;p__Bacteroidota;c__Bacteroidia;o__Bacteroidales;f__Bacteroidaceae;g__Bacteroides;s__	0.9946748279522347
7bc2fbb52618fb175b551c839cf5a953	d__Bacteria;p__Firmicutes;c__Clostridia;o__Clostridia_vadinBB60_group;f__Clostridia_vadinBB60_group;g__Clostridia_vadinBB60_group;s__	0.9723771819339286
82e12c56497abbb824ef561620c03663	d__Bacteria;p__Firmicutes;c__Clostridia;o__Oscillospirales;f__Ruminococcaceae	0.7859442139180176
937c00d368745cd3f5d00495019825e5	d__Bacteria;p__Bacteroidota;c__Bacteroidia;o__Bacteroidales;f__Bacteroidaceae;g__Bacteroides;s__	0.9950654333721654
aff65307f56e5d876cd76558f22377d5	d__Bacteria;p__Actinobacteriota;c__Actinobacteria;o__Bifidobacteriales;f__Bifidobacteriaceae;g__Bifidobacterium;s__	0.9988701479515246
e66e31c955396e2e33d081ce739eea6d	d__Bacteria;p__Firmicutes;c__Clostridia;o__Clostridia_vadinBB60_group;f__Clostridia_vadinBB60_group;g__Clostridia_vadinBB60_group;s__	0.978391334642069
5ee4eb1e094744c880425407b19059bb	d__Bacteria;p__Firmicutes;c__Clostridia	0.7150877782304031
c767295fa8db32faf480e433497ecfd0	d__Bacteria;p__Firmicutes;c__Clostridia;o__Oscillospirales;f__Ruminococcaceae	0.7008274034577782
f303f1eda4ab3be26bca04e696bc4ef6	d__Bacteria;p__Firmicutes;c__Clostridia	0.9535138670349813
fe4952623812a9263a9ef94fd0b8b532	d__Bacteria;p__Firmicutes;c__Clostridia;o__Clostridia_UCG-014;f__Clostridia_UCG-014;g__Clostridia_UCG-014;s__	0.9997881996248122
1c32e4a030b497d1a431efb9f015b844	d__Bacteria;p__Firmicutes;c__Clostridia;o__Lachnospirales;f__Lachnospiraceae	0.9847405042177981
73af2dcf496ccf79e40cffd50fc15a2c	d__Bacteria;p__Firmicutes;c__Clostridia;o__Oscillospirales;f__Ruminococcaceae;g__Faecalibacterium;s__	0.9987091962844017
d679e2f9b884ba73807866444c53c1bd	d__Bacteria;p__Firmicutes;c__Clostridia;o__Clostridia_UCG-014;f__Clostridia_UCG-014;g__Clostridia_UCG-014;s__	0.9998724821611185
e7b654485477a9122e766205b54a3442	d__Bacteria;p__Actinobacteriota;c__Actinobacteria;o__Bifidobacteriales;f__Bifidobacteriaceae;g__Bifidobacterium;s__	0.9998088386141855
0bfa08229ac15cfc3f1389b64b9a30cb	d__Bacteria;p__Firmicutes;c__Clostridia;o__Clostridia_UCG-014;f__Clostridia_UCG-014;g__Clostridia_UCG-014;s__	0.9999505356414352
a863ee96f5035298997388ca56c3361a	d__Bacteria;p__Firmicutes;c__Clostridia	0.8155367857369293
1d2011df2f54082dcb72e53ed1dc65a6	d__Bacteria;p__Firmicutes;c__Clostridia;o__Clostridia_UCG-014;f__Clostridia_UCG-014;g__Clostridia_UCG-014;s__	0.9986814803181778
9a41c1c8d8aec7e0c006a3d816e4b19c	d__Bacteria;p__Firmicutes;c__Clostridia	0.9772948996907982
81718e7b187aab3b8f6c2581c5de7f91	d__Bacteria;p__Firmicutes;c__Clostridia;o__Lachnospirales;f__Lachnospiraceae;g__[Eubacterium]_xylanophilum_group;s__	0.9714553106053874
a9ac9309d6174816eae9f029ac88c532	d__Bacteria;p__Firmicutes;c__Clostridia;o__Lachnospirales;f__Lachnospiraceae	0.9924140385958081
bfc8e62c1f884a85850481ddbed09ae3	d__Bacteria;p__Proteobacteria;c__Alphaproteobacteria;o__Rhodospirillales;f__uncultured;g__uncultured;s__	0.953252419617321
893c473eb208cb51db13842a640e96cc	d__Bacteria;p__Firmicutes;c__Clostridia	0.8011903226619488
e13aca17ba713f11f3ad146d4728910c	d__Bacteria;p__Firmicutes;c__Bacilli;o__RF39;f__RF39;g__RF39;s__	0.9949365221116511
166123fe9df57f3439dccfd2d6bd680f	d__Bacteria;p__Firmicutes;c__Bacilli;o__RF39;f__RF39;g__RF39;s__	0.9827464787872464
6a664b3a741a95addcdf39a01c9db8df	d__Bacteria;p__Firmicutes;c__Clostridia;o__Clostridia_UCG-014;f__Clostridia_UCG-014;g__Clostridia_UCG-014;s__	0.9999913505879937
531eac10ca6b4f5190bf305d823919cc	d__Bacteria;p__Firmicutes;c__Clostridia;o__Christensenellales;f__Christensenellaceae;g__Christensenellaceae_R-7_group;s__	0.7331099961613031
3aa7e1a3cf9d5687d350acc55ab06766	d__Bacteria;p__Firmicutes;c__Clostridia;o__Lachnospirales;f__Lachnospiraceae;g__Anaerostipes;s__	0.996695345012187
4880a3e73d070de6effe99ac90dd551a	d__Bacteria	0.9986649766537662
e425b4f3a9c104d331df2aae03061e55	d__Bacteria;p__Firmicutes;c__Bacilli;o__RF39;f__RF39;g__RF39;s__	0.9942521254993325
2669c5fc073aa6bcd57513ab6462d871	d__Bacteria;p__Bacteroidota;c__Bacteroidia;o__Bacteroidales;f__Bacteroidaceae;g__Bacteroides;s__	0.9926424483470742
1d63ceeb6106f957a788e60329d83b16	d__Bacteria	0.9946524574666913
fcd5e22b571844a2f0426255e532f37e	d__Bacteria;p__Firmicutes;c__Bacilli;o__Izemoplasmatales;f__Izemoplasmatales;g__Izemoplasmatales;s__	0.9804133921560312
f8c1bd20da2007d5cff7afde17df4d6c	d__Bacteria;p__Bacteroidota;c__Bacteroidia;o__Bacteroidales;f__Barnesiellaceae;g__Barnesiella;s__	0.9999592868485623
00b65737753f01a0b344d0f4e6ec324a	d__Bacteria;p__Firmicutes;c__Clostridia;o__Oscillospirales	0.765543998102834
b00bf0cd6afdfd4145866288758ffb8d	d__Bacteria;p__Firmicutes;c__Clostridia;o__Oscillospirales;f__Ruminococcaceae;g__Subdoligranulum;s__	0.9956082426115764
1600088c04d02ecea43cd09ba79cdce4	d__Bacteria;p__Firmicutes;c__Clostridia	0.9945019285958386
3a46f9897b334a6732447c7d071cf3ed	d__Bacteria;p__Firmicutes;c__Bacilli;o__RF39;f__RF39;g__RF39;s__	0.9990210958694884
d32490323cfd46d9452c63e3b39d257c	d__Bacteria;p__Bacteroidota;c__Bacteroidia;o__Bacteroidales;f__Rikenellaceae;g__Alistipes;s__	0.9721358267651016
51eabb985bc34978eea6b5872a4c3a8d	d__Bacteria;p__Firmicutes;c__Clostridia;o__Oscillospirales;f__Ruminococcaceae	0.789412740837378
3304876d74057ff7d4da4f023643c957	d__Bacteria;p__Firmicutes;c__Bacilli;o__RF39;f__RF39;g__RF39;s__	0.9909745502463906
c7492d03d1223cbf733336dfe7a9337b	d__Bacteria;p__Firmicutes;c__Clostridia;o__Oscillospirales;f__Oscillospiraceae;g__NK4A214_group;s__	0.7189280440808548
fdfaf19631f9c02a0d78ce336865e1e6	d__Bacteria;p__Firmicutes;c__Clostridia;o__Oscillospirales;f__Oscillospiraceae;g__Intestinimonas;s__	0.9629071839040882
67d770708436707844a844b021b40087	d__Bacteria;p__Firmicutes;c__Clostridia	0.8946859965597962
9c0934cb47af3d12d31d16da02fb12cd	d__Bacteria;p__Firmicutes;c__Clostridia	0.9963336522118906
ad1d97b98eca26793bca29f0b99f7cba	d__Bacteria;p__Proteobacteria;c__Gammaproteobacteria;o__Burkholderiales;f__Sutterellaceae;g__Sutterella;s__	0.9996711913979489
7f2f1485563deb15229449576b252571	d__Bacteria;p__Firmicutes;c__Bacilli;o__Lactobacillales;f__Streptococcaceae;g__Streptococcus;s__	0.9993919398140997
846771374f0ae8472b8593727fbf88c7	d__Bacteria;p__Firmicutes;c__Clostridia	0.719951958046352
70cd9c57d50b8b03f57e9783cec87d07	d__Bacteria;p__Firmicutes;c__Clostridia;o__Oscillospirales;f__Oscillospiraceae;g__Intestinimonas;s__	0.9669934557979142
95409902ca156055fc21b950911947e3	d__Bacteria;p__Desulfobacterota;c__Desulfovibrionia;o__Desulfovibrionales;f__Desulfovibrionaceae;g__Desulfovibrio;s__	0.984456525888834
1e330a3738ea8cce22d8182bfe07c377	d__Bacteria;p__Firmicutes;c__Clostridia	0.8911966468416774
f38e592a0820bae02cee9e7c179b2580	d__Bacteria;p__Bacteroidota;c__Bacteroidia;o__Bacteroidales;f__Marinifilaceae;g__Butyricimonas;s__	0.9999987474280261
c3a689da48032dade11e6c2cb9cec37f	d__Bacteria;p__Firmicutes;c__Clostridia	0.9941116127218697
2a91def32cb753130bdeb069bd374c09	d__Bacteria;p__Firmicutes;c__Clostridia;o__Monoglobales;f__Monoglobaceae;g__Monoglobus;s__	0.9876951259429272
ca560ac1e5ad25444f33296fffa5b15f	d__Bacteria;p__Firmicutes;c__Clostridia;o__Clostridia_UCG-014;f__Clostridia_UCG-014;g__Clostridia_UCG-014;s__	0.9998156541118814
4c8ae77e68d7ddbd962a063e8ba7bd71	d__Bacteria;p__Firmicutes;c__Clostridia	0.991777661489116
163ae12703a901e18ad3696715038741	d__Bacteria;p__Firmicutes;c__Clostridia;o__Lachnospirales;f__Lachnospiraceae	0.9999068293069151
20acb64e4dc18af38844a44b9168942e	d__Bacteria;p__Firmicutes;c__Bacilli;o__RF39;f__RF39;g__RF39;s__	0.963992788113303
43899f97b447361c1515b9a2ed6ca839	d__Bacteria;p__Firmicutes;c__Clostridia	0.9982543367836532
d3387603ddf9cc4abe0ab86c390f438a	d__Bacteria;p__Bacteroidota;c__Bacteroidia;o__Bacteroidales;f__Marinifilaceae;g__Odoribacter;s__	0.7849193290081
df7656871b48c1b6094ce571f6dd7a92	d__Bacteria	0.9924208089742459
65c466cfe1232c5543fdd805b4e03f5b	d__Bacteria;p__Firmicutes;c__Clostridia	0.9820166172004035
67ebff32cd0c20b9cc7326052d4cc0d2	d__Bacteria;p__Firmicutes;c__Clostridia;o__Clostridia_UCG-014;f__Clostridia_UCG-014;g__Clostridia_UCG-014;s__	0.9999739024907909
319517da2e1bb686152d35fa9d3a73d3	d__Bacteria;p__Firmicutes;c__Clostridia;o__Clostridia_vadinBB60_group;f__Clostridia_vadinBB60_group;g__Clostridia_vadinBB60_group;s__	0.9683388000562636
57c0b37ae866487a583eac9927ed608b	d__Bacteria;p__Firmicutes;c__Negativicutes;o__Veillonellales-Selenomonadales;f__Sporomusaceae;g__Anaerosporomusa;s__	0.9940698427252941
b12752bcda3f2aec501dee1a535dbf6f	d__Bacteria;p__Firmicutes;c__Clostridia;o__Oscillospirales;f__Ruminococcaceae;g__Faecalibacterium;s__	0.9996426975550096
1842a81acd1ef8d827af54382dcad251	d__Bacteria;p__Firmicutes;c__Clostridia;o__Monoglobales;f__Monoglobaceae;g__Monoglobus;s__	0.7591661503358095
5d763c591e6a51bd566404f28893aa66	d__Bacteria;p__Firmicutes;c__Clostridia;o__Christensenellales;f__Christensenellaceae;g__Christensenellaceae_R-7_group;s__	0.8421817991653393
43614d59e887970476a07eaa723270d1	d__Bacteria;p__Firmicutes;c__Clostridia;o__Lachnospirales;f__Lachnospiraceae;g__Blautia;s__	0.9414253377428261
968c6f88a338181931b933d609f2f7d2	d__Bacteria;p__Firmicutes;c__Bacilli;o__RF39;f__RF39;g__RF39;s__	0.9986749441205471
876334c8462793a463c1df2c734ad2f4	d__Bacteria;p__Firmicutes;c__Clostridia;o__Monoglobales;f__Monoglobaceae;g__Monoglobus;s__	0.7773622672612004
2aaedec462df5163450613d1b00f7c69	d__Bacteria;p__Firmicutes;c__Clostridia	0.9921590208407818
7a87a21c05b2fa7d5e0db7baf3a80a97	d__Bacteria;p__Firmicutes;c__Clostridia;o__Oscillospirales;f__UCG-010;g__UCG-010;s__	0.8525835143951355
eb6a889c810e39ea4c07098ef3305166	d__Bacteria;p__Firmicutes;c__Clostridia;o__Christensenellales;f__Christensenellaceae;g__Christensenellaceae_R-7_group;s__	0.7671104763811896
b9bba96589311f2a45a8f7c08da7ed9f	d__Bacteria;p__Firmicutes;c__Clostridia;o__Lachnospirales;f__Lachnospiraceae	0.9993919582697082
40ad025837ba11bedc51625c11996ad9	d__Bacteria;p__Firmicutes;c__Clostridia;o__Oscillospirales;f__Oscillospiraceae;g__UCG-005;s__	0.9148424399623637
ba7dfda5a56c315ad00243e6dbb83c4b	d__Bacteria;p__Firmicutes;c__Clostridia;o__Lachnospirales;f__Lachnospiraceae	0.9826901907409702
2c12646a40b6b1b787257c38e8da814d	d__Bacteria;p__Firmicutes;c__Clostridia;o__Lachnospirales;f__Lachnospiraceae;g__Lachnospira;s__	0.9748369600711416
00eb965e08c0df907a494a41787f2dda	d__Bacteria;p__Firmicutes;c__Clostridia;o__Oscillospirales;f__Ruminococcaceae;g__Faecalibacterium;s__	0.9996718050252358
9a0351eb3953b3991b3b18062d09baf8	d__Bacteria;p__Firmicutes;c__Clostridia;o__Lachnospirales;f__Lachnospiraceae	0.99964409131873
a72522ee47e36e045d2c0b82fbf9b2f8	d__Bacteria;p__Proteobacteria;c__Gammaproteobacteria;o__Enterobacterales;f__Enterobacteriaceae	0.9844095115762626
8b5e76323b7b442a237ef28d77c525d3	d__Bacteria;p__Firmicutes;c__Clostridia;o__Lachnospirales;f__Lachnospiraceae;g__Blautia;s__	0.9233195359188603
fd74fd96cee14f081588744940e85e72	d__Bacteria;p__Firmicutes;c__Bacilli;o__Lactobacillales;f__Lactobacillaceae;g__Limosilactobacillus;s__	0.946374020395414
386dc79e37abd320af9c23c2b34cc071	d__Bacteria;p__Firmicutes;c__Bacilli;o__Lactobacillales;f__Lactobacillaceae;g__Limosilactobacillus;s__	0.9577223626432346
0c3f23229e55322822833787c2812d6c	d__Bacteria;p__Firmicutes;c__Clostridia;o__Lachnospirales;f__Lachnospiraceae	0.9990665289335241
a5946e813d0349c0a21ae3f5d6577287	d__Bacteria;p__Firmicutes;c__Bacilli;o__Lactobacillales;f__Lactobacillaceae;g__Limosilactobacillus;s__	0.9873350350806502
98e90233b9b131aa20b22d064aac9afe	d__Bacteria;p__Firmicutes;c__Bacilli;o__Lactobacillales;f__Lactobacillaceae;g__Limosilactobacillus;s__	0.9759345820300701
780dfc20b21e5cba1c8d375fb4948b53	d__Bacteria;p__Firmicutes;c__Clostridia;o__Lachnospirales;f__Lachnospiraceae;g__Fusicatenibacter;s__	0.936693597328759
81d217a8c4f1af40d90e420c4ba4c292	d__Bacteria;p__Firmicutes;c__Clostridia;o__Lachnospirales;f__Lachnospiraceae;g__Dorea;s__	0.9374082662207764
4d6aa0889ea9e52171eb22285353b817	d__Bacteria;p__Firmicutes;c__Clostridia;o__Lachnospirales;f__Lachnospiraceae;g__Dorea;s__	0.9729517659048397
228fbf3e4ce1de43b6599939bbfd486e	d__Bacteria;p__Firmicutes;c__Bacilli;o__Lactobacillales;f__Lactobacillaceae;g__Lactiplantibacillus;s__	0.9999994391042303
b61d9ad2951ab5dea45ed094a99a23ee	d__Bacteria;p__Firmicutes;c__Clostridia;o__Lachnospirales;f__Lachnospiraceae	0.9876487869478344
d67ca1a952a4c8d2f8532fedb8de9fe4	d__Bacteria;p__Firmicutes;c__Clostridia;o__Lachnospirales;f__Lachnospiraceae;g__Fusicatenibacter;s__	0.9528724938744533
79a3dc133f5634137adccc635dad94b5	d__Bacteria;p__Firmicutes;c__Bacilli;o__Lactobacillales;f__Streptococcaceae;g__Streptococcus;s__	0.9999467499137517
53971df0c8793ed7425089485739b362	d__Bacteria;p__Firmicutes;c__Clostridia;o__Lachnospirales;f__Lachnospiraceae;g__Dorea;s__	0.9628728203603285
f2efaa86ab628e52043dfd2f9b826d90	d__Bacteria;p__Firmicutes;c__Clostridia;o__Lachnospirales;f__Lachnospiraceae	0.9989832543252886
3144c84f2eddfb1e6e11741b09f394e8	d__Bacteria;p__Firmicutes;c__Clostridia;o__Lachnospirales;f__Lachnospiraceae	0.9985373782063374
1151ecfc5f5e9b061ad670e0c45ec209	d__Bacteria;p__Firmicutes;c__Clostridia;o__Lachnospirales;f__Lachnospiraceae	0.9965976342181624
eead63427acc0a7c46aabf037d636d0d	d__Bacteria;p__Firmicutes;c__Bacilli;o__Lactobacillales;f__Streptococcaceae;g__Streptococcus;s__	0.9999978525442722
c6f2cfd83b0534c50e78ca536e311097	d__Bacteria;p__Firmicutes;c__Clostridia;o__Oscillospirales;f__Butyricicoccaceae;g__Butyricicoccus;s__	0.9925083860924452
95252036600e6615cc48af55a2428e2e	d__Bacteria;p__Firmicutes;c__Bacilli;o__Staphylococcales;f__Gemellaceae;g__Gemella;s__	0.9999944685651561
790fb7779d8db0d6268ee38165336eb6	d__Bacteria;p__Firmicutes;c__Bacilli;o__Lactobacillales;f__Lactobacillaceae;g__Lacticaseibacillus;s__	0.9999984400839795
561a2e4475489c10efe951cb441ff459	d__Bacteria;p__Firmicutes;c__Bacilli;o__Lactobacillales;f__Lactobacillaceae;g__Weissella;s__	0.999999664473861
b68cfc8db5c701a80c6d19a583f01cde	d__Bacteria;p__Bacteroidota;c__Bacteroidia;o__Bacteroidales;f__Bacteroidaceae;g__Bacteroides;s__	0.8941617771853557
3fbda3feb9a701f3fd32fa110f4d8dda	d__Bacteria;p__Firmicutes;c__Clostridia;o__Oscillospirales;f__Ruminococcaceae;g__Faecalibacterium;s__	0.9994064674354789
42310adb16d12c35074fd444d13066cf	d__Bacteria;p__Firmicutes;c__Bacilli;o__Erysipelotrichales;f__Erysipelatoclostridiaceae;g__Catenibacterium;s__	0.9999994635960707
491015cf4b0d124505a503a557c5c12f	d__Bacteria;p__Actinobacteriota;c__Coriobacteriia;o__Coriobacteriales;f__Coriobacteriaceae;g__Collinsella;s__	0.9999895657884629
5a5515056d4b64e77c7e4238020a1ef8	d__Bacteria;p__Firmicutes;c__Clostridia;o__Oscillospirales;f__Ruminococcaceae;g__Faecalibacterium;s__	0.999504177712767
031cf2c99675ce333532496b374cd642	d__Bacteria;p__Firmicutes;c__Clostridia;o__Oscillospirales;f__[Eubacterium]_coprostanoligenes_group;g__[Eubacterium]_coprostanoligenes_group;s__	0.9561540633045073
9a44df64d81441b79b2d8f612b803463	d__Bacteria;p__Actinobacteriota;c__Coriobacteriia;o__Coriobacteriales;f__Coriobacteriales_Incertae_Sedis;g__uncultured;s__	0.9972092689299362
7f5bef8059809146a0656e610544095b	d__Bacteria;p__Firmicutes;c__Clostridia;o__Oscillospirales;f__Ruminococcaceae;g__Faecalibacterium;s__	0.9991204118860645
66424a4dbffb88a033649604305dbf8e	d__Bacteria;p__Firmicutes;c__Clostridia;o__Lachnospirales;f__Lachnospiraceae;g__Lachnospiraceae_UCG-001;s__	0.8168633634002896
3a50670106207217127a3162730b47cf	d__Bacteria;p__Firmicutes;c__Clostridia;o__Oscillospirales;f__Ruminococcaceae;g__Faecalibacterium;s__	0.9996381115834491
9f65680338cf64a971b17b499be233b2	d__Bacteria;p__Firmicutes;c__Clostridia;o__Lachnospirales;f__Lachnospiraceae;g__[Eubacterium]_eligens_group;s__	0.998558728691711
bafe93086fa8bfc95099fe79fa324812	d__Bacteria;p__Firmicutes;c__Bacilli;o__Erysipelotrichales;f__Erysipelatoclostridiaceae;g__Catenibacterium;s__	0.9999989429622831
b598db3283fa5e3f183738cacec05a17	d__Bacteria;p__Firmicutes;c__Clostridia;o__Oscillospirales;f__Ruminococcaceae;g__Subdoligranulum;s__	0.998952980077935
3a985695f38c5d80e00d7782a957394d	d__Bacteria;p__Firmicutes;c__Clostridia;o__Oscillospirales;f__Oscillospiraceae;g__UCG-002;s__	0.9545853355042762
54b235c2a308fe488999230129605cf7	d__Bacteria;p__Firmicutes;c__Bacilli;o__Erysipelotrichales;f__Erysipelatoclostridiaceae;g__Catenibacterium;s__	0.9999848570510916
9ce047aaadd4d5bc75c3c138d929bcc1	d__Bacteria;p__Proteobacteria;c__Gammaproteobacteria;o__Enterobacterales;f__Enterobacteriaceae	0.7262618560083779
f0a98f7de01a4924f06ee2815397c02c	d__Bacteria;p__Firmicutes;c__Clostridia;o__Oscillospirales;f__Ruminococcaceae;g__Incertae_Sedis;s__	0.9883550741754882
fbc0d1dd9a399f5d40d7f51027f5a317	d__Bacteria;p__Firmicutes;c__Clostridia;o__Lachnospirales;f__Lachnospiraceae;g__Dorea;s__	0.9574605112757935
14262bccf8ecf420496de4df60aa2a09	d__Bacteria;p__Firmicutes;c__Clostridia;o__Lachnospirales;f__Lachnospiraceae;g__Dorea;s__	0.8661923032492949
73fe03551b11eee81d516541aac52cda	d__Bacteria;p__Bacteroidota;c__Bacteroidia;o__Bacteroidales;f__Bacteroidaceae;g__Bacteroides;s__	0.9989886646946005
62c727896e2ac86f74f1c633d17f82ad	d__Bacteria;p__Firmicutes;c__Clostridia;o__Lachnospirales;f__Lachnospiraceae;g__Lachnospiraceae_UCG-001;s__	0.7631949678147694
faab8c0a97b6a7ea131f24419c33439d	d__Bacteria;p__Firmicutes;c__Clostridia;o__Lachnospirales;f__Lachnospiraceae;g__Lachnospira;s__	0.9604816896127861
62ca82c085a082edc81782c73553dc6d	d__Bacteria;p__Bacteroidota;c__Bacteroidia;o__Bacteroidales;f__Marinifilaceae;g__Odoribacter;s__	0.9998341478190957
ee563c062519662ab1b4043b2646c2c8	d__Bacteria;p__Firmicutes;c__Clostridia;o__Lachnospirales;f__Lachnospiraceae;g__Blautia;s__	0.9518154100219732
e0386f0d0cf2939e2b5a89bdb9b6e1d6	d__Bacteria;p__Firmicutes;c__Clostridia;o__Oscillospirales;f__Ruminococcaceae;g__Faecalibacterium;s__	0.9973799815984171
06ed0b57d9a70f201042c36e70f0397a	d__Bacteria;p__Firmicutes;c__Clostridia;o__Oscillospirales;f__Ruminococcaceae;g__Negativibacillus;s__	0.9999056909063697
00098ab284c131584af19afbc91f92e6	d__Bacteria;p__Firmicutes;c__Clostridia	0.9783962168936443
f2b33a6b5d3b1493f63765a3fc1e3cb4	d__Bacteria;p__Firmicutes;c__Clostridia;o__Lachnospirales;f__Lachnospiraceae;g__Fusicatenibacter;s__	0.9986731271203638
0d3b5340bab0f0e02f7305eab4bdefa3	d__Bacteria;p__Firmicutes;c__Clostridia;o__Oscillospirales;f__Ruminococcaceae	0.7885658631502301
ee7dadc8703ba23a31b1fae10ec39256	d__Bacteria;p__Bacteroidota;c__Bacteroidia;o__Bacteroidales;f__Bacteroidaceae;g__Bacteroides;s__	0.9977531845026539
d0ee2cbcf85647a81f038c5b32d2346a	d__Bacteria;p__Actinobacteriota;c__Coriobacteriia;o__Coriobacteriales;f__Coriobacteriaceae;g__Collinsella;s__	0.999918683267156
5bb4e7b0bb3c9302dde3a0f9f7542764	d__Bacteria;p__Firmicutes;c__Clostridia;o__Oscillospirales;f__Ruminococcaceae;g__Subdoligranulum;s__	0.9977834401182042
42ca49affed2ecda7823f806454cd438	d__Bacteria;p__Actinobacteriota;c__Coriobacteriia;o__Coriobacteriales;f__Coriobacteriaceae;g__Collinsella;s__	0.9999388363697185
42eb9ef5782a6f4e5774a2718672975b	d__Bacteria;p__Firmicutes;c__Clostridia;o__Lachnospirales;f__Lachnospiraceae;g__Fusicatenibacter;s__	0.9996887987729078
974c49c4d443a9733c5f785ef41e96ca	d__Bacteria;p__Firmicutes;c__Clostridia;o__Oscillospirales;f__Ruminococcaceae;g__Ruminococcus;s__	0.7132621038370757
6a2c3c08af4fa9628b37a29d5de7c116	d__Bacteria;p__Firmicutes;c__Clostridia;o__Oscillospirales;f__Ruminococcaceae;g__Ruminococcus;s__	0.7114400428102944
239ae979a9a36002c89538dc1213699d	d__Bacteria;p__Firmicutes;c__Clostridia;o__Oscillospirales;f__Oscillospiraceae;g__UCG-002;s__	0.9890915115548777
26c2c0e48d58a0ebbe86d0b4d5f4145f	d__Bacteria;p__Firmicutes;c__Clostridia;o__Oscillospirales;f__Ruminococcaceae;g__Faecalibacterium;s__	0.9994824701657
4016e2678ab31845073059234f6c9a04	d__Bacteria;p__Bacteroidota;c__Bacteroidia;o__Bacteroidales;f__Muribaculaceae;g__Muribaculaceae;s__	0.9818109879818835
1239c7962e402c49a3a76a65b909de92	d__Bacteria;p__Firmicutes;c__Clostridia;o__Lachnospirales;f__Lachnospiraceae	0.9999187637025512
361fa059cf80fcd1542df62adcce69ba	d__Bacteria;p__Firmicutes;c__Clostridia;o__Lachnospirales;f__Lachnospiraceae;g__Dorea;s__	0.7679907698111976
cbee6c828856123443d44436638aa617	d__Bacteria;p__Firmicutes;c__Clostridia;o__Oscillospirales;f__Ruminococcaceae;g__Faecalibacterium;s__	0.9992162583302321
c1626925eb925d56ae1e4ce6a76d5115	d__Bacteria;p__Firmicutes;c__Clostridia;o__Oscillospirales;f__Ruminococcaceae;g__Ruminococcus;s__	0.9517159795813218
b29839b6095bce6710a74313b485d5a7	d__Bacteria;p__Firmicutes;c__Clostridia;o__Lachnospirales;f__Lachnospiraceae	0.9966674405908446
903d7ec30259bc4a6d0e9aa43ff310a3	d__Bacteria;p__Firmicutes;c__Clostridia;o__Lachnospirales;f__Lachnospiraceae	0.9996078512848062
2c1f6e7178fc09310a29c128ca0f3fa4	d__Bacteria;p__Actinobacteriota;c__Coriobacteriia;o__Coriobacteriales;f__Eggerthellaceae;g__Senegalimassilia;s__	0.9999810960333895
93bc4617d9a4a837af459825694645bf	d__Bacteria;p__Firmicutes;c__Clostridia;o__Lachnospirales;f__Lachnospiraceae;g__[Eubacterium]_hallii_group;s__	0.9963075291635803
769cde1ae3e12ebc93d922d7c1d00990	d__Bacteria;p__Firmicutes;c__Clostridia;o__Lachnospirales;f__Lachnospiraceae	0.999932717924431
7e15f9d7933cff7f3887de96565cbd4b	d__Bacteria;p__Firmicutes;c__Clostridia;o__Oscillospirales;f__Oscillospiraceae;g__UCG-002;s__	0.9547672334962697
db2ac7337ffbc0ced4d91f53b92094b6	d__Bacteria;p__Firmicutes;c__Clostridia;o__Oscillospirales;f__Ruminococcaceae;g__Faecalibacterium;s__	0.9997261215542426
4a87db2491232c6283bb0e05648e0e7b	d__Bacteria;p__Firmicutes;c__Clostridia;o__Oscillospirales;f__Ruminococcaceae;g__Ruminococcus;s__	0.9872636317982477
684ce97e3a4fc0c6293c6480cf573f4c	d__Bacteria;p__Bacteroidota;c__Bacteroidia;o__Bacteroidales;f__Bacteroidaceae;g__Bacteroides;s__	0.9138847317266979
0f278591be98c42d96822472efd036a1	d__Bacteria;p__Firmicutes;c__Clostridia;o__Oscillospirales;f__Oscillospiraceae;g__UCG-003;s__	0.9535147973584474
39daefa2c4849dea762f49f4e6c9d8d5	d__Bacteria;p__Firmicutes;c__Clostridia;o__Monoglobales;f__Monoglobaceae;g__Monoglobus;s__	0.9984193727042291
7d6c7a6a5288a9c53b34f0e0845047d5	d__Bacteria;p__Firmicutes;c__Clostridia;o__Oscillospirales;f__Butyricicoccaceae;g__Butyricicoccus;s__	0.999761325509308
d5a0b175b16348e1adde27c4fc04b317	d__Bacteria;p__Bacteroidota;c__Bacteroidia;o__Bacteroidales;f__Marinifilaceae;g__Odoribacter;s__	0.9955194304099462
f4ffa542e6edf259350bfdeccccc94b6	d__Bacteria;p__Bacteroidota;c__Bacteroidia;o__Bacteroidales;f__Barnesiellaceae;g__Barnesiella;s__	0.9999571485061575
3a1cc8e3d756661944afe67633a1d985	d__Bacteria;p__Bacteroidota;c__Bacteroidia;o__Bacteroidales;f__Muribaculaceae;g__Muribaculaceae;s__	0.9771312876844849
1a382e556aa501ca539a9c9032faf231	d__Bacteria;p__Firmicutes;c__Clostridia;o__Lachnospirales;f__Lachnospiraceae;g__[Ruminococcus]_gnavus_group;s__	0.7372785851926458
f25114db1c955e54aba107a9b562297c	d__Bacteria;p__Firmicutes;c__Clostridia;o__Lachnospirales;f__Lachnospiraceae;g__Lachnospiraceae_UCG-004;s__	0.7809947919332337
2ba0c5992bad755f06fa080f7e2e8e88	d__Bacteria;p__Firmicutes;c__Clostridia;o__Oscillospirales;f__Butyricicoccaceae;g__Butyricicoccus;s__	0.9998187998931471
696c19a053dd998438011f7c23d7ec3c	d__Bacteria;p__Bacteroidota;c__Bacteroidia;o__Bacteroidales;f__Bacteroidaceae;g__Bacteroides;s__	0.9995799667072166
ab74e3e60ef97431321ee200d6857e45	d__Bacteria;p__Firmicutes;c__Clostridia;o__Christensenellales;f__Christensenellaceae;g__Christensenellaceae_R-7_group;s__	0.8990829671513604
76dc92f866a53ce78c2f9f22c7d97998	d__Bacteria;p__Firmicutes;c__Clostridia;o__Christensenellales;f__Christensenellaceae;g__Christensenellaceae_R-7_group;s__	0.9532859763189822
ab8637b4228f962242b451fc338aa6f8	d__Bacteria;p__Firmicutes;c__Clostridia;o__Oscillospirales;f__Oscillospiraceae	0.9822054327479128
00ffb896d0ff01f394f1cc04dbb30a87	d__Bacteria;p__Bacteroidota;c__Bacteroidia;o__Bacteroidales;f__Bacteroidaceae;g__Bacteroides;s__	0.9998535527520537
330d6054abae2cce632b2d17ab46fe5b	d__Bacteria;p__Firmicutes;c__Clostridia;o__Oscillospirales;f__Ruminococcaceae;g__Faecalibacterium;s__	0.9964678449052692
9ee8478f2a6dff46bf051b87faa30912	d__Bacteria;p__Firmicutes;c__Clostridia;o__Oscillospirales;f__Ruminococcaceae;g__Subdoligranulum;s__	0.9992008604462432
088caf0e41c12f8e22640fb1bb8cd0ce	d__Bacteria;p__Firmicutes;c__Clostridia;o__Lachnospirales;f__Lachnospiraceae	0.998047362089955
f6bed0e30972f40aab93b72528a25235	d__Bacteria;p__Firmicutes;c__Bacilli;o__Lactobacillales;f__Streptococcaceae;g__Streptococcus;s__	0.999892113556618
2a73238118f6ce1db2129e97dceb5e21	d__Bacteria;p__Firmicutes;c__Clostridia;o__Lachnospirales;f__Lachnospiraceae;g__Dorea;s__	0.9009924995884325
c15f822022865b214c836a663f6dd56b	d__Bacteria;p__Firmicutes;c__Clostridia;o__Lachnospirales;f__Lachnospiraceae	0.9994140376370069
7491abb6c7707f4c7362874412bafaaa	d__Bacteria;p__Firmicutes;c__Clostridia;o__Lachnospirales;f__Lachnospiraceae;g__[Ruminococcus]_gnavus_group;s__	0.8895283121701415
1665e833a681d46624d0556b94373158	d__Bacteria;p__Firmicutes;c__Clostridia;o__Lachnospirales;f__Lachnospiraceae;g__Lachnoclostridium;s__	0.8196057815799748
9d639aed823dbd9b856f718ed6b9df41	d__Bacteria;p__Firmicutes;c__Clostridia;o__Lachnospirales;f__Lachnospiraceae	0.9991133955743203
bef1e7ab8258e9ad7791bc41c4ab7f7d	d__Bacteria;p__Firmicutes;c__Clostridia;o__Lachnospirales;f__Lachnospiraceae;g__Blautia;s__	0.8961925590653835
1f764440edb8de5be50a6cdf0dd85453	d__Bacteria;p__Firmicutes;c__Clostridia;o__Lachnospirales;f__Lachnospiraceae;g__[Eubacterium]_hallii_group;s__	0.9931703033596107
8d558c5e1c27a9aefb02b87b7facaf77	d__Bacteria;p__Firmicutes;c__Clostridia;o__Lachnospirales;f__Lachnospiraceae;g__Lachnospiraceae_UCG-004;s__	0.8476726444582529
8e06db3b4301123ba91dbfe43d4e04c5	d__Bacteria;p__Firmicutes;c__Clostridia;o__Lachnospirales;f__Lachnospiraceae	0.9983315599346063
b48149fe6ffba96ee04cde84b0d92238	d__Bacteria;p__Firmicutes;c__Clostridia;o__Lachnospirales;f__Lachnospiraceae;g__[Ruminococcus]_gauvreauii_group;s__	0.7300148512836235
41389578fab363990817fb48e97f9472	d__Bacteria;p__Firmicutes;c__Clostridia;o__Christensenellales;f__Christensenellaceae;g__Christensenellaceae_R-7_group;s__	0.8047932283569621
e3983b482162f8a2cd86c266ca802bb3	d__Bacteria;p__Firmicutes;c__Clostridia;o__Lachnospirales;f__Lachnospiraceae	0.9998494392375734
6049982440e20bffa567809ce4624ef5	d__Bacteria;p__Firmicutes;c__Clostridia;o__Lachnospirales;f__Lachnospiraceae	0.9980205102236777
53a554703e34a30f4a0f796ee6b61e30	d__Bacteria;p__Firmicutes;c__Clostridia;o__Lachnospirales;f__Lachnospiraceae;g__[Ruminococcus]_gauvreauii_group;s__	0.8419046729985628
61d5b91f94430a98ea2576bde2ff295c	d__Bacteria;p__Firmicutes;c__Clostridia;o__Lachnospirales;f__Lachnospiraceae;g__Blautia;s__	0.9424596494084952
da0402cadaea390996f1cd612c54dcfa	d__Bacteria;p__Firmicutes;c__Clostridia;o__Christensenellales;f__Christensenellaceae;g__Christensenellaceae_R-7_group;s__	0.9154492938208286
d8ba84d142fd26e40a984aa3655807c1	d__Bacteria;p__Firmicutes;c__Clostridia;o__Christensenellales;f__Christensenellaceae;g__Christensenellaceae_R-7_group;s__	0.9002485366889665
b1dcb3765f774b9042f0b5bea0658a13	d__Bacteria;p__Proteobacteria;c__Gammaproteobacteria;o__Enterobacterales;f__Pasteurellaceae	0.999968485417425
7120622a75ccbd795f622d7208595bc3	d__Bacteria;p__Firmicutes;c__Clostridia;o__Peptostreptococcales-Tissierellales;f__Peptostreptococcaceae	0.9999747643102079
2a0b759d4cdd7531945db2a316c1eb89	d__Bacteria;p__Firmicutes;c__Clostridia;o__Lachnospirales;f__Lachnospiraceae;g__Blautia;s__	0.9688606390994591
780860dd6228c053e0c4c355f2f5ee91	d__Bacteria;p__Firmicutes;c__Negativicutes;o__Veillonellales-Selenomonadales;f__Veillonellaceae;g__Megasphaera;s__	0.9999753796369616
f100b66fdbd75e6cb10ddc07d0c08810	d__Bacteria;p__Firmicutes;c__Clostridia;o__Lachnospirales;f__Lachnospiraceae;g__Blautia;s__	0.8489722892288998
9cb9f29f5ec8b92d3d29b6a5e80dd484	d__Bacteria;p__Firmicutes;c__Clostridia;o__Christensenellales;f__Christensenellaceae;g__Christensenellaceae_R-7_group;s__	0.9089208355505957
91912fddc23aea3b9d0d911f89c70b41	d__Bacteria;p__Firmicutes;c__Clostridia;o__Christensenellales;f__Christensenellaceae;g__Christensenellaceae_R-7_group;s__	0.9125943467827391
f103bc127da3b2b2f1e42dc36dd56ec0	d__Bacteria;p__Firmicutes;c__Bacilli;o__Lactobacillales;f__Streptococcaceae;g__Streptococcus;s__	0.9985074107484395
15005815efad6da43c55f670035791c0	d__Bacteria;p__Firmicutes;c__Clostridia;o__Lachnospirales;f__Lachnospiraceae;g__Blautia;s__	0.9700843475309343
a5834fbe4c632dee3831d055942ba6bd	d__Bacteria;p__Firmicutes;c__Clostridia;o__Oscillospirales;f__Butyricicoccaceae;g__Butyricicoccus;s__	0.9970375762007943
ce4883c5bbc4f4ddc90126a144b8a2bf	d__Bacteria;p__Bacteroidota;c__Bacteroidia;o__Bacteroidales;f__Barnesiellaceae;g__Barnesiella;s__	0.9999837616365521
434ec43544ff0243c881f0befc7b3f5e	d__Bacteria;p__Firmicutes;c__Clostridia;o__Peptostreptococcales-Tissierellales;f__Peptostreptococcaceae;g__Romboutsia;s__	0.9162470563239918
5204a284586cf1e73ae9a78833f661a3	d__Bacteria;p__Firmicutes;c__Clostridia;o__Monoglobales;f__Monoglobaceae;g__Monoglobus;s__	0.9964142336777218
b4e19f72d28428184fa4cbb2ae4a5f5a	d__Bacteria;p__Firmicutes;c__Clostridia;o__Peptostreptococcales-Tissierellales;f__Peptostreptococcaceae;g__Romboutsia;s__	0.8943094081883656
8dc26e1f474e1e736a84a8879873e3b4	d__Bacteria;p__Firmicutes;c__Clostridia;o__Clostridiales;f__Clostridiaceae;g__Clostridium_sensu_stricto_1;s__	0.9943896004007055
6956375308fa55afbbdfb1a230b42da5	d__Bacteria;p__Firmicutes;c__Clostridia;o__Lachnospirales;f__Lachnospiraceae	0.9889847563898997
8af050f9ea4f971ab5576ae93a4947c9	d__Bacteria;p__Firmicutes;c__Clostridia;o__Peptostreptococcales-Tissierellales;f__Peptostreptococcaceae;g__Romboutsia;s__	0.7780325737687943
9c308f114695cb2eff839a4aab26e764	d__Bacteria;p__Firmicutes;c__Clostridia;o__Oscillospirales;f__Oscillospiraceae;g__UCG-002;s__	0.9922070325132455
3ac9858cd803e6b54e006f5d66a6434e	d__Bacteria;p__Firmicutes;c__Clostridia;o__Oscillospirales;f__Ruminococcaceae	0.8943568680696152
4f0af4bae4591ea0a4a2e6dcc9bd67fe	d__Bacteria;p__Firmicutes;c__Clostridia;o__Oscillospirales;f__Ruminococcaceae	0.81906773123098
8ee5b54db492559024263cdd776c2850	d__Bacteria;p__Bacteroidota;c__Bacteroidia;o__Bacteroidales;f__Bacteroidaceae;g__Bacteroides;s__	0.9997658265496608
146b7e3f236082a90da3a28e3e7c4a8e	d__Bacteria;p__Firmicutes;c__Clostridia;o__Lachnospirales;f__Lachnospiraceae;g__Anaerostipes;s__	0.9817191788894617
eb3263e563579033d8bd24f49d1024f6	d__Bacteria;p__Bacteroidota;c__Bacteroidia;o__Bacteroidales;f__Tannerellaceae;g__Parabacteroides;s__	0.993618770884546
dff6ec4b07ab3f359a0b66ca6b4b32fa	d__Bacteria;p__Firmicutes;c__Clostridia;o__Lachnospirales;f__Lachnospiraceae;g__[Eubacterium]_hallii_group;s__	0.9912270502397266
9e87cbfcb08e1685b730ca04f079d2fb	d__Bacteria;p__Firmicutes;c__Clostridia;o__Lachnospirales;f__Lachnospiraceae	0.9983585970869537
0ac73004b091d6169f523ed8fc000861	d__Bacteria;p__Fusobacteriota;c__Fusobacteriia;o__Fusobacteriales;f__Fusobacteriaceae;g__Fusobacterium;s__	0.98903038483586
639cec5312ccaa9d5f2f4b3b65afbb1a	d__Bacteria;p__Firmicutes;c__Clostridia;o__Lachnospirales;f__Lachnospiraceae	0.9984324645048281
9822c9c2c82f8d7dafd1afb7db933a65	d__Bacteria;p__Actinobacteriota;c__Coriobacteriia;o__Coriobacteriales;f__Eggerthellaceae;g__uncultured;s__	0.9993533476931848
268617176b14d9e0b3f0f7d0e0ec074d	d__Bacteria;p__Firmicutes;c__Clostridia;o__Lachnospirales;f__Lachnospiraceae;g__Lachnospira;s__	0.9318586476307132
95a3d6d1b8462e3fabc19d6307b661d0	d__Bacteria;p__Firmicutes;c__Clostridia;o__Lachnospirales;f__Lachnospiraceae	0.9996460314691529
f0e1fa167049cd1eec6c27a96ac9962a	d__Bacteria;p__Firmicutes;c__Clostridia;o__Lachnospirales;f__Lachnospiraceae;g__Blautia;s__	0.9570416481786321
4568bfb14cec6f2f70d83ae74eef8bd9	d__Bacteria;p__Proteobacteria;c__Gammaproteobacteria;o__Burkholderiales;f__Sutterellaceae;g__Parasutterella;s__	0.9999989381692511
bd75025de54512a3ecd94e76fd6166e2	d__Bacteria;p__Bacteroidota;c__Bacteroidia;o__Bacteroidales;f__Marinifilaceae;g__Butyricimonas;s__	0.9999970953892876
99c011238cd3244ed2dc0bbf8daad342	d__Bacteria;p__Bacteroidota;c__Bacteroidia;o__Bacteroidales;f__Marinifilaceae;g__Butyricimonas;s__	0.9999940194963759
58f17d4cc1b26f94223130fb0d51aee6	d__Bacteria;p__Firmicutes;c__Clostridia;o__Oscillospirales;f__Butyricicoccaceae;g__Butyricicoccus;s__	0.9998509308716014
9598f390ab18df1d5d328dca227a0033	d__Bacteria;p__Firmicutes;c__Clostridia;o__Lachnospirales;f__Lachnospiraceae	0.9971243887834303
033bdbe56c4fc6c0c9b47ae58a0f031a	d__Bacteria;p__Firmicutes;c__Clostridia;o__Lachnospirales;f__Lachnospiraceae	0.9941643204698779
0f6ef880e705afdf283dd95a74791e8d	d__Bacteria;p__Firmicutes;c__Clostridia;o__Oscillospirales;f__Butyricicoccaceae;g__Butyricicoccus;s__	0.9705421308528819
5caf040f3f6d33d6ee4d9c94f37a6e23	d__Bacteria;p__Firmicutes;c__Clostridia;o__Oscillospirales;f__Butyricicoccaceae;g__Butyricicoccus;s__	0.9995515145839278
eee918f1456c5127d02a3cc9af99e789	d__Bacteria;p__Firmicutes;c__Bacilli;o__Erysipelotrichales;f__Erysipelotrichaceae;g__[Clostridium]_innocuum_group;s__	0.9996764216703713
ab0edd6b7e0ed0b853689d209f8f3f57	d__Bacteria;p__Firmicutes;c__Clostridia;o__Oscillospirales;f__Butyricicoccaceae;g__Butyricicoccus;s__	0.9628261145310486
31b54daed1aca5c520232e6fd3da8e51	d__Bacteria;p__Firmicutes;c__Clostridia;o__Lachnospirales;f__Lachnospiraceae;g__[Ruminococcus]_gnavus_group;s__	0.9911295448142945
72891ec1bbc4dd9cfd0748b4e205de9b	d__Bacteria;p__Firmicutes;c__Clostridia;o__Lachnospirales;f__Lachnospiraceae;g__Tuzzerella;s__	0.7805073145611003
0612b81e9cf57e764ca943b433520e9c	d__Bacteria;p__Firmicutes;c__Clostridia;o__Lachnospirales;f__Lachnospiraceae;g__Tuzzerella;s__	0.9115205935876716
d6168fd62f330bdea32dadff74b77250	d__Bacteria;p__Firmicutes;c__Clostridia;o__Lachnospirales;f__Lachnospiraceae;g__[Eubacterium]_fissicatena_group;s__	0.9559895378232919
5a75c37559c5225314b5034c38302c46	d__Bacteria;p__Firmicutes;c__Clostridia;o__Lachnospirales;f__Lachnospiraceae;g__[Eubacterium]_fissicatena_group;s__	0.9687160043596958
4d5b78ee509e2a21626e3ad21b740f10	d__Bacteria;p__Bacteroidota;c__Bacteroidia;o__Bacteroidales;f__Prevotellaceae;g__Prevotella_9;s__	0.9999890079736555
289d98c069f992058286c83cfe7bb933	d__Bacteria;p__Bacteroidota;c__Bacteroidia;o__Bacteroidales;f__Prevotellaceae;g__Prevotella_9;s__	0.99998736467909
53159723d7fab2734977e32207be32e0	d__Bacteria;p__Bacteroidota;c__Bacteroidia;o__Bacteroidales;f__Prevotellaceae;g__Prevotella_9;s__	0.999961413731844
3439be2cfb7d2a661cf8b0581e1c34fd	d__Bacteria;p__Bacteroidota;c__Bacteroidia;o__Bacteroidales;f__Prevotellaceae;g__Prevotella_9;s__	0.9999618381428983
c389f4cd33daf4f011e09bd91835f6a2	d__Bacteria;p__Bacteroidota;c__Bacteroidia;o__Bacteroidales;f__Prevotellaceae;g__Prevotella_9;s__	0.9999318992253239
fd0acd5d704d504971ee64873190793c	d__Bacteria;p__Bacteroidota;c__Bacteroidia;o__Bacteroidales;f__Prevotellaceae;g__Prevotella_9;s__	0.9999622431014716
e69a936f87b6e8651d3a0a82250cae2b	d__Bacteria;p__Bacteroidota;c__Bacteroidia;o__Bacteroidales;f__Prevotellaceae;g__Prevotella_9;s__	0.9999804586887504
36aa134ea80193e84548eae2ac65e85e	d__Bacteria;p__Bacteroidota;c__Bacteroidia;o__Bacteroidales;f__Prevotellaceae;g__Prevotella;s__	0.9930712265435327
e76c5d929f42673ed485f97b78b7afbb	d__Bacteria;p__Bacteroidota;c__Bacteroidia;o__Bacteroidales;f__Prevotellaceae;g__Prevotella_9;s__	0.9999912642522737
4bc62cf9d89c53149aaa2c9a83cfd5f1	d__Bacteria;p__Firmicutes;c__Bacilli;o__Erysipelotrichales;f__Erysipelatoclostridiaceae;g__Catenibacterium;s__	0.9999986072221567
99546d96c3debb94b5e8d10c67a80d6b	d__Bacteria;p__Bacteroidota;c__Bacteroidia;o__Bacteroidales;f__Prevotellaceae;g__Prevotella_9;s__	0.999910815702854
02b6fb2f8b7abbd2cb80ee786b886e64	d__Bacteria;p__Firmicutes;c__Bacilli;o__Lactobacillales;f__Lactobacillaceae;g__Limosilactobacillus;s__	0.9944946737324323
eb1caede0cc3ff0874d2f3839ea9c79b	d__Bacteria;p__Firmicutes;c__Clostridia;o__Oscillospirales;f__Ruminococcaceae;g__Faecalibacterium;s__	0.9988845510501067
c93a9f3aa08ddbea2c39bbde754c3668	d__Bacteria;p__Bacteroidota;c__Bacteroidia;o__Bacteroidales;f__Muribaculaceae;g__Muribaculaceae;s__	0.9297941087633027
844d2b57585cb1ad4d9ddcbede5ce691	d__Bacteria;p__Firmicutes;c__Bacilli;o__Lactobacillales;f__Lactobacillaceae;g__Limosilactobacillus;s__	0.9894044939746096
1b5672db2ffd2ec754efa0d3bc8da354	d__Bacteria;p__Bacteroidota;c__Bacteroidia;o__Bacteroidales;f__Prevotellaceae;g__Prevotella_9;s__	0.999822967283505
0dc71a6f79b674a7c6859c181ae9873f	d__Bacteria;p__Bacteroidota;c__Bacteroidia;o__Bacteroidales;f__Prevotellaceae;g__Prevotella_9;s__	0.9998276433856476
5e09fa7ec1a7ddfbc9bd83639286c401	d__Bacteria;p__Bacteroidota;c__Bacteroidia;o__Bacteroidales;f__Prevotellaceae;g__Prevotella;s__	0.9902996044049306
e421e2e454346ef95238aa02874f866a	d__Bacteria;p__Actinobacteriota;c__Coriobacteriia;o__Coriobacteriales;f__Eggerthellaceae;g__Senegalimassilia;s__	0.9999661218043933
8ab35dcf9322b2f830803f7da6ceba53	d__Bacteria;p__Firmicutes;c__Clostridia;o__Lachnospirales;f__Lachnospiraceae;g__Fusicatenibacter;s__	0.9964089059644619
e1a0123eb1ca9ec08c8d7e975e4a9322	d__Bacteria;p__Proteobacteria;c__Gammaproteobacteria;o__Enterobacterales	0.9999999311100244
dcf09d306ecbf24a18b2b9f40bf9ba79	d__Bacteria;p__Firmicutes;c__Clostridia;o__Lachnospirales;f__Lachnospiraceae	0.9994620989909332
98befbfae4265e794ec69165a0d72564	d__Bacteria;p__Bacteroidota;c__Bacteroidia;o__Bacteroidales;f__Prevotellaceae;g__Prevotella_9;s__	0.9999054054223299
3cf171449384c6efed1900e0b67de29b	d__Bacteria;p__Bacteroidota;c__Bacteroidia;o__Bacteroidales;f__Prevotellaceae;g__Prevotella;s__	0.9888233477635163
48af24a85e480a340d34c145f8c4680d	d__Bacteria;p__Bacteroidota;c__Bacteroidia;o__Bacteroidales;f__Prevotellaceae;g__Prevotella;s__	0.9858444075732397
554ac413714a72f6bc12b037e36e8eee	d__Bacteria;p__Bacteroidota;c__Bacteroidia;o__Bacteroidales;f__Prevotellaceae;g__Alloprevotella;s__	0.9964263763535901
e287fff38e15d09f1cf61df4e2e66768	d__Bacteria;p__Bacteroidota;c__Bacteroidia;o__Bacteroidales;f__Prevotellaceae;g__Alloprevotella;s__	0.9978994331865614
9664a8983954901fd906da6bec1d7a08	d__Bacteria;p__Bacteroidota;c__Bacteroidia;o__Bacteroidales;f__Prevotellaceae;g__Prevotella;s__	0.991726015522805
207c959178a06841c18bd6330bfaa7f9	d__Bacteria;p__Bacteroidota;c__Bacteroidia;o__Bacteroidales;f__Muribaculaceae;g__Muribaculaceae;s__	0.9522679799619667
e0a2507dcce4058d299f2b71e6690079	d__Bacteria;p__Bacteroidota;c__Bacteroidia;o__Bacteroidales;f__Prevotellaceae;g__Alloprevotella;s__	0.9975942289385539
58395243259c2a59cf4041f67ef3a46f	d__Bacteria;p__Bacteroidota;c__Bacteroidia;o__Bacteroidales;f__Prevotellaceae;g__Alloprevotella;s__	0.9969666551174102
9d700d44a049d4086b40256ca65b6242	d__Bacteria;p__Bacteroidota;c__Bacteroidia;o__Bacteroidales;f__Prevotellaceae	0.9724551658295089
4b225ba1d89aa7b4f2c4a4d3135739c6	d__Bacteria;p__Bacteroidota;c__Bacteroidia;o__Bacteroidales;f__Bacteroidaceae;g__Bacteroides;s__	0.9990064888216216
679b9558038f66070994e63e22fca0c0	d__Bacteria;p__Firmicutes;c__Clostridia;o__Lachnospirales;f__Lachnospiraceae;g__Dorea;s__	0.9347381833681986
eb0cded6e0e00a6cebe9ca00fd2d5ea6	d__Bacteria;p__Firmicutes;c__Clostridia;o__Lachnospirales;f__Lachnospiraceae;g__Fusicatenibacter;s__	0.9982007814532159
8e6f7868d667dd717be879d4a5be6e02	d__Bacteria;p__Firmicutes;c__Clostridia;o__Lachnospirales;f__Lachnospiraceae;g__Dorea;s__	0.956725387881558
0d9f77a299bb76cc4e16f8fb9bdd29ce	d__Bacteria;p__Firmicutes;c__Clostridia;o__Lachnospirales;f__Lachnospiraceae;g__Dorea;s__	0.9562204499775158
552ecc348a07438a98bfc70e6d9163f9	d__Bacteria;p__Firmicutes;c__Clostridia;o__Lachnospirales;f__Lachnospiraceae	0.9903150244766767
5af7b0d722417359b597ebae88c4d96c	d__Bacteria;p__Firmicutes;c__Clostridia;o__Lachnospirales;f__Lachnospiraceae;g__Lachnospiraceae_UCG-004;s__	0.8935169567966129
9a2fcd0d73557a5d2dc2350396803db8	d__Bacteria;p__Bacteroidota;c__Bacteroidia;o__Bacteroidales;f__Muribaculaceae;g__Muribaculaceae;s__	0.9289949462036372
975df0ef7dff343c70d5a912ab5f8410	d__Bacteria;p__Firmicutes;c__Clostridia;o__Lachnospirales;f__Lachnospiraceae	0.9996142829032159
522be4d225a0a7ed83ec50372fceb81b	d__Bacteria;p__Firmicutes;c__Clostridia;o__Oscillospirales;f__Ruminococcaceae;g__Faecalibacterium;s__	0.9995092147852785
1d389babdb49ee6c76ff955d93bbd607	d__Bacteria;p__Firmicutes;c__Clostridia;o__Lachnospirales;f__Lachnospiraceae;g__Anaerostipes;s__	0.9967845349493762
2725c3a546767956ac2ccb4c0d516ad5	d__Bacteria;p__Firmicutes;c__Clostridia;o__Lachnospirales;f__Lachnospiraceae	0.9999215412387686
f3b82ecd685b38dc8d02cdd722eb0fd7	d__Bacteria;p__Firmicutes;c__Clostridia;o__Lachnospirales;f__Lachnospiraceae;g__Anaerostipes;s__	0.997255071035908
ef08bc1b0637e1f857702d0653d7e667	d__Bacteria;p__Firmicutes;c__Clostridia;o__Lachnospirales;f__Lachnospiraceae;g__Agathobacter;s__	0.9620664937667469
beb86aafbed83375c2da5a35f4053276	d__Bacteria;p__Firmicutes;c__Clostridia;o__Lachnospirales;f__Lachnospiraceae	0.9998212003442765
96a3be11872bf67710bd23eee523fddb	d__Bacteria;p__Firmicutes;c__Clostridia;o__Lachnospirales;f__Lachnospiraceae;g__[Eubacterium]_eligens_group;s__	0.9984327205611816
bba3b48a434af8f84f7f9a7d8aa73248	d__Bacteria;p__Proteobacteria;c__Gammaproteobacteria;o__Burkholderiales;f__Sutterellaceae;g__Parasutterella;s__	0.9901056977624042
99a47943f7159caa9543ff157bc73992	d__Bacteria;p__Proteobacteria;c__Gammaproteobacteria;o__Burkholderiales;f__Sutterellaceae;g__Sutterella;s__	0.999863896813596
c3505a2de8ddb3016d61e20a522ccec4	d__Bacteria;p__Bacteroidota;c__Bacteroidia;o__Bacteroidales;f__Tannerellaceae	0.8862916709045469
acd0241a4497e28e8208e0505291f233	d__Bacteria;p__Desulfobacterota;c__Desulfovibrionia;o__Desulfovibrionales;f__Desulfovibrionaceae;g__Bilophila;s__	0.9999783030329408
0ec995f345f76d1718d031838bf90f9d	d__Bacteria;p__Firmicutes;c__Clostridia;o__Lachnospirales;f__Lachnospiraceae	0.9983981245683862
afc08dec7285a820ddd27131e1710a75	d__Bacteria;p__Firmicutes;c__Clostridia;o__Oscillospirales;f__Ruminococcaceae;g__uncultured;s__	0.8137727087022992
61167881404f7a66ee0fe4a5332f3818	d__Bacteria;p__Firmicutes;c__Clostridia;o__Lachnospirales;f__Lachnospiraceae;g__Dorea;s__	0.9614908384133516
f8a352d1f235ea3fc02d4947dff23506	d__Bacteria;p__Firmicutes;c__Clostridia;o__Lachnospirales;f__Lachnospiraceae	0.9993284072877214
c2378b4fc0c681027da17abadddd0156	d__Bacteria;p__Firmicutes;c__Clostridia;o__Oscillospirales;f__Ruminococcaceae;g__Faecalibacterium;s__	0.9988904838726338
256e5ba3b134d8a5e2b6132f4d6b657d	d__Bacteria;p__Bacteroidota;c__Bacteroidia;o__Bacteroidales;f__Tannerellaceae	0.9247086410175972
b75f0ddf0fa277aae1958c33ec108863	d__Bacteria;p__Firmicutes;c__Clostridia;o__Lachnospirales;f__Lachnospiraceae	0.9976117667859437
3091c4150d4804d603cb5d159a03c17f	d__Bacteria;p__Firmicutes;c__Clostridia;o__Oscillospirales;f__Ruminococcaceae;g__Faecalibacterium;s__	0.9727901555693619
39836e8241f8f9cf7151305f31139fb3	d__Bacteria;p__Firmicutes;c__Clostridia;o__Lachnospirales;f__Lachnospiraceae	0.9899300967691204
0c3f51e7199c2e1d07275c2838549303	d__Bacteria;p__Bacteroidota;c__Bacteroidia;o__Bacteroidales;f__Bacteroidaceae;g__Bacteroides;s__	0.968668366917113
1af68e164435ef02de185d50c8fb0361	d__Bacteria;p__Firmicutes;c__Clostridia;o__Lachnospirales;f__Lachnospiraceae;g__Anaerostipes;s__	0.9667424684767154
33cebf5ba2a40f1e1c398d9d2c2c24fa	d__Bacteria;p__Bacteroidota;c__Bacteroidia;o__Bacteroidales;f__Bacteroidaceae;g__Bacteroides;s__	0.9991376368695836
6b8df612549aed8a4e1ecb8b9ba423c2	d__Bacteria;p__Firmicutes;c__Negativicutes;o__Veillonellales-Selenomonadales;f__Veillonellaceae;g__Megasphaera;s__	0.9999581209214069
77eeebaed502b1eab1ecce8c21014800	d__Bacteria;p__Firmicutes;c__Clostridia;o__Lachnospirales;f__Lachnospiraceae;g__Anaerostipes;s__	0.9961029493294442
fba4de80bd14afc0e7401687ba8e92f9	d__Bacteria;p__Firmicutes;c__Clostridia;o__Lachnospirales;f__Lachnospiraceae;g__Anaerostipes;s__	0.996299331583374
f754849d614bd62d09bfc6a0bf9f22b1	d__Bacteria;p__Firmicutes;c__Clostridia;o__Oscillospirales;f__Ruminococcaceae;g__Faecalibacterium;s__	0.999460012261675
0858d185b52a66b5a06a420e1820316e	d__Bacteria;p__Bacteroidota;c__Bacteroidia;o__Bacteroidales;f__Muribaculaceae;g__Muribaculaceae;s__	0.944174380087623
903f1dfe32bbcebcc696d0f890d6cbab	d__Bacteria;p__Firmicutes;c__Clostridia;o__Lachnospirales;f__Lachnospiraceae	0.9993483878218461
55aa848b0637c1731023a58996d0b7f7	d__Bacteria;p__Firmicutes;c__Clostridia;o__Lachnospirales;f__Lachnospiraceae	0.9995008726548441
34406b7c88d3f1d2d75894c522262c5d	d__Bacteria;p__Firmicutes;c__Clostridia;o__Lachnospirales;f__Lachnospiraceae	0.9978777269648622
98a903bdf8c5ee1cfd2a6bd5791a8328	d__Bacteria;p__Firmicutes;c__Clostridia;o__Lachnospirales;f__Lachnospiraceae;g__Blautia;s__	0.9626193205795697
edc3a27af659b5dc2874bb82b0707e32	d__Bacteria;p__Bacteroidota;c__Bacteroidia;o__Bacteroidales;f__Bacteroidaceae;g__Bacteroides;s__	0.99803349926915
7c6cd70d2f67c74e70fbdcf56f4fee4c	d__Bacteria;p__Firmicutes;c__Clostridia;o__Lachnospirales;f__Lachnospiraceae	0.99980605850696
e776ea867be038e23d262e12b570d43f	d__Bacteria;p__Firmicutes;c__Clostridia;o__Lachnospirales;f__Lachnospiraceae;g__[Eubacterium]_hallii_group;s__	0.9940271294985139
745a1a8c3e032df3dc552e0508c941bc	d__Bacteria;p__Firmicutes;c__Clostridia;o__Lachnospirales;f__Lachnospiraceae	0.99966452738689
30e7edbe3e56f8e61722c355523cd721	d__Bacteria;p__Firmicutes;c__Clostridia;o__Lachnospirales;f__Lachnospiraceae	0.9998743829993577
24f4f8c677a4ab006eb9dec32af35bd7	d__Bacteria;p__Bacteroidota;c__Bacteroidia;o__Bacteroidales;f__Muribaculaceae;g__Muribaculaceae;s__	0.9600553087255237
fce5dd218d86c547fc4bb6efbcd8841d	d__Bacteria;p__Proteobacteria;c__Gammaproteobacteria;o__Enterobacterales;f__Pasteurellaceae;g__Haemophilus;s__	0.9078247995110523
0e68141099129c7c1f2f499b8063969e	d__Bacteria;p__Firmicutes;c__Clostridia;o__Peptostreptococcales-Tissierellales;f__Peptostreptococcaceae;g__Terrisporobacter;s__	0.9917091748037175
1c4da88403ac6869f45fd21a1799df8d	d__Bacteria;p__Firmicutes;c__Clostridia;o__Lachnospirales;f__Lachnospiraceae	0.9995101906562273
3f8438993917a7270769f5246362c4e9	d__Bacteria;p__Firmicutes;c__Clostridia;o__Peptostreptococcales-Tissierellales;f__Peptostreptococcaceae;g__Terrisporobacter;s__	0.9987994139141398
694af6c50847e6e0690b60d27c7a51bd	d__Bacteria;p__Firmicutes;c__Clostridia;o__Lachnospirales;f__Lachnospiraceae;g__Coprococcus;s__	0.7639160761105799
cec850e78715cd250c08f37c759d3f90	d__Bacteria;p__Proteobacteria;c__Gammaproteobacteria;o__Enterobacterales;f__Pasteurellaceae	0.9999023985140969
18699f4251ac2634f77af2f2ef897f61	d__Bacteria;p__Firmicutes;c__Clostridia;o__Lachnospirales;f__Lachnospiraceae;g__Dorea;s__	0.9673875164165499
4bcc6298eb327f7e6ffe784c48098237	d__Bacteria;p__Desulfobacterota;c__Desulfovibrionia;o__Desulfovibrionales;f__Desulfovibrionaceae;g__Desulfovibrio;s__	0.8782833638157572
3003f7d643e3f607670606c90c81b608	d__Bacteria;p__Firmicutes;c__Negativicutes;o__Acidaminococcales;f__Acidaminococcaceae;g__Phascolarctobacterium;s__	0.9971616006373293
6ed10bc3a26a1460f244c2f87f782c06	d__Bacteria;p__Firmicutes;c__Bacilli;o__Erysipelotrichales;f__Erysipelotrichaceae;g__Holdemanella;s__	0.9999779876454741
d10a2e7588674fa2255f9c14aef8b6c3	d__Bacteria;p__Firmicutes;c__Bacilli;o__Erysipelotrichales;f__Erysipelotrichaceae;g__Holdemanella;s__	0.9999496167577535
4dfbd0093a01021cb24c9f505eca23a4	d__Bacteria;p__Firmicutes;c__Clostridia;o__Oscillospirales;f__Ruminococcaceae;g__Negativibacillus;s__	0.9992440556909687
7eacc0c159c7e404d989b852461c75cc	d__Bacteria;p__Firmicutes;c__Clostridia;o__Oscillospirales;f__Oscillospiraceae;g__UCG-003;s__	0.9867970901262316
ae6ab29db4fc53109da6fca2cb8d143a	d__Bacteria;p__Firmicutes;c__Bacilli;o__Erysipelotrichales;f__Erysipelotrichaceae;g__Holdemanella;s__	0.9999717696927024
a40d35e4c8ade2cb23870986cab8429e	d__Bacteria;p__Firmicutes;c__Clostridia;o__Lachnospirales;f__Lachnospiraceae;g__Dorea;s__	0.8077361574631619
0b93a316cc4268d54c6f6ba8c0aeea61	d__Bacteria;p__Firmicutes;c__Clostridia;o__Oscillospirales;f__Oscillospiraceae;g__NK4A214_group;s__	0.9492343876602518
125359f4820c0ab9f944b2a230b9d9ab	d__Bacteria;p__Firmicutes;c__Clostridia;o__Lachnospirales;f__Lachnospiraceae;g__[Eubacterium]_eligens_group;s__	0.9950342292586403
6b23bda3b09b461e96852349d04639f8	d__Bacteria;p__Firmicutes;c__Clostridia;o__Oscillospirales;f__Ruminococcaceae;g__Faecalibacterium;s__	0.9997113133995069
bd52083e0a90e281776a50fac955e7a3	d__Bacteria;p__Bacteroidota;c__Bacteroidia;o__Bacteroidales;f__Porphyromonadaceae;g__Porphyromonas;s__	0.9992479835377505
cafafbef112a3fc9428634480633f468	d__Bacteria;p__Bacteroidota;c__Bacteroidia;o__Bacteroidales;f__Marinifilaceae;g__Butyricimonas;s__	0.9999998019888264
0da95dde05e4d2816f1bee15b63fa62a	d__Bacteria;p__Actinobacteriota;c__Coriobacteriia;o__Coriobacteriales;f__Eggerthellaceae;g__Enterorhabdus;s__	0.9979670880904682
7518e538d491c4c55150b49e631fae00	d__Bacteria;p__Firmicutes;c__Negativicutes;o__Acidaminococcales;f__Acidaminococcaceae;g__Phascolarctobacterium;s__	0.9990734714318197
4c4b8cd5c232cb47c5616e7f42ab1a8f	d__Bacteria;p__Bacteroidota;c__Bacteroidia;o__Bacteroidales;f__Rikenellaceae;g__Alistipes;s__	0.987857442218259
2ce0e1fdb7b56179e3a07cfde53bad43	d__Bacteria;p__Firmicutes;c__Clostridia;o__Lachnospirales;f__Lachnospiraceae	0.9988473858776717
f5bc4dceb586120f65d4064148e4651c	d__Bacteria;p__Firmicutes;c__Clostridia;o__Oscillospirales;f__Ruminococcaceae;g__Faecalibacterium;s__	0.999624073287853
dae4bbd860bd2d4c7e0eb1ae708dba46	d__Bacteria;p__Bacteroidota;c__Bacteroidia;o__Bacteroidales;f__Prevotellaceae;g__Prevotella;s__	0.9913144301311146
de937d08298acbc2203ad9d1923f1a30	d__Bacteria;p__Firmicutes;c__Clostridia;o__Oscillospirales;f__Ruminococcaceae	0.7936576051981264
5d983615c522a2e97a0ce37eed68a391	d__Bacteria;p__Bacteroidota;c__Bacteroidia;o__Bacteroidales;f__Prevotellaceae;g__Prevotella;s__	0.9834742520130316
c37d5a316a5c99f2badfc5d0d44d4a95	d__Bacteria;p__Firmicutes;c__Clostridia;o__Lachnospirales;f__Lachnospiraceae;g__Anaerostipes;s__	0.9857274918446475
0c2e82b1f4c874992bc172fb945a71a9	d__Bacteria;p__Firmicutes;c__Clostridia;o__Lachnospirales;f__Lachnospiraceae	0.995136459588424
608f3404beb375a9457a4de32389cfeb	d__Bacteria;p__Firmicutes;c__Clostridia;o__Monoglobales;f__Monoglobaceae;g__Monoglobus;s__	0.9974043803463076
4c8c80fad7b431cafc8542c2479c01be	d__Bacteria;p__Firmicutes;c__Clostridia;o__Oscillospirales	0.8258853861869296
a66d165a51e1f2bb6ea39b3744087689	d__Bacteria;p__Bacteroidota;c__Bacteroidia;o__Bacteroidales;f__Tannerellaceae;g__Parabacteroides;s__	0.9997314585351714
e2bb48371f089ade0ecd78172088edef	d__Bacteria;p__Firmicutes;c__Clostridia;o__Lachnospirales;f__Lachnospiraceae	0.9985123095554973
cbe2eee43ce525f3dca69a5de86eefd9	d__Bacteria;p__Bacteroidota;c__Bacteroidia;o__Bacteroidales;f__Tannerellaceae;g__Parabacteroides;s__	0.9995255745129727
ad71af82348306f0f6d1b4c906f18de6	d__Bacteria;p__Firmicutes;c__Clostridia;o__Lachnospirales;f__Lachnospiraceae;g__Blautia;s__	0.9290970990383179
13ca0771aa86c6319a49292de7e38f3f	d__Bacteria;p__Firmicutes;c__Clostridia;o__Lachnospirales;f__Lachnospiraceae	0.9972629278523389
d91f25c7f6338e43ca1623c3bb903017	d__Bacteria;p__Firmicutes;c__Clostridia;o__Lachnospirales;f__Lachnospiraceae;g__Blautia;s__	0.8902787491143204
59575423959cf3d302c20f3dfb8ca6df	d__Bacteria;p__Firmicutes;c__Clostridia;o__Oscillospirales;f__Ruminococcaceae;g__Faecalibacterium;s__	0.9958592912781064
674e823e1ee14942014ee27c6ef8cf97	d__Bacteria;p__Firmicutes;c__Clostridia;o__Lachnospirales;f__Lachnospiraceae;g__Agathobacter;s__	0.9844367236761071
5fe00b7685d61d2c3d8ddc8cb47d4468	d__Bacteria;p__Firmicutes;c__Clostridia;o__Lachnospirales;f__Lachnospiraceae;g__Fusicatenibacter;s__	0.9199351656547782
1b334e4edd9b294b4afcb7b5bf629b43	d__Bacteria;p__Firmicutes;c__Clostridia;o__Oscillospirales;f__Ruminococcaceae;g__Faecalibacterium;s__	0.9976694974775966
c9ef30ec792ff5d2c5264f127b45fe5d	d__Bacteria;p__Firmicutes;c__Clostridia;o__Lachnospirales;f__Lachnospiraceae;g__Lachnospira;s__	0.9639157070114315
6cd912aae466eb6ef0be756b6199b02d	d__Bacteria;p__Bacteroidota;c__Bacteroidia;o__Bacteroidales;f__Marinifilaceae;g__Odoribacter;s__	0.999985599268735
3358ec0520d2a44ada5632086283acd2	d__Bacteria;p__Firmicutes;c__Clostridia;o__Oscillospirales;f__Ruminococcaceae;g__Fournierella;s__	0.9983029394640168
bc88c16c87ce90842086a38e75b29b07	d__Bacteria;p__Firmicutes;c__Clostridia;o__Lachnospirales;f__Lachnospiraceae;g__Blautia;s__	0.9626642590415204
6fff6bed0e0c4d1328ad78bd385d1c19	d__Bacteria;p__Firmicutes;c__Clostridia;o__Oscillospirales	0.8833409056234138
ff22d893898c771a96cb445d8636fdef	d__Bacteria;p__Firmicutes;c__Clostridia;o__Lachnospirales;f__Lachnospiraceae;g__Dorea;s__	0.8410218623015018
255495c0952370755acc050a506c08c2	d__Bacteria;p__Firmicutes;c__Clostridia;o__Lachnospirales;f__Lachnospiraceae;g__Dorea;s__	0.918595505330886
b913b770e3c0d11815d9d7969906a2fe	d__Bacteria;p__Bacteroidota;c__Bacteroidia;o__Bacteroidales;f__Marinifilaceae;g__Butyricimonas;s__	0.9999997505706828
394829adffbe31ac5c8fc233cddc5c78	d__Bacteria;p__Firmicutes;c__Clostridia;o__Oscillospirales	0.8766593967228598
e96f2dd0c5cbbd9980a27247e3f0fd0a	d__Bacteria;p__Firmicutes;c__Clostridia;o__Lachnospirales;f__Lachnospiraceae;g__[Ruminococcus]_torques_group;s__	0.8355163182892239
309f80997de53f274c9a5700ad19e4ac	d__Bacteria;p__Firmicutes;c__Clostridia;o__Lachnospirales;f__Lachnospiraceae;g__[Eubacterium]_hallii_group;s__	0.9751535719285387
2344239a1aa110c672d3a7c4f6f88503	d__Bacteria;p__Firmicutes;c__Clostridia;o__Lachnospirales;f__Lachnospiraceae	0.9983973300125648
d7037b1b970a73eb05f7e5523f77a058	d__Bacteria;p__Firmicutes;c__Clostridia;o__Lachnospirales;f__Lachnospiraceae	0.998668630402178
0ae1bb8b5bd75c65e60950175ff9472f	d__Bacteria;p__Firmicutes;c__Clostridia;o__Oscillospirales;f__Oscillospiraceae	0.9949144041487744
72ef4ca2434def12afbbd78cdefefe17	d__Bacteria;p__Firmicutes;c__Clostridia;o__Lachnospirales;f__Lachnospiraceae;g__Blautia;s__	0.893338607315467
46d38a367dc722ef961bdb9800c54026	d__Bacteria;p__Firmicutes;c__Clostridia;o__Christensenellales;f__Christensenellaceae;g__Christensenellaceae_R-7_group;s__	0.795208863952541
97fbb2601cc8599854387bc407981431	d__Bacteria;p__Firmicutes;c__Negativicutes;o__Veillonellales-Selenomonadales;f__Selenomonadaceae;g__Mitsuokella;s__	0.999620560943732
2752d99af34d881c2283f25a41eacf29	d__Bacteria;p__Firmicutes;c__Negativicutes;o__Veillonellales-Selenomonadales;f__Selenomonadaceae;g__Mitsuokella;s__	0.9991258175394855
e9d3c3bde9e2d7028564059d39d44109	d__Bacteria;p__Firmicutes;c__Clostridia;o__Lachnospirales;f__Lachnospiraceae;g__Agathobacter;s__	0.9754109724170942
ec81c96669b30d1925d285e449178816	d__Bacteria;p__Firmicutes;c__Negativicutes;o__Veillonellales-Selenomonadales;f__Veillonellaceae;g__Megasphaera;s__	0.999856965362404
593b2cabc03226ad388b9b5490e0a87c	d__Bacteria;p__Firmicutes;c__Clostridia;o__Oscillospirales;f__Ruminococcaceae;g__Faecalibacterium;s__	0.9995319806365912
0934ad646dfe5a2c328826785ee3eee1	d__Bacteria;p__Firmicutes;c__Clostridia;o__Oscillospirales;f__Oscillospiraceae;g__UCG-002;s__	0.9848984239572603
53feb41843bdbcc292b8a2c9322269fc	d__Bacteria;p__Firmicutes;c__Clostridia;o__Lachnospirales;f__Lachnospiraceae;g__Blautia;s__	0.9682649204780759
8c6975edf179ee4d08e9008ee9afee98	d__Bacteria;p__Bacteroidota;c__Bacteroidia;o__Bacteroidales;f__Tannerellaceae;g__Parabacteroides;s__	0.8963374518348428
b546b790aa58a6c89810b61ebc161db5	d__Bacteria;p__Firmicutes;c__Negativicutes;o__Veillonellales-Selenomonadales;f__Veillonellaceae;g__Megasphaera;s__	0.9999878127884744
8cec7afa994be6276b29645a57aa34bf	d__Bacteria;p__Firmicutes;c__Clostridia;o__Lachnospirales;f__Lachnospiraceae;g__[Eubacterium]_eligens_group;s__	0.9990278930392487
23a06c8b42f519866ea5a98adcd4b509	d__Bacteria;p__Firmicutes;c__Clostridia;o__Lachnospirales;f__Lachnospiraceae;g__Anaerostipes;s__	0.9989202011978746
0144e3b55f1d99cbc2c44fb26b19f2d6	d__Bacteria;p__Bacteroidota;c__Bacteroidia;o__Bacteroidales;f__Bacteroidaceae;g__Bacteroides;s__	0.9998278064042087
46c35db5d1c2ffa8708de361cd0a07f4	d__Bacteria;p__Firmicutes;c__Negativicutes;o__Veillonellales-Selenomonadales;f__Selenomonadaceae;g__Mitsuokella;s__	0.9989293958458164
242f3ccd901fe53fc0126ee39b7116f2	d__Bacteria;p__Bacteroidota;c__Bacteroidia;o__Bacteroidales;f__Prevotellaceae;g__Prevotella_9;s__	0.9999670032558052
485a3b71cae108f13e73fbda3ba1717d	d__Bacteria;p__Proteobacteria;c__Gammaproteobacteria;o__Burkholderiales;f__Sutterellaceae;g__Sutterella;s__	0.983856434648132
449708f67b22c6b43a8a74848528496e	d__Bacteria;p__Actinobacteriota;c__Coriobacteriia;o__Coriobacteriales;f__Eggerthellaceae;g__uncultured;s__	0.9973170118011764
1d07f2607fa276b9f6f76362eacce5c8	d__Bacteria;p__Firmicutes;c__Clostridia;o__Christensenellales;f__Christensenellaceae;g__Christensenellaceae_R-7_group;s__	0.9472253021751094
13689776ec08d96c5ee1a76ae6e62757	d__Bacteria;p__Firmicutes;c__Clostridia;o__Oscillospirales;f__Oscillospiraceae;g__UCG-002;s__	0.9370835338128305
061a8f19daa55bd128f4be4d81ae8974	d__Bacteria;p__Proteobacteria;c__Gammaproteobacteria;o__Burkholderiales;f__Sutterellaceae;g__Sutterella;s__	0.9947186483395469
253192accfd072a6e064f462b226f924	d__Bacteria;p__Actinobacteriota;c__Coriobacteriia;o__Coriobacteriales;f__Atopobiaceae;g__Coriobacteriaceae_UCG-003;s__	0.9494698320125096
39eab573cdf5f10dce9a49c75188e097	d__Bacteria;p__Bacteroidota;c__Bacteroidia;o__Bacteroidales;f__Bacteroidaceae;g__Bacteroides;s__	0.9984393474755376
8bbc37b0fe3a6bf536bf60dfd7993311	d__Bacteria;p__Firmicutes;c__Clostridia;o__Oscillospirales;f__Oscillospiraceae;g__NK4A214_group;s__	0.9335043006281136
fc83ead09a6376dc36262068b19c0a27	d__Bacteria;p__Firmicutes;c__Clostridia	0.8526713930978831
d7356ee45d695320f33e9e9f06432d15	d__Bacteria;p__Firmicutes;c__Clostridia;o__Lachnospirales;f__Lachnospiraceae	0.9959887979114239
500d0d0157c61c608c54e87a0d17240e	d__Bacteria;p__Actinobacteriota;c__Coriobacteriia;o__Coriobacteriales;f__Coriobacteriaceae;g__Collinsella;s__	0.9997451479973625
27342958704f29a08b1eb165216f2370	d__Bacteria;p__Firmicutes;c__Clostridia;o__Christensenellales;f__Christensenellaceae;g__Christensenellaceae_R-7_group;s__	0.8390098572795602
90827632da509624ca7b6fb53a920371	d__Bacteria;p__Firmicutes;c__Negativicutes;o__Acidaminococcales;f__Acidaminococcaceae;g__Acidaminococcus;s__	0.9904718225522161
6d64c033a76606f8752133100963840c	d__Bacteria;p__Bacteroidota;c__Bacteroidia;o__Bacteroidales;f__Tannerellaceae;g__Parabacteroides;s__	0.9996627284639595
ae3e844852d8717a853b5aecbf2bd57b	d__Bacteria;p__Actinobacteriota;c__Coriobacteriia;o__Coriobacteriales;f__Eggerthellaceae;g__Slackia;s__	0.9996631957874448
4931792bff0a3de352828870bfdbd16d	d__Bacteria;p__Firmicutes;c__Negativicutes;o__Acidaminococcales;f__Acidaminococcaceae;g__Acidaminococcus;s__	0.9946840900201106
6d396a34728fef241d5454458c107f74	d__Bacteria;p__Firmicutes;c__Clostridia;o__Lachnospirales;f__Lachnospiraceae	0.9860701706629738
38360dffddeb4054a23316c0d123eeda	d__Bacteria;p__Firmicutes;c__Clostridia;o__Lachnospirales;f__Lachnospiraceae;g__Blautia;s__	0.9469826454510833
5f723447de03f683afa98b04c143ecce	d__Bacteria;p__Actinobacteriota;c__Coriobacteriia;o__Coriobacteriales;f__Eggerthellaceae;g__Slackia;s__	0.9996896559794546
0ac99ed686cdd992be4ff816b456b198	d__Bacteria;p__Firmicutes;c__Clostridia;o__Christensenellales;f__Christensenellaceae;g__Christensenellaceae_R-7_group;s__	0.7433002266156381
0b4f2afea09cdfb486f63585c5826c93	d__Bacteria;p__Fusobacteriota;c__Fusobacteriia;o__Fusobacteriales;f__Fusobacteriaceae;g__Fusobacterium;s__	0.9733229988931661
bef8ae9c13ea4fea7567c05d0813db8d	d__Bacteria;p__Fusobacteriota;c__Fusobacteriia;o__Fusobacteriales;f__Fusobacteriaceae;g__Fusobacterium;s__	0.9801129445986296
063982e266a01d8912ac373880ad09d6	d__Bacteria;p__Firmicutes;c__Clostridia;o__Lachnospirales;f__Lachnospiraceae;g__[Ruminococcus]_gnavus_group;s__	0.9743581122278604
4667544f0beabd0f0b2d203cf7a818a1	d__Bacteria;p__Bacteroidota;c__Bacteroidia;o__Bacteroidales;f__Tannerellaceae;g__Parabacteroides;s__	0.999661570388845
e143dcfc88548cd0f1718782fee2062e	d__Bacteria;p__Proteobacteria;c__Gammaproteobacteria;o__Enterobacterales;f__Pasteurellaceae;g__Haemophilus;s__	0.9808246712584882
1aa8ec564f715d5a39ccaf9091bd8b29	d__Bacteria;p__Firmicutes;c__Clostridia;o__Lachnospirales;f__Lachnospiraceae;g__[Eubacterium]_hallii_group;s__	0.9903581190204457
bb0207c4199674ae5bd5a38f0b74869a	d__Bacteria;p__Fusobacteriota;c__Fusobacteriia;o__Fusobacteriales;f__Fusobacteriaceae;g__Fusobacterium;s__	0.977471260498427
eec335fb8f80b639a86a3394be33325e	d__Bacteria;p__Firmicutes;c__Clostridia;o__Lachnospirales;f__Lachnospiraceae	0.9978881523535703
95149b3c08e0d5d6c1bac6d4a8660d01	d__Bacteria;p__Proteobacteria;c__Gammaproteobacteria;o__Burkholderiales;f__Sutterellaceae;g__Parasutterella;s__	0.999999604681669
edc1ed21db84af97ae29450beac52102	d__Bacteria;p__Firmicutes;c__Clostridia;o__Lachnospirales;f__Lachnospiraceae;g__Dorea;s__	0.9743987938981923
45e302e80a49d94c14c66e9cd5e70ea4	d__Bacteria;p__Proteobacteria;c__Gammaproteobacteria;o__Enterobacterales;f__Enterobacteriaceae	0.9615517692581674
926b88a82a3882d933b511b271bdc347	d__Bacteria;p__Firmicutes;c__Bacilli;o__Staphylococcales;f__Staphylococcaceae;g__Staphylococcus;s__	0.9999724403064407
43990229ea462a21469cf11480149685	d__Bacteria;p__Firmicutes;c__Bacilli;o__Lactobacillales;f__Streptococcaceae;g__Streptococcus;s__	0.999992395120186
d7c9a97ffdec64dad2d1bb5cdac2d652	d__Bacteria;p__Actinobacteriota;c__Actinobacteria;o__Actinomycetales;f__Actinomycetaceae;g__Actinomyces;s__	0.993286347243781
879a6741f18cf7e25a980d841e0a6e40	d__Bacteria;p__Firmicutes;c__Bacilli;o__Lactobacillales;f__Streptococcaceae;g__Streptococcus;s__	0.9998003171955514
27e623436a34b6a2b154f60f6a1bf2da	d__Bacteria;p__Firmicutes;c__Clostridia;o__Lachnospirales;f__Lachnospiraceae;g__Blautia;s__	0.9428008129467211
96cabd35b108629559c6269c6fe2e918	d__Bacteria;p__Firmicutes;c__Clostridia;o__Oscillospirales;f__Ruminococcaceae;g__Subdoligranulum;s__	0.9964626056455064
885f613f5a6d8954efd8c71b24577749	d__Bacteria;p__Firmicutes;c__Clostridia;o__Oscillospirales;f__Ruminococcaceae;g__Incertae_Sedis;s__	0.9524007508365367
b741c1486da45cf74ee2977a024c5876	d__Bacteria;p__Bacteroidota;c__Bacteroidia;o__Bacteroidales;f__Rikenellaceae;g__Alistipes;s__	0.9984726689358437
9e9e4ce96c758390e7cac4626b04118a	d__Bacteria;p__Bacteroidota;c__Bacteroidia;o__Bacteroidales;f__Tannerellaceae;g__Parabacteroides;s__	0.9997509743927717
ea3b97e1bbd7d96c29b508656f767e99	d__Bacteria;p__Bacteroidota;c__Bacteroidia;o__Bacteroidales;f__Tannerellaceae;g__Parabacteroides;s__	0.8172117815937003
07ea3d7fabcb33908fadafb9d635eec3	d__Bacteria;p__Firmicutes;c__Clostridia;o__Lachnospirales;f__Lachnospiraceae;g__Dorea;s__	0.9086608332704671
30dfa6b20b6bee9519813d8d828f3f05	d__Bacteria;p__Bacteroidota;c__Bacteroidia;o__Bacteroidales;f__Tannerellaceae;g__Parabacteroides;s__	0.8804277644783585
19c82ade4d63ea081267df19093ba507	d__Bacteria;p__Bacteroidota;c__Bacteroidia;o__Bacteroidales;f__Tannerellaceae;g__Parabacteroides;s__	0.959730351948168
977b4fefc1cfe146d8c60253b66ebf4e	d__Bacteria;p__Firmicutes;c__Clostridia;o__Lachnospirales;f__Lachnospiraceae	0.993135567677345
e881f996ccf4a7991a5595190cb207f5	d__Bacteria;p__Firmicutes;c__Clostridia;o__Lachnospirales;f__Lachnospiraceae	0.9994055942123043
414382ca560ca5a30cfa3182e197c87d	d__Bacteria;p__Firmicutes;c__Clostridia	0.7523813053483652
af2ffc44e48633edbf66c47b4a74ef7d	d__Bacteria;p__Firmicutes;c__Clostridia;o__Lachnospirales;f__Lachnospiraceae	0.9984225016885488
8a2deb753ab700b335419c02743b39b2	d__Bacteria;p__Firmicutes;c__Clostridia;o__Lachnospirales;f__Lachnospiraceae;g__[Eubacterium]_hallii_group;s__	0.8759080357405764
f672edc9a1566bae9bb593d5dd51ac13	d__Bacteria;p__Firmicutes;c__Clostridia	0.9915549109602804
628e97c588fd979813d26e1328bf5689	d__Bacteria;p__Firmicutes;c__Clostridia;o__Lachnospirales;f__Lachnospiraceae	0.9993416228564004
4b2d6addf55f29f820391b14983eef7f	d__Bacteria;p__Firmicutes;c__Clostridia	0.7479295716336835
f18794df164e2814bb4673959f266378	d__Bacteria;p__Firmicutes;c__Clostridia;o__Christensenellales;f__Christensenellaceae;g__Christensenellaceae_R-7_group;s__	0.7201769828893315
89a0482cb1f410315e100900a90acd44	d__Bacteria;p__Firmicutes;c__Clostridia;o__Peptococcales;f__Peptococcaceae	0.7155755087198477
160560b2b7c85a94a0626cea507dbcb7	d__Bacteria;p__Firmicutes;c__Clostridia;o__Lachnospirales;f__Lachnospiraceae	0.9944923482719423
9539407f517aad1dcf87662d696f96d7	d__Bacteria;p__Firmicutes;c__Clostridia	0.906515555158512
653949d500a2ceb2ea466c03e57bf441	d__Bacteria;p__Firmicutes;c__Clostridia;o__Peptococcales;f__Peptococcaceae;g__Peptococcus;s__	0.8134223373917189
4574f3485a95317dbd3ce30c82547fa4	d__Bacteria;p__Firmicutes;c__Clostridia;o__Lachnospirales;f__Lachnospiraceae;g__Lachnoclostridium;s__	0.7702427307469165
48e2fbeec1ee9b7eeafacdbdc89b6728	d__Bacteria;p__Firmicutes;c__Bacilli;o__Lactobacillales;f__Lactobacillaceae;g__Weissella;s__	0.9999996172851859
2e523f1de4a619cc0b74ebdb67571a80	d__Bacteria;p__Firmicutes;c__Clostridia;o__Oscillospirales;f__Ruminococcaceae;g__Faecalibacterium;s__	0.997168355522618
d8a7f8538502cddf56cc3230eeeebc62	d__Bacteria;p__Firmicutes;c__Clostridia;o__Oscillospirales;f__Ruminococcaceae;g__Incertae_Sedis;s__	0.8318792521241936
a16fa669a3ece22f393f5f62957d408e	d__Bacteria;p__Proteobacteria;c__Gammaproteobacteria;o__Burkholderiales;f__Sutterellaceae;g__Sutterella;s__	0.9998469848008633
e00975b57d24fc103dd3367975bd5cc9	d__Bacteria;p__Actinobacteriota;c__Coriobacteriia;o__Coriobacteriales;f__Coriobacteriaceae;g__Collinsella;s__	0.9997862386375833
6a99cd0bc453a9a0e0893d63c3c6eded	d__Bacteria;p__Firmicutes;c__Clostridia;o__Lachnospirales;f__Lachnospiraceae	0.9998665394198029
c7012fe9d2f2d9a46c70c3878bb34be0	d__Bacteria;p__Firmicutes;c__Clostridia;o__Lachnospirales;f__Lachnospiraceae	0.9989729643060086
b9ba0eb279d39ac07bd8f7fd78f1d0a9	d__Bacteria;p__Proteobacteria;c__Gammaproteobacteria;o__Burkholderiales;f__Sutterellaceae;g__Sutterella;s__	0.9998545387031461
c1cff02dc8600949e505666cc0d62901	d__Bacteria;p__Firmicutes;c__Clostridia;o__Lachnospirales;f__Lachnospiraceae;g__[Eubacterium]_hallii_group;s__	0.9935704453325925
c3358a395c8b73e2462032f43766715e	d__Bacteria;p__Firmicutes;c__Clostridia;o__Lachnospirales;f__Lachnospiraceae	0.9998586526527019
2c07854b28e7f7b167f9d30928d14cf5	d__Bacteria;p__Firmicutes;c__Clostridia;o__Lachnospirales;f__Lachnospiraceae;g__Lachnospiraceae_UCG-004;s__	0.7731439955239598
1363a813d053ef45eb67432155107459	d__Bacteria;p__Firmicutes;c__Clostridia;o__Lachnospirales;f__Lachnospiraceae	0.9999081079341022
fa1870204c34e556791b20411ede3e82	d__Bacteria;p__Firmicutes;c__Clostridia;o__Lachnospirales;f__Lachnospiraceae	0.9998126934582032
4f33acfc1727781721a1d12adee1459b	d__Bacteria;p__Firmicutes;c__Clostridia;o__Lachnospirales;f__Lachnospiraceae	0.9797282218047636
dc39b053c9e1a4b79b87800c68293e56	d__Bacteria;p__Firmicutes;c__Clostridia;o__Lachnospirales;f__Lachnospiraceae	0.9994300723316815
cd60817f14375daabbaa6920182b78ca	d__Bacteria;p__Firmicutes;c__Clostridia;o__Lachnospirales;f__Lachnospiraceae;g__Lachnospiraceae_UCG-004;s__	0.8991613516085213
b5c8143f52f89406bbba6c193b2fef80	d__Bacteria;p__Firmicutes;c__Clostridia;o__Lachnospirales;f__Lachnospiraceae	0.9958784125626733
5678b34a55d6e91374becba456342d04	d__Bacteria;p__Desulfobacterota;c__Desulfovibrionia;o__Desulfovibrionales;f__Desulfovibrionaceae;g__Desulfovibrio;s__	0.98124432588424
9cb222980dcd960228c763d527d9cb8e	d__Bacteria;p__Actinobacteriota;c__Coriobacteriia;o__Coriobacteriales;f__Coriobacteriaceae;g__Collinsella;s__	0.9998926265506
9609ad856d96dc3faeebf87172a82962	d__Bacteria;p__Firmicutes;c__Clostridia;o__Lachnospirales;f__Lachnospiraceae;g__Blautia;s__	0.8981712068973889
a3751d44596157fcfc8134c55d695edb	d__Bacteria;p__Firmicutes;c__Clostridia;o__Oscillospirales	0.8794825852851718
599b406a29858ba170a66e063abc43f5	d__Bacteria;p__Firmicutes;c__Clostridia;o__Lachnospirales;f__Lachnospiraceae	0.9980894459218447
2c36240c9b8c7f8d4a165f2436691b8a	d__Bacteria;p__Bacteroidota;c__Bacteroidia;o__Bacteroidales;f__Bacteroidaceae;g__Bacteroides;s__	0.996235823054252
49998c67fd4f9c779c175815941ab1d6	d__Bacteria;p__Firmicutes;c__Clostridia;o__Lachnospirales;f__Lachnospiraceae;g__Anaerostipes;s__	0.9836286995946281
eb81b9b605c7a0793fd76d0a6a22f0ef	d__Bacteria;p__Firmicutes;c__Clostridia;o__Oscillospirales;f__Ruminococcaceae;g__Faecalibacterium;s__	0.9988425871135047
82e73b3a6ec2b94b7ae47247e814a4b5	d__Bacteria;p__Desulfobacterota;c__Desulfovibrionia;o__Desulfovibrionales;f__Desulfovibrionaceae;g__Mailhella;s__	0.9976436508428614
9ed35e99bdb47705cdedd2edb5ab5a7c	d__Bacteria;p__Firmicutes;c__Clostridia;o__Lachnospirales;f__Lachnospiraceae;g__Lachnospira;s__	0.8929336841427097
4b92a785722f8ef3dc1ad5cab4e420df	d__Bacteria;p__Firmicutes;c__Clostridia;o__Lachnospirales;f__Lachnospiraceae;g__[Ruminococcus]_torques_group;s__	0.7203019462139872
e7cb3ef8af72f6de3093e318dc92457a	d__Bacteria;p__Firmicutes;c__Clostridia;o__Lachnospirales;f__Lachnospiraceae	0.9985165784368523
0a7fac9ddeb65e8a0e1566476f94fe61	d__Bacteria;p__Firmicutes;c__Clostridia;o__Lachnospirales;f__Lachnospiraceae;g__Fusicatenibacter;s__	0.9979193160987263
ae7cdbad57ab97b7672aaf7921843369	d__Bacteria;p__Firmicutes;c__Clostridia;o__Oscillospirales;f__Oscillospiraceae;g__UCG-005;s__	0.8310675627338976
07a6a8b87a085935fc6230c0a2445926	d__Bacteria;p__Firmicutes;c__Clostridia;o__Oscillospirales;f__Ruminococcaceae;g__Faecalibacterium;s__	0.9988900909366333
59c284fad84b5079ef723ce119b85fa6	d__Bacteria;p__Firmicutes;c__Clostridia	0.9240789708643913
29fe4d11b47010c5e44948001ee14bf1	d__Bacteria;p__Bacteroidota;c__Bacteroidia;o__Bacteroidales;f__Barnesiellaceae;g__Barnesiella;s__	0.963185321383951
8ac1181c80be399b27111af59e38e2c3	d__Bacteria;p__Firmicutes;c__Clostridia;o__Lachnospirales;f__Lachnospiraceae	0.9847824099888669
29bf24c856536358c9298a83bf006981	d__Bacteria;p__Firmicutes;c__Negativicutes;o__Acidaminococcales;f__Acidaminococcaceae;g__Phascolarctobacterium;s__	0.9982701977915377
14037f2f372227dc208d1b40e4a6a455	d__Bacteria;p__Firmicutes;c__Clostridia;o__Clostridia_UCG-014;f__Clostridia_UCG-014;g__Clostridia_UCG-014;s__	0.9999508740903474
3733ae9a082220e0271b59af8d4b5e40	d__Bacteria;p__Firmicutes;c__Clostridia	0.9629265130478759
9dce3ce9552264d0f56ab81a70b699e7	d__Bacteria;p__Firmicutes;c__Clostridia	0.9256677489255204
b166e4fec84298bd7abc75ae1d927e6e	d__Bacteria;p__Firmicutes;c__Clostridia;o__Lachnospirales;f__Lachnospiraceae	0.9991975644607617
63a490700033c618d5537642b3cab5e6	d__Bacteria;p__Firmicutes;c__Clostridia;o__Lachnospirales;f__Lachnospiraceae;g__Anaerostipes;s__	0.9980662726871197
43e1178dff8c2f141f0310940a0cc40b	d__Bacteria;p__Firmicutes;c__Clostridia;o__Clostridia_UCG-014;f__Clostridia_UCG-014;g__Clostridia_UCG-014;s__	0.9999514447659087
cf93a742f948999085cc7c2c9b7b8323	d__Bacteria;p__Desulfobacterota;c__Desulfovibrionia;o__Desulfovibrionales;f__Desulfovibrionaceae;g__Mailhella;s__	0.995717465032604
f9debb04d8c0d77a92c943eb74064bcf	d__Bacteria;p__Firmicutes;c__Clostridia	0.8977913144458126
d5b4c0876443e48c610c886be27462c2	d__Bacteria;p__Firmicutes;c__Clostridia;o__Lachnospirales;f__Lachnospiraceae;g__[Eubacterium]_hallii_group;s__	0.9800845782600447
d2fc8e70945f8a2e1c06d7cb41462f54	d__Bacteria;p__Firmicutes;c__Clostridia;o__Oscillospirales;f__Oscillospiraceae;g__UCG-002;s__	0.9615197478335384
2bddc1b1492fa1567d290fc5ca25c127	d__Bacteria;p__Firmicutes;c__Clostridia;o__Oscillospirales;f__Ruminococcaceae;g__Subdoligranulum;s__	0.9951608627704507
289b545d918b7a6f7cfee7540234bf99	d__Bacteria;p__Firmicutes;c__Clostridia;o__Lachnospirales;f__Lachnospiraceae	0.9862927905270449
2667797b8a6644680c1dd7450d0f7ab5	d__Bacteria;p__Bacteroidota;c__Bacteroidia;o__Bacteroidales;f__Barnesiellaceae;g__Barnesiella;s__	0.999974215036264
f1a7b6f9214cad43e4edcff7362b16cd	d__Bacteria;p__Firmicutes;c__Clostridia;o__Lachnospirales;f__Lachnospiraceae;g__[Eubacterium]_hallii_group;s__	0.9969059486308158
a7b32437af23bc240476bf855d3a284b	d__Bacteria;p__Firmicutes;c__Clostridia;o__Clostridia_vadinBB60_group;f__Clostridia_vadinBB60_group;g__Clostridia_vadinBB60_group;s__	0.9444814568505941
c7ca3ae5fc30aca69680c511d17880e6	d__Bacteria;p__Firmicutes;c__Clostridia;o__Lachnospirales;f__Lachnospiraceae;g__[Eubacterium]_hallii_group;s__	0.9894573864009487
33194bb860b5b01b4642f4bb14e1bdaa	d__Bacteria;p__Firmicutes;c__Clostridia;o__Lachnospirales;f__Lachnospiraceae;g__[Eubacterium]_hallii_group;s__	0.9941636241669821
6e58fd2d4a81fb9c93ca81ead8163324	d__Bacteria;p__Firmicutes;c__Clostridia;o__Oscillospirales;f__Oscillospiraceae;g__UCG-002;s__	0.9888983448005144
0de3a2308642febdb573cddd640ef3c4	d__Bacteria;p__Firmicutes;c__Clostridia;o__Oscillospirales;f__Oscillospiraceae;g__UCG-002;s__	0.9674176758632183
b482d24beb6dd1d58caee7a1b127fbb4	d__Bacteria;p__Firmicutes;c__Clostridia;o__Oscillospirales;f__Oscillospiraceae;g__UCG-005;s__	0.9229866622505909
02f2f7fb4d4a79c3ef937064b1697d38	d__Bacteria;p__Firmicutes;c__Clostridia;o__Lachnospirales;f__Lachnospiraceae;g__[Ruminococcus]_gnavus_group;s__	0.9872963615429298
a510b476b871965de422574dda22035b	d__Bacteria;p__Firmicutes;c__Clostridia	0.9951981398426843
bfe21b441f0376682e4911197cbce01a	d__Bacteria;p__Firmicutes;c__Clostridia;o__Lachnospirales;f__Lachnospiraceae;g__Lachnospiraceae_UCG-004;s__	0.8029556672290797
6358b679621389b33670ff6fbf82f433	d__Bacteria;p__Firmicutes;c__Clostridia;o__Oscillospirales;f__Ruminococcaceae;g__Faecalibacterium;s__	0.9987528367692853
69d905d31e7cf849c3860a8c8e048f9f	d__Bacteria;p__Firmicutes;c__Bacilli;o__RF39;f__RF39;g__RF39;s__	0.9789852753901698
a13b6df0f49f8e1b49e0559dd6886e70	d__Bacteria;p__Bacteroidota;c__Bacteroidia;o__Bacteroidales;f__Marinifilaceae;g__Butyricimonas;s__	0.9999998521600271
571b37ed3a69bf440159851eb900ab3c	d__Bacteria;p__Firmicutes;c__Clostridia;o__Lachnospirales;f__Lachnospiraceae;g__Blautia;s__	0.9065829189729585
3ac928eb2f1b1828ebea2acb533e7155	d__Bacteria;p__Firmicutes;c__Clostridia;o__Lachnospirales;f__Lachnospiraceae;g__[Ruminococcus]_gnavus_group;s__	0.9334511563593356
dc583ef1db04c56673a0af7453f8515c	d__Bacteria;p__Firmicutes;c__Clostridia;o__Oscillospirales;f__Ruminococcaceae;g__uncultured;s__	0.7461925788656327
4f40ab0f1b2b773bb35acd5735c3eb81	d__Bacteria;p__Bacteroidota;c__Bacteroidia;o__Bacteroidales;f__Prevotellaceae;g__Prevotella_9;s__	0.9999608707884282
3891a8e532e3ff09cbba7dc0e6c5bde5	d__Bacteria;p__Bacteroidota;c__Bacteroidia;o__Bacteroidales;f__Prevotellaceae;g__Prevotella;s__	0.988705982603333
220b6f96bfa08d5120c0914f19896e65	d__Bacteria;p__Bacteroidota;c__Bacteroidia;o__Bacteroidales;f__Prevotellaceae;g__Prevotella;s__	0.98626540616883
190bcac0cba7754f5feb66121079b85f	d__Bacteria;p__Bacteroidota;c__Bacteroidia;o__Bacteroidales;f__Prevotellaceae;g__Prevotella;s__	0.9885528570752388
bff1fdcf3c820f6dc49e51ae25e92042	d__Bacteria;p__Actinobacteriota;c__Actinobacteria;o__Bifidobacteriales;f__Bifidobacteriaceae;g__Bifidobacterium;s__	0.9981661564143237
3f77e3d00276429551013f212d28ba9b	d__Bacteria;p__Bacteroidota;c__Bacteroidia;o__Bacteroidales;f__Prevotellaceae;g__Prevotella_9;s__	0.9999434231842652
4f0571524419aabf5673b49adae81e38	d__Bacteria;p__Bacteroidota;c__Bacteroidia;o__Bacteroidales;f__Prevotellaceae;g__Prevotella_9;s__	0.9998966222113971
88d717bc61ba7532d77e6e5646336a86	d__Bacteria;p__Firmicutes;c__Negativicutes;o__Acidaminococcales;f__Acidaminococcaceae;g__Phascolarctobacterium;s__	0.9996168097612775
b32ed1a30b6a7b57fb494691a0e2d93c	d__Bacteria;p__Bacteroidota;c__Bacteroidia;o__Bacteroidales;f__Prevotellaceae;g__Prevotella_9;s__	0.9994601836985445
8f90d91f62ef4d581e9ea7905c44c2bf	d__Bacteria;p__Bacteroidota;c__Bacteroidia;o__Bacteroidales;f__Prevotellaceae;g__Prevotella_9;s__	0.999615617434159
f4593a0df4de9ac46ec57b402095aeb5	d__Bacteria;p__Actinobacteriota;c__Coriobacteriia;o__Coriobacteriales;f__Atopobiaceae;g__Libanicoccus;s__	0.9999979091362805
9fe2238f6acca7ffeb047945bfb64c84	d__Bacteria;p__Firmicutes;c__Clostridia;o__Oscillospirales;f__Ruminococcaceae;g__Faecalibacterium;s__	0.9994019825928071
16e94d13ec6e08eb308a8e450dc087e8	d__Bacteria;p__Bacteroidota;c__Bacteroidia;o__Bacteroidales;f__Prevotellaceae;g__Prevotella_9;s__	0.9999297832416247
3f671c69efe36f8e234c0c85d379f3df	d__Bacteria;p__Bacteroidota;c__Bacteroidia;o__Bacteroidales;f__Prevotellaceae;g__Prevotella_9;s__	0.9999881980739319
ca65d3deb93e59f33601b73f92ce3eb6	d__Bacteria	0.9950655127108688
7f7d870a1a1e751de7668072782aaf17	d__Bacteria;p__Fusobacteriota;c__Fusobacteriia;o__Fusobacteriales;f__Fusobacteriaceae;g__Fusobacterium;s__	0.9573768080516385
7bd7ae68d8000d7ba06a1c8c27271415	d__Bacteria;p__Bacteroidota;c__Bacteroidia;o__Bacteroidales;f__Bacteroidaceae;g__Bacteroides;s__	0.9985339506298782
b438b80126d99bbb87bf24406113fc80	d__Bacteria;p__Fusobacteriota;c__Fusobacteriia;o__Fusobacteriales;f__Fusobacteriaceae;g__Fusobacterium;s__	0.9403919535713556
0598c3fdb49ef76ec61a7df1df0e0953	d__Bacteria;p__Firmicutes;c__Clostridia;o__Oscillospirales;f__Ruminococcaceae;g__Faecalibacterium;s__	0.999355615456447
960c73590d07ad33643b76e9c79c836e	d__Bacteria;p__Firmicutes;c__Clostridia;o__Lachnospirales;f__Lachnospiraceae;g__Blautia;s__	0.9179477986010779
a4a2076dcd99e3777ca2266a10b4d888	d__Bacteria;p__Firmicutes;c__Clostridia;o__Lachnospirales;f__Lachnospiraceae;g__Lachnospiraceae_UCG-004;s__	0.8445702235263248
c3241f455c1396c1c481a6785d45b12b	d__Bacteria;p__Actinobacteriota;c__Coriobacteriia;o__Coriobacteriales;f__Coriobacteriaceae;g__Collinsella;s__	0.9932103672040062
7b44cd4e575a52ea9ffc9c4ed458c11c	d__Bacteria;p__Bacteroidota;c__Bacteroidia;o__Bacteroidales;f__Prevotellaceae;g__Prevotella_9;s__	0.9998881632851581
96a8cc6a5aa609159e5b98e66b936ce8	d__Bacteria;p__Firmicutes;c__Clostridia;o__Lachnospirales;f__Lachnospiraceae;g__[Ruminococcus]_gauvreauii_group;s__	0.8909860488223649
afb741a8b825b1859936532268289aba	d__Bacteria;p__Firmicutes;c__Clostridia;o__Lachnospirales;f__Lachnospiraceae;g__Fusicatenibacter;s__	0.9983863055975621
76f577c178e1e308bf8f1cf6403fca17	d__Bacteria;p__Firmicutes;c__Bacilli;o__Erysipelotrichales;f__Erysipelotrichaceae;g__Dielma;s__	0.9998995850763961
460409d917cf92e250e6d5bee0cef780	d__Bacteria;p__Firmicutes;c__Clostridia;o__Oscillospirales;f__Ruminococcaceae	0.7667096760928442
641d22c58dc56e4abe3f46754982f22e	d__Bacteria;p__Firmicutes;c__Clostridia;o__Lachnospirales;f__Lachnospiraceae;g__Fusicatenibacter;s__	0.915650201643374
15568c2730855f5c74f1b14b30d10c23	d__Bacteria;p__Firmicutes;c__Clostridia;o__Oscillospirales;f__Ruminococcaceae;g__Faecalibacterium;s__	0.9996354349901101
b68fa395ef0a7a93d589f41a5fe6d4d9	d__Bacteria;p__Firmicutes;c__Clostridia;o__Lachnospirales;f__Lachnospiraceae	0.9682537798795616
9c32284873149452aea681f264d885be	d__Bacteria;p__Firmicutes;c__Clostridia;o__Lachnospirales;f__Lachnospiraceae	0.9914419638963036
d81132e17575564a8c93ab3272f967bf	d__Bacteria;p__Firmicutes;c__Bacilli;o__RF39;f__RF39;g__RF39;s__	0.9864137836782247
383df574c4e882b3907ace708635df89	d__Bacteria;p__Firmicutes;c__Clostridia;o__Lachnospirales;f__Lachnospiraceae;g__Fusicatenibacter;s__	0.9162867647367419
4f902807dee40f13b316ac0aa0715f74	d__Bacteria;p__Firmicutes;c__Clostridia;o__Lachnospirales;f__Lachnospiraceae	0.9998324004524273
2152a66ea51ff02599d02d81ca5b33d0	d__Bacteria;p__Firmicutes;c__Clostridia;o__Lachnospirales;f__Lachnospiraceae	0.999572195403179
e80392e8f149129f042c53b3ff946cf1	d__Bacteria;p__Firmicutes;c__Clostridia;o__Lachnospirales;f__Lachnospiraceae;g__Fusicatenibacter;s__	0.7732980319629381
6d4a5c0b1f2326d02bf5cbb258bbaf69	d__Bacteria;p__Firmicutes;c__Clostridia;o__Lachnospirales;f__Lachnospiraceae;g__Fusicatenibacter;s__	0.8694816856974631
d038b0f0e642e88bbbdf8624cff3ce64	d__Bacteria;p__Bacteroidota;c__Bacteroidia;o__Bacteroidales;f__Bacteroidaceae;g__Bacteroides;s__	0.9995562674702851
67b62eb1d0ac8ffb353c04c015a7c304	d__Bacteria;p__Firmicutes;c__Clostridia;o__Lachnospirales;f__Lachnospiraceae;g__[Ruminococcus]_gauvreauii_group;s__	0.7418015662697296
a4c55fc8651bb78d54cada26574fe140	d__Bacteria;p__Firmicutes;c__Clostridia;o__Christensenellales;f__Christensenellaceae;g__Christensenellaceae_R-7_group;s__	0.9285889210629664
12e0c55adc9dd08cf7d1e06bbe936f59	d__Bacteria;p__Firmicutes;c__Clostridia;o__Lachnospirales;f__Lachnospiraceae	0.999887745137021
7e61140f5d09d3ce294406de33e5b908	d__Bacteria;p__Firmicutes;c__Clostridia;o__Christensenellales;f__Christensenellaceae;g__Christensenellaceae_R-7_group;s__	0.9459466401695907
d780b59f1f2b87b88f02b46e0c1ad707	d__Bacteria;p__Firmicutes;c__Clostridia;o__Lachnospirales;f__Lachnospiraceae;g__Blautia;s__	0.8022001727107722
c5ca0a219a4b01d70d1f06c685497b57	d__Bacteria;p__Firmicutes;c__Clostridia;o__Lachnospirales;f__Lachnospiraceae;g__[Eubacterium]_hallii_group;s__	0.9060205070366508
0f1351d4a30ecc7612eece75ab31cdae	d__Bacteria;p__Firmicutes;c__Clostridia;o__Christensenellales;f__Christensenellaceae;g__Christensenellaceae_R-7_group;s__	0.9396576114794629
21c50da882cc4f510efd7307bd23c9b6	d__Bacteria;p__Firmicutes;c__Clostridia	0.8436104847258967
69a50002f6e1318e4d6bcf5d2806b404	d__Bacteria;p__Firmicutes;c__Clostridia;o__Lachnospirales;f__Lachnospiraceae	0.9994262316301336
9d18803827ed10594f2b01af46864dcc	d__Bacteria;p__Firmicutes;c__Bacilli;o__Erysipelotrichales;f__Erysipelotrichaceae;g__Merdibacter;s__	0.9999108560189212
91a7039381af626489816b639d355f2f	d__Bacteria;p__Firmicutes;c__Clostridia;o__Monoglobales;f__Monoglobaceae;g__Monoglobus;s__	0.9228806623169243
7954d8d7ed8d2927197aeeef9e951a80	d__Bacteria;p__Firmicutes;c__Clostridia;o__Oscillospirales;f__Ruminococcaceae;g__Fournierella;s__	0.9931789409343458
36ccbfd947ec065fdbe42e159b5406e1	d__Bacteria;p__Firmicutes;c__Clostridia;o__Christensenellales;f__Christensenellaceae;g__Christensenellaceae_R-7_group;s__	0.9164772527348553
6d03373c00d3e81f72fe8d5225e83a9a	d__Bacteria;p__Firmicutes;c__Clostridia;o__Lachnospirales;f__Lachnospiraceae	0.9992998712952285
0630afbe6f447c359ff43428926d779c	d__Bacteria;p__Firmicutes;c__Clostridia	0.9640570236799494
6c76960d88435eede164cf831bf316e9	d__Bacteria;p__Firmicutes;c__Clostridia;o__Lachnospirales;f__Lachnospiraceae;g__[Ruminococcus]_gnavus_group;s__	0.9566444521179382
be0d89d5daf917dc6d0635dcb881473e	d__Bacteria;p__Firmicutes;c__Clostridia	0.9905407308461868
f3818e4c13d3480e1481a5d67c1232df	d__Bacteria;p__Bacteroidota;c__Bacteroidia;o__Bacteroidales	0.9992784147748844
f7b8e99a9a1e894b20a5aee2558cc270	d__Bacteria;p__Proteobacteria;c__Gammaproteobacteria;o__Enterobacterales;f__Enterobacteriaceae;g__Escherichia-Shigella;s__	0.7749096768123048
53a88e7e9f64344dfe6c4c07741da1b6	d__Bacteria;p__Actinobacteriota;c__Actinobacteria;o__Bifidobacteriales;f__Bifidobacteriaceae;g__Bifidobacterium;s__	0.9991070823298047
b4353d8757e34627db1488e51ed8a8f7	d__Bacteria;p__Bacteroidota;c__Bacteroidia;o__Bacteroidales;f__Prevotellaceae;g__Prevotellaceae_NK3B31_group;s__	0.9972439825965739
84c34b88ec56ecc110d4916a48cda232	d__Bacteria;p__Firmicutes;c__Clostridia;o__Oscillospirales;f__Ruminococcaceae;g__Faecalibacterium;s__	0.9987907052247592
57f4909688fe9041f6a834c55dff461a	d__Bacteria;p__Firmicutes;c__Clostridia;o__Oscillospirales;f__Ruminococcaceae;g__Faecalibacterium;s__	0.9996264527419242
bd213eab0c84d299044c44f2b0d47699	d__Bacteria;p__Bacteroidota;c__Bacteroidia;o__Bacteroidales;f__Prevotellaceae;g__Prevotellaceae_NK3B31_group;s__	0.9989161736625256
4b4143c6328d805de045e0fe06bdeef8	d__Bacteria;p__Bacteroidota;c__Bacteroidia;o__Bacteroidales;f__Bacteroidaceae;g__Bacteroides;s__	0.8413520718685951
5db89863e419580b84ef09d5928af5bb	d__Bacteria;p__Firmicutes;c__Bacilli;o__Erysipelotrichales;f__Erysipelatoclostridiaceae;g__Erysipelotrichaceae_UCG-003;s__	0.9999997126333668
6372842c3dd7a62848715f00aded758f	d__Bacteria;p__Firmicutes;c__Clostridia;o__Oscillospirales;f__Ruminococcaceae;g__Subdoligranulum;s__	0.9879281404789858
52d300c8d65f512f294f9b529540f578	d__Bacteria;p__Bacteroidota;c__Bacteroidia;o__Bacteroidales;f__Prevotellaceae;g__Paraprevotella;s__	0.9999833524600508
e54e8cce466f45c9423c3f9746b2dfdd	d__Bacteria;p__Firmicutes;c__Clostridia;o__Oscillospirales;f__Ruminococcaceae;g__Faecalibacterium;s__	0.9992165505828736
9ec5a3c1fa5cf0ac8db1789e41dffe5e	d__Bacteria;p__Bacteroidota;c__Bacteroidia;o__Bacteroidales;f__Prevotellaceae;g__Paraprevotella;s__	0.9999752481681436
ff225f6cd45a8a7b0585dea630d7d698	d__Bacteria;p__Bacteroidota;c__Bacteroidia;o__Bacteroidales;f__Bacteroidaceae;g__Bacteroides;s__	0.9670748975687466
b7d3ed96112be6c91354d22711737fea	d__Bacteria;p__Bacteroidota;c__Bacteroidia;o__Bacteroidales;f__Bacteroidaceae;g__Bacteroides;s__	0.7225867560577691
9a46a51ab8ec3061e69778b8358250fb	d__Bacteria;p__Firmicutes;c__Clostridia;o__Oscillospirales;f__Ruminococcaceae;g__Subdoligranulum;s__	0.99856804400235
b1dc5fdc3cc8bf02e972be27d7177222	d__Bacteria;p__Firmicutes;c__Negativicutes;o__Acidaminococcales;f__Acidaminococcaceae;g__Phascolarctobacterium;s__	0.996682610350721
9ffb43cfadc7b9c1a1dc783822144b2a	d__Bacteria;p__Firmicutes;c__Clostridia;o__Lachnospirales;f__Lachnospiraceae;g__[Ruminococcus]_gauvreauii_group;s__	0.8612809375397448
dfbc18debdc5d76ae59d155c33712478	d__Bacteria;p__Firmicutes;c__Clostridia;o__Lachnospirales;f__Lachnospiraceae;g__Fusicatenibacter;s__	0.9953273269474762
54b3651af8beb6f50866fae53acb15c9	d__Bacteria;p__Bacteroidota;c__Bacteroidia;o__Bacteroidales;f__Muribaculaceae;g__Muribaculaceae;s__	0.7144162008057956
7be1673f6657679d212cabc17b26c8ef	d__Bacteria;p__Firmicutes;c__Clostridia;o__Oscillospirales;f__Ruminococcaceae;g__Subdoligranulum;s__	0.9964223197233627
a2fef21a382dd5e9bf35794ec0e6fd60	d__Bacteria;p__Firmicutes;c__Negativicutes;o__Acidaminococcales;f__Acidaminococcaceae;g__Phascolarctobacterium;s__	0.9984800173826763
53617924d96aae4cb8bc4446814ceac0	d__Bacteria;p__Firmicutes;c__Clostridia;o__Lachnospirales;f__Lachnospiraceae;g__Dorea;s__	0.8798808725423868
cfef30e430a8c837ff0c53d090de56d4	d__Bacteria;p__Firmicutes;c__Negativicutes;o__Acidaminococcales;f__Acidaminococcaceae;g__Phascolarctobacterium;s__	0.998803451445483
ff77fd1e1aabb612a4fe922631364d95	d__Bacteria;p__Bacteroidota;c__Bacteroidia;o__Bacteroidales;f__Prevotellaceae;g__Paraprevotella;s__	0.9999742405062484
2570cd9e496a3f9dd1ea1a02c7070a15	d__Bacteria;p__Proteobacteria;c__Gammaproteobacteria;o__Xanthomonadales;f__Xanthomonadaceae;g__Stenotrophomonas;s__	0.8424489486092988
53e810620a80001c28c80d8e5ab6727a	d__Bacteria;p__Firmicutes;c__Clostridia;o__Lachnospirales;f__Lachnospiraceae;g__[Eubacterium]_hallii_group;s__	0.995768218816345
0dbc33de2902bc65f668f6f1900e9185	d__Bacteria;p__Firmicutes;c__Clostridia;o__Lachnospirales;f__Lachnospiraceae;g__Dorea;s__	0.8851623932557606
25a2b4898b654d2d44aea9e286ce3305	d__Bacteria;p__Actinobacteriota;c__Actinobacteria;o__Bifidobacteriales;f__Bifidobacteriaceae;g__Bifidobacterium;s__	0.9993657324375671
4d437f55138c12a8ddc0e6efa8d5e761	d__Bacteria;p__Bacteroidota;c__Bacteroidia;o__Bacteroidales;f__Tannerellaceae;g__Parabacteroides;s__	0.9997561614960083
45630b972001c6e3ea70f63b8f89a6fa	d__Bacteria;p__Firmicutes;c__Clostridia;o__Lachnospirales;f__Lachnospiraceae;g__CAG-56;s__	0.992344227248388
401f61304e67121726b7560c0ffa741f	d__Bacteria;p__Firmicutes;c__Negativicutes;o__Acidaminococcales;f__Acidaminococcaceae;g__Phascolarctobacterium;s__	0.9980758180297133
f50c4988425f276a852292b8ec76df70	d__Bacteria;p__Firmicutes;c__Clostridia;o__Lachnospirales;f__Lachnospiraceae;g__Blautia;s__	0.8822166332527873
520294684e8e8f9503154ea62c1a94de	d__Bacteria;p__Firmicutes;c__Clostridia;o__Lachnospirales;f__Lachnospiraceae	0.9995079891335378
a0c557c76c447469a03904b8b4c552e6	d__Bacteria;p__Firmicutes;c__Clostridia;o__Lachnospirales;f__Lachnospiraceae	0.9993901515168803
694b2af1250911c19429e8842b6607a0	d__Bacteria;p__Firmicutes;c__Bacilli;o__Erysipelotrichales;f__Erysipelatoclostridiaceae;g__Erysipelotrichaceae_UCG-003;s__	0.9999989081841242
7a8beb390d8ff68cdefac1dc84499ac5	d__Bacteria;p__Bacteroidota;c__Bacteroidia;o__Bacteroidales;f__Bacteroidaceae;g__Bacteroides;s__	0.9999276982578159
00e923c9322338b8b038c2bd06b038c3	d__Bacteria;p__Firmicutes;c__Clostridia;o__Lachnospirales;f__Lachnospiraceae;g__Blautia;s__	0.8755502824389065
d134ed647cb90c76b77f8bc89f01dd55	d__Bacteria;p__Bacteroidota;c__Bacteroidia;o__Bacteroidales;f__Marinifilaceae;g__Butyricimonas;s__	0.9999958276352816
0a4362c371f25e30b99fe4bca84fb91a	d__Bacteria;p__Firmicutes;c__Clostridia;o__Lachnospirales;f__Lachnospiraceae;g__Blautia;s__	0.8803005695855913
03531e05274d67462688384a556fb7f7	d__Bacteria;p__Firmicutes;c__Clostridia;o__Christensenellales;f__Christensenellaceae;g__Christensenellaceae_R-7_group;s__	0.9051103244537295
0408c4cd3cb02de5cb4792a62f497668	d__Bacteria;p__Bacteroidota;c__Bacteroidia;o__Bacteroidales;f__Bacteroidaceae;g__Bacteroides;s__	0.9996428560895346
1405432e357d93570414b0529664c8ab	d__Bacteria;p__Bacteroidota;c__Bacteroidia;o__Bacteroidales;f__Muribaculaceae;g__Muribaculaceae;s__	0.7123984004137002
5a6af13aab3bad9c8d470ad5200dfc8b	d__Bacteria;p__Firmicutes;c__Clostridia;o__Lachnospirales;f__Lachnospiraceae;g__Blautia;s__	0.9262463207281452
36865673fcd0c78a536610650c5bca1d	d__Bacteria;p__Bacteroidota;c__Bacteroidia;o__Bacteroidales;f__Marinifilaceae;g__Butyricimonas;s__	0.9999985623792287
245b1ee9dd2842da4fad993c00b90f58	d__Bacteria;p__Bacteroidota;c__Bacteroidia;o__Bacteroidales;f__Rikenellaceae;g__Alistipes;s__	0.8678075811538579
1e092572812b2b2be561ea9e19026cc9	d__Bacteria;p__Firmicutes;c__Clostridia;o__Lachnospirales;f__Lachnospiraceae	0.9986157367572808
431da418023edc7e7e96460d72f1135f	d__Bacteria;p__Bacteroidota;c__Bacteroidia;o__Bacteroidales;f__Barnesiellaceae;g__Barnesiella;s__	0.9999793516697393
34c9935cdb12cc2fd3195dfddee8f96d	d__Bacteria;p__Firmicutes;c__Clostridia;o__Oscillospirales;f__Ruminococcaceae	0.764735188764239
7585bcb65e95cb84ae58c3ceb6e71bff	d__Bacteria;p__Bacteroidota;c__Bacteroidia;o__Bacteroidales;f__Barnesiellaceae;g__Barnesiella;s__	0.9999875306703054
dc580397cb478498a82f85c1150a79b4	d__Bacteria;p__Firmicutes;c__Clostridia;o__Peptostreptococcales-Tissierellales;f__Anaerovoracaceae	0.9916937469154247
916feaad1c579f0aaa6b053103043839	d__Bacteria;p__Bacteroidota;c__Bacteroidia;o__Bacteroidales;f__Bacteroidaceae;g__Bacteroides;s__	0.9997994710534521
2150e751ba3e6c5700a8031473a16b6a	d__Bacteria;p__Firmicutes;c__Clostridia;o__Oscillospirales;f__Ruminococcaceae	0.8006054254388008
28d5fb7ae19485b27beb3739f69f119f	d__Bacteria;p__Actinobacteriota;c__Coriobacteriia;o__Coriobacteriales;f__Coriobacteriaceae;g__Collinsella;s__	0.9999550221110453
ee220100066c46df46748fefcabbfe57	d__Bacteria;p__Actinobacteriota;c__Coriobacteriia;o__Coriobacteriales;f__Coriobacteriaceae;g__Collinsella;s__	0.9998943204324288
7a7051fe8836db2a9ba2127e3038408a	d__Bacteria;p__Firmicutes;c__Clostridia;o__Oscillospirales;f__Oscillospiraceae;g__NK4A214_group;s__	0.957755822303359
2822e71e931d8620b46e05ec9eb64b1b	d__Bacteria;p__Firmicutes;c__Clostridia;o__Lachnospirales;f__Lachnospiraceae;g__Blautia;s__	0.887179427727986
e5cba132922f4b2d4a1ec4964821012d	d__Bacteria;p__Bacteroidota;c__Bacteroidia;o__Bacteroidales;f__Bacteroidaceae;g__Bacteroides;s__	0.9994335343221525
fde5fe4dbd806acd7d585e529de4286f	d__Bacteria;p__Firmicutes;c__Clostridia;o__Lachnospirales;f__Lachnospiraceae;g__Anaerostipes;s__	0.9984437855502182
443fc130d5a30fd2692ce6a8617c5785	d__Bacteria;p__Firmicutes;c__Clostridia;o__Lachnospirales;f__Lachnospiraceae;g__Blautia;s__	0.8683696892396903
3b07d66d829ddf50f3f41cae08e81063	d__Bacteria;p__Bacteroidota;c__Bacteroidia;o__Bacteroidales;f__Bacteroidaceae;g__Bacteroides;s__	0.9914222160481346
c5e266ce714f865dcbd321c166a1d4cf	d__Bacteria;p__Firmicutes;c__Clostridia;o__Lachnospirales;f__Lachnospiraceae;g__Blautia;s__	0.8391012799846932
a45d76b1902007fd22e78c74b7fc88ed	d__Bacteria;p__Firmicutes;c__Clostridia;o__Clostridia_UCG-014;f__Clostridia_UCG-014;g__Clostridia_UCG-014;s__	0.9998746617725531
8c113bb8cb4009a9805f2c4a9525f8a1	d__Bacteria;p__Firmicutes;c__Clostridia;o__Oscillospirales;f__Ruminococcaceae;g__CAG-352;s__	0.9601296672385627
6ba4e6f7dc8fac54110861bd32de63c3	d__Bacteria;p__Firmicutes;c__Clostridia;o__Clostridia_UCG-014;f__Clostridia_UCG-014;g__Clostridia_UCG-014;s__	0.9998194735716676
c4ab5b8d8fe7cb601931ed9579eb1466	d__Bacteria;p__Firmicutes;c__Clostridia;o__Lachnospirales;f__Lachnospiraceae;g__Frisingicoccus;s__	0.9865281171289788
3dee9582f1e8bb8e5b234c7d67a75d94	d__Bacteria;p__Firmicutes;c__Clostridia;o__Oscillospirales;f__Oscillospiraceae	0.9858760658898283
571b31d84ad499f2fba18e889d7f57ad	d__Bacteria;p__Firmicutes;c__Clostridia	0.9949082353463384
b7c1a3e83d9a25d0c1963026f6372777	d__Bacteria;p__Firmicutes;c__Clostridia;o__Christensenellales;f__Christensenellaceae;g__Christensenellaceae_R-7_group;s__	0.8932102119912442
0d94c4447c62ca529c49732449f3bde9	d__Bacteria;p__Firmicutes;c__Clostridia	0.996277669701817
8f40f766d515121968d8a0be9157fc19	d__Bacteria;p__Firmicutes;c__Clostridia	0.988713279564537
4ef19322449bd404104cf08cdc6783db	d__Bacteria;p__Firmicutes;c__Clostridia;o__Oscillospirales;f__Oscillospiraceae	0.9947998597504328
30566a2b20fe1451839bae2e10d394f5	d__Bacteria;p__Firmicutes;c__Clostridia;o__Clostridia_UCG-014;f__Clostridia_UCG-014;g__Clostridia_UCG-014;s__	0.9998038271011703
68b161bffcf8c5b1e1d4e517e4a7e085	d__Bacteria;p__Firmicutes;c__Clostridia;o__Clostridia_UCG-014;f__Clostridia_UCG-014;g__Clostridia_UCG-014;s__	0.9975170344396493
b7c714226e9dbe70b4b5a2de516739f8	d__Bacteria;p__Firmicutes;c__Clostridia	0.9868176115825975
dad6a0ad5a5765ba2e8b0da8023bb186	d__Bacteria;p__Proteobacteria;c__Gammaproteobacteria;o__Burkholderiales;f__Oxalobacteraceae;g__Oxalobacter;s__	0.9955244264563852
3acfe5686d0df9330b778b84e96e9bbe	d__Bacteria;p__Firmicutes;c__Clostridia;o__Oscillospirales;f__Oscillospiraceae;g__NK4A214_group;s__	0.9643052678326117
c01ae06a400e7ddb87ff867d1467dd83	d__Bacteria;p__Firmicutes;c__Clostridia;o__Oscillospirales;f__Oscillospiraceae;g__NK4A214_group;s__	0.9665104586077478
81f46d79d2342458ee548857a479acef	d__Bacteria;p__Bacteroidota;c__Bacteroidia;o__Bacteroidales;f__Prevotellaceae;g__Alloprevotella;s__	0.9969022520768279
58aca38ad33debad87ebd9374dc40134	d__Bacteria;p__Firmicutes;c__Clostridia;o__Oscillospirales;f__Ruminococcaceae;g__uncultured;s__	0.853927663943027
1e56b0eb00117fd95b2dca96584bc958	d__Bacteria;p__Firmicutes;c__Clostridia;o__Christensenellales;f__Christensenellaceae;g__Christensenellaceae_R-7_group;s__	0.8039073942817364
3a1be02052cebbf9be7c30ecac0c519b	d__Bacteria;p__Bacteroidota;c__Bacteroidia;o__Bacteroidales;f__Bacteroidaceae;g__Bacteroides;s__	0.9965212686662098
a7969584c977f305a552dccd12aac2b7	d__Bacteria;p__Firmicutes;c__Negativicutes;o__Veillonellales-Selenomonadales;f__Selenomonadaceae;g__Mitsuokella;s__	0.9805731529112884
85ad86721390b3ac4551dccc54e5f8f4	d__Bacteria;p__Firmicutes;c__Clostridia;o__Lachnospirales;f__Lachnospiraceae;g__Fusicatenibacter;s__	0.9997183699527817
691729186f8b28e15ea650cfafbcc8a7	d__Bacteria;p__Bacteroidota;c__Bacteroidia;o__Bacteroidales;f__Bacteroidaceae;g__Bacteroides;s__	0.9985171999610065
84abb1149f396df46778af4eb2f82c8d	d__Bacteria;p__Firmicutes;c__Negativicutes;o__Veillonellales-Selenomonadales;f__Selenomonadaceae;g__Mitsuokella;s__	0.9912772150525714
2dbeacaf7b878c68a00b39c5951fc3da	d__Bacteria;p__Firmicutes;c__Clostridia;o__Lachnospirales;f__Lachnospiraceae;g__Fusicatenibacter;s__	0.9980523996528311
9cfe26ea24d3e9ad7494e063621b423f	d__Bacteria;p__Firmicutes;c__Clostridia;o__Oscillospirales;f__Ruminococcaceae;g__Faecalibacterium;s__	0.9993971157298691
75b3bd756826e06b64c5fdbda107e098	d__Bacteria;p__Firmicutes;c__Negativicutes;o__Veillonellales-Selenomonadales;f__Veillonellaceae;g__Dialister;s__	0.980973671387432
d3efe94c3676c880971b1bfe13cfeea0	d__Bacteria;p__Firmicutes;c__Negativicutes;o__Veillonellales-Selenomonadales;f__Selenomonadaceae;g__Mitsuokella;s__	0.988657827194094
0a37313d723f257d4bc86f547fbccb19	d__Bacteria;p__Firmicutes;c__Negativicutes;o__Veillonellales-Selenomonadales;f__Selenomonadaceae;g__Mitsuokella;s__	0.963907354211265
d198d0338bafd22daef6c890ce6f2da1	d__Bacteria;p__Firmicutes;c__Clostridia;o__Oscillospirales;f__Ruminococcaceae;g__Ruminococcus;s__	0.820655120491993
111614fb87c7894754b5e78f4a35c468	d__Bacteria;p__Firmicutes;c__Clostridia;o__Oscillospirales;f__Ruminococcaceae;g__Faecalibacterium;s__	0.9981522135880885
144c86063f0a7408ecf9cc5e40157ffd	d__Bacteria;p__Firmicutes;c__Negativicutes;o__Veillonellales-Selenomonadales;f__Veillonellaceae;g__Megasphaera;s__	0.9999858706844718
8296b6f06df47d38c23742bad600630d	d__Bacteria;p__Firmicutes;c__Negativicutes;o__Veillonellales-Selenomonadales;f__Veillonellaceae;g__Megasphaera;s__	0.9999938111456236
2b58a390748d87f148e7931d913272a2	d__Bacteria;p__Actinobacteriota;c__Actinobacteria;o__Bifidobacteriales;f__Bifidobacteriaceae;g__Bifidobacterium;s__	0.9994987333460923
9fd1306b2f8f8622433c3d7836141d0b	d__Bacteria;p__Firmicutes;c__Clostridia;o__Lachnospirales;f__Lachnospiraceae;g__Dorea;s__	0.9208617909316766
6842ae9b2f5f5750a6835bbae10970a1	d__Bacteria;p__Bacteroidota;c__Bacteroidia;o__Bacteroidales;f__Bacteroidaceae;g__Bacteroides;s__	0.9812454131916342
eaad3f4ca9728c90bf483b384f0dd5e4	d__Bacteria;p__Firmicutes;c__Clostridia;o__Lachnospirales;f__Lachnospiraceae;g__[Eubacterium]_hallii_group;s__	0.9947223243662799
5ed095a8adbd7f59d0f65d3887f23f38	d__Bacteria;p__Firmicutes;c__Negativicutes;o__Acidaminococcales;f__Acidaminococcaceae;g__Acidaminococcus;s__	0.9997027541939588
affd35c2d6b86682901e26a3d70996c8	d__Bacteria;p__Firmicutes;c__Clostridia;o__Oscillospirales;f__Ruminococcaceae;g__Subdoligranulum;s__	0.995144620335866
14fd5627a356c0c7829ad88674053c80	d__Bacteria;p__Bacteroidota;c__Bacteroidia;o__Bacteroidales;f__Bacteroidaceae;g__Bacteroides;s__	0.9994397429242038
99f5149c45b4516179c1168f84b85303	d__Bacteria	0.9952194762512396
a32a20be97ee6ef346d1b903a722a949	d__Bacteria;p__Firmicutes;c__Clostridia;o__Lachnospirales;f__Lachnospiraceae;g__Lachnospira;s__	0.9834469970975219
ffcd354d19748342df88b6372a71a53d	d__Bacteria;p__Actinobacteriota;c__Actinobacteria;o__Bifidobacteriales;f__Bifidobacteriaceae;g__Bifidobacterium;s__	0.9994517403525235
f86c205521678d4d23837f338a08f4e0	d__Bacteria	0.9937777400702288
7cb673bcab4198e7aaf051c2aaf77c71	d__Bacteria;p__Firmicutes;c__Clostridia;o__Lachnospirales;f__Lachnospiraceae	0.9901959539816072
e46b82447ee111b680b28410525dae75	d__Bacteria;p__Proteobacteria;c__Gammaproteobacteria;o__Pseudomonadales;f__Moraxellaceae;g__Acinetobacter;s__	0.9996768584270875
65826a2cfcd193d6a72601d5eb277c58	d__Bacteria;p__Firmicutes;c__Clostridia;o__Lachnospirales;f__Lachnospiraceae;g__Blautia;s__	0.7821405298143982
83f26a4a9781ed15188f931afb4ef882	d__Bacteria;p__Firmicutes;c__Clostridia;o__Lachnospirales;f__Lachnospiraceae	0.938079344273517
485e46b1ea841a97591f66201f08bd25	d__Bacteria;p__Bacteroidota;c__Bacteroidia;o__Bacteroidales;f__Bacteroidaceae;g__Bacteroides;s__	0.9998338705104332
31f14c22f3898d1e683c32a6869befaa	d__Bacteria;p__Bacteroidota;c__Bacteroidia;o__Bacteroidales;f__Barnesiellaceae;g__Barnesiella;s__	0.9999800968109585
da224363410f06d7133ef49c21601084	d__Bacteria;p__Firmicutes;c__Clostridia;o__Oscillospirales;f__Ruminococcaceae;g__Faecalibacterium;s__	0.9959527658636931
f2af77fd88cc42029cfca038b218b517	d__Bacteria;p__Proteobacteria;c__Gammaproteobacteria;o__Burkholderiales;f__Sutterellaceae;g__Sutterella;s__	0.9996866304763394
88a46016522ef0928c1c5f58ad72c33b	d__Bacteria;p__Firmicutes;c__Clostridia;o__Oscillospirales;f__Ruminococcaceae;g__Faecalibacterium;s__	0.999571012982791
d6ea3ae13588572c2a7f74776919736c	d__Bacteria;p__Firmicutes;c__Bacilli;o__Lactobacillales;f__Lactobacillaceae;g__Lactobacillus;s__	0.9999811553504097
0bdb815d19e46101df311164928b6aa3	d__Bacteria;p__Firmicutes;c__Clostridia;o__Lachnospirales;f__Lachnospiraceae;g__Lachnospira;s__	0.9555280924240662
7a3f652bf15ded86935b34bd75492a67	d__Bacteria;p__Bacteroidota;c__Bacteroidia;o__Bacteroidales;f__Bacteroidaceae;g__Bacteroides;s__	0.9997206491220286
d9dc91136fd6d1b92f444e5042f29f80	d__Bacteria;p__Bacteroidota;c__Bacteroidia;o__Bacteroidales;f__Barnesiellaceae;g__Barnesiella;s__	0.9999487522142108
e1e5e32f67ab51635128aeb088fbda48	d__Bacteria;p__Bacteroidota;c__Bacteroidia;o__Bacteroidales;f__Barnesiellaceae;g__Barnesiella;s__	0.9999904934584944
61e090fb647ba8a95a6bc57d67a9835d	d__Bacteria;p__Proteobacteria;c__Gammaproteobacteria;o__Burkholderiales;f__Sutterellaceae	0.8029248732553851
10247eeb7dde5c7dc44aa2a69e1b2d94	d__Bacteria;p__Firmicutes;c__Bacilli;o__Lactobacillales;f__Streptococcaceae;g__Streptococcus;s__	0.9999771388707577
859d0911ec6912bf059d5989b8a2c1d1	d__Bacteria;p__Proteobacteria;c__Gammaproteobacteria;o__Pseudomonadales;f__Moraxellaceae;g__Acinetobacter;s__	0.9997066827475704
ae24cee263e682f2e35ffe5d3ac9991c	d__Bacteria;p__Proteobacteria;c__Gammaproteobacteria;o__Enterobacterales;f__Enterobacteriaceae	0.7962647758641737
2415b48f32100d6ed92d76364ff25d43	d__Bacteria;p__Proteobacteria;c__Gammaproteobacteria;o__Enterobacterales;f__Enterobacteriaceae	0.8874662106916116
e03deb63979fdbb2905c005802bc4f92	d__Bacteria;p__Proteobacteria;c__Gammaproteobacteria;o__Enterobacterales;f__Enterobacteriaceae	0.8944782175677308
8912347fa8924945ace91fa054b4f741	d__Bacteria;p__Firmicutes;c__Bacilli;o__Lactobacillales;f__Lactobacillaceae;g__Lacticaseibacillus;s__	0.9999920912702397
f2507dc1eb7e288b5a8bf104a51de9c6	d__Bacteria;p__Firmicutes;c__Bacilli;o__Lactobacillales;f__Lactobacillaceae;g__Limosilactobacillus;s__	0.9561737647387016
0947ea727777efc3f2e9a9979a4adf85	d__Bacteria;p__Firmicutes;c__Clostridia;o__Lachnospirales;f__Lachnospiraceae	0.999602491167866
1d19a157fcaf85d51425b67c64bf24a1	d__Bacteria;p__Firmicutes;c__Clostridia;o__Oscillospirales;f__Ruminococcaceae;g__Incertae_Sedis;s__	0.9561515674426021
bfb81c4e47b03012599a1f6c392036b5	d__Bacteria;p__Firmicutes;c__Clostridia;o__Lachnospirales;f__Lachnospiraceae	0.9957884248964072
652228955b910b72c8ff4b6e4e6d404a	d__Bacteria;p__Firmicutes;c__Clostridia;o__Oscillospirales;f__Ruminococcaceae;g__uncultured;s__	0.7686316243586689
78bac9e93b202f8442060333cca3583a	d__Bacteria;p__Firmicutes;c__Clostridia;o__Lachnospirales;f__Lachnospiraceae	0.9047720806170535
3122f1e68e04be88df4011a21a150135	d__Bacteria;p__Firmicutes;c__Clostridia;o__Lachnospirales;f__Lachnospiraceae;g__[Ruminococcus]_torques_group;s__	0.9527173278485385
7cd658ef216d309736c22a42e438e93c	d__Bacteria;p__Bacteroidota;c__Bacteroidia;o__Bacteroidales;f__Marinifilaceae;g__Butyricimonas;s__	0.9999996043115759
9e3d9f5ab9a9f758a54e303999899efd	d__Bacteria;p__Firmicutes;c__Clostridia;o__Oscillospirales;f__Ruminococcaceae	0.7807887673389308
1960f468ee23f76ce892b59fecd5b0e6	d__Bacteria;p__Firmicutes;c__Negativicutes;o__Acidaminococcales;f__Acidaminococcaceae;g__Phascolarctobacterium;s__	0.9972014945773163
4535c100541a16bfa39ba91a27d1c40d	d__Bacteria;p__Firmicutes;c__Clostridia;o__Clostridia_UCG-014;f__Clostridia_UCG-014;g__Clostridia_UCG-014;s__	0.9998614061202196
b03f0c23590a99a4e8c6400a9c6b705c	d__Bacteria;p__Bacteroidota;c__Bacteroidia;o__Bacteroidales;f__Tannerellaceae;g__Parabacteroides;s__	0.9997064959462547
72b30b5a0dc62eb97209326c5084a97e	d__Bacteria;p__Firmicutes;c__Clostridia;o__Clostridia_UCG-014;f__Clostridia_UCG-014;g__Clostridia_UCG-014;s__	0.9998741726317383
2d1e48a753b080c9aaf4c6a66a0e902b	d__Bacteria;p__Desulfobacterota;c__Desulfovibrionia;o__Desulfovibrionales;f__Desulfovibrionaceae;g__Desulfovibrio;s__	0.9832635834455602
ca1d830713fc21435b2cc457f2c4500a	d__Bacteria;p__Bacteroidota;c__Bacteroidia	0.9184792606128549
3d20ba4b2693a441143cac17b2d1800f	d__Bacteria;p__Firmicutes;c__Clostridia;o__Lachnospirales;f__Lachnospiraceae	0.9988187870991423
b1c6e215b91e7062bc26838d19003705	d__Bacteria;p__Desulfobacterota;c__Desulfovibrionia;o__Desulfovibrionales;f__Desulfovibrionaceae;g__Desulfovibrio;s__	0.98992944006249
f9f320eaac4c998c7ae1624f8040771a	d__Bacteria;p__Firmicutes;c__Clostridia;o__Christensenellales;f__Christensenellaceae;g__Christensenellaceae_R-7_group;s__	0.8526703300039616
40ead2bfd685739665971bfc001bed82	d__Bacteria;p__Firmicutes;c__Clostridia;o__Lachnospirales;f__Lachnospiraceae	0.9998812275141592
1131987f2e6ec24bb50062c2ae3a2da4	d__Bacteria;p__Firmicutes;c__Clostridia	0.7201436730754462
484985e85913e420cc88855658357e64	d__Bacteria;p__Firmicutes;c__Clostridia;o__Lachnospirales;f__Lachnospiraceae;g__Dorea;s__	0.8943528299797697
a3fae2c01467f482e08ae0aee77bf2b2	d__Bacteria;p__Firmicutes;c__Clostridia;o__Oscillospirales;f__Ruminococcaceae;g__Incertae_Sedis;s__	0.949843602154902
70adf963867e43f92a4606789c42c7e1	d__Bacteria;p__Firmicutes;c__Clostridia;o__Christensenellales;f__Christensenellaceae;g__Christensenellaceae_R-7_group;s__	0.8980143237171851
daf69892021624768aed44e7139c67a7	d__Bacteria;p__Firmicutes;c__Clostridia;o__Lachnospirales;f__Lachnospiraceae	0.9989616789870202
5d5ed02490f6e86a58ac2f67f3cd34e7	d__Bacteria;p__Desulfobacterota;c__Desulfovibrionia;o__Desulfovibrionales;f__Desulfovibrionaceae;g__Desulfovibrio;s__	0.9834429410774989
ff301bba12572683ff5949b0fb8c890e	d__Bacteria;p__Firmicutes;c__Clostridia;o__Lachnospirales;f__Lachnospiraceae	0.998528570444594
fdcfd13bcb19ea9ee8d20e4ff3bf9371	d__Bacteria;p__Desulfobacterota;c__Desulfovibrionia;o__Desulfovibrionales;f__Desulfovibrionaceae;g__Desulfovibrio;s__	0.9717014801160782
3558a46f1a72c64621c3f44b92463bcd	d__Bacteria;p__Firmicutes;c__Clostridia;o__Oscillospirales;f__Oscillospiraceae	0.9970663880975222
2b9796e97157c46232297dbfb1d066d2	d__Bacteria;p__Firmicutes;c__Clostridia;o__Oscillospirales;f__Ruminococcaceae;g__Faecalibacterium;s__	0.9995011196052983
d53040e7a5f2691256178fe787f8de21	d__Bacteria;p__Firmicutes;c__Clostridia;o__Oscillospirales;f__[Eubacterium]_coprostanoligenes_group;g__[Eubacterium]_coprostanoligenes_group;s__	0.8135779798553211
7d7ab517a216205680b8c8232fe1d8c2	d__Bacteria;p__Firmicutes;c__Clostridia;o__Lachnospirales;f__Lachnospiraceae;g__Dorea;s__	0.9393541178368524
4524cc95494858b2359be845d9694a09	d__Bacteria;p__Firmicutes;c__Clostridia;o__Lachnospirales;f__Lachnospiraceae	0.9999812209950415
3f8debd4d31b0ef8b81428b6570db8b1	d__Bacteria;p__Firmicutes;c__Clostridia;o__Lachnospirales;f__Lachnospiraceae;g__Lachnospira;s__	0.8281235601840499
889dd11b7e41ae95037baf266fc7a994	d__Bacteria;p__Firmicutes;c__Clostridia;o__Oscillospirales	0.8959895073145849
a565e33a13b1e4334d6b2b2ba8ddfd21	d__Bacteria;p__Firmicutes;c__Clostridia;o__Lachnospirales;f__Lachnospiraceae	0.9985842875108117
c133a367f02af2f0d44b4f08b40021d2	d__Bacteria;p__Firmicutes;c__Clostridia;o__Oscillospirales;f__Oscillospiraceae;g__NK4A214_group;s__	0.9222708419515773
167ba662370b669562e96948ee8fb9f0	d__Bacteria;p__Firmicutes;c__Clostridia;o__Lachnospirales;f__Lachnospiraceae;g__Lachnospira;s__	0.8782039667633628
398cb5e70aa24e52663c6cb020f3e16a	d__Bacteria	0.9811816462869605
540a80ebec229dacd74532e8b42acf36	d__Bacteria;p__Firmicutes;c__Clostridia;o__Lachnospirales;f__Lachnospiraceae;g__Blautia;s__	0.9121739405290419
b11a7d2fd569ed9d94f79ebf7b808847	d__Bacteria;p__Firmicutes;c__Clostridia;o__Lachnospirales;f__Lachnospiraceae	0.847784319298251
c2c544fb005d3b73e9dfb728b1e68c64	d__Bacteria;p__Firmicutes;c__Clostridia;o__Lachnospirales;f__Lachnospiraceae;g__Blautia;s__	0.9280473786418919
e9dfd2ce09780afe59820afc47496a7a	d__Bacteria;p__Firmicutes;c__Clostridia;o__Lachnospirales;f__Lachnospiraceae	0.8302518632364924
fc87a6c42d360b935b0ed8c51a8ce7ea	d__Bacteria;p__Firmicutes;c__Clostridia;o__Lachnospirales;f__Lachnospiraceae;g__Blautia;s__	0.9108796833684898
8ca7f2feab40a3d789faba2d59609c0f	d__Bacteria;p__Firmicutes;c__Clostridia	0.9484828439529219
5109e7d42e472678196ea69b1bbf0db3	d__Bacteria;p__Firmicutes;c__Clostridia;o__Lachnospirales;f__Lachnospiraceae;g__Blautia;s__	0.9693918247733121
5523e76e9bc6d2e5fbcf919f873924ee	d__Bacteria;p__Firmicutes;c__Clostridia;o__Oscillospirales;f__Ruminococcaceae;g__Subdoligranulum;s__	0.9965645380168958
7da63c62de2615328638f5189fc0a1bd	d__Bacteria;p__Bacteroidota;c__Bacteroidia;o__Bacteroidales;f__Prevotellaceae;g__Paraprevotella;s__	0.9999890952377788
da9b593cec4f8b9b6f42c39a40d976be	d__Bacteria;p__Firmicutes;c__Clostridia	0.9668024088564997
70caa5339fd8d7fb65b4288ae9535a5d	d__Bacteria;p__Firmicutes;c__Clostridia	0.9816254027048326
ddfb42046d822b1ef81d11264a5af889	d__Bacteria;p__Firmicutes;c__Clostridia;o__Lachnospirales;f__Lachnospiraceae;g__Fusicatenibacter;s__	0.9988618734465837
3ce7ed7441e932fb010a19e9fa2af485	d__Bacteria;p__Firmicutes;c__Clostridia;o__Lachnospirales;f__Lachnospiraceae;g__Dorea;s__	0.8795621596083153
2a39183038a1c2d9d3957be14708cb5e	d__Bacteria;p__Firmicutes;c__Bacilli;o__RF39;f__RF39;g__RF39;s__	0.9936094659645618
1035d2c12a67fd0307f016bfd1f79d88	d__Bacteria;p__Firmicutes;c__Clostridia;o__Lachnospirales;f__Lachnospiraceae	0.9999203016203212
d4f177d0f03038fef7efe0541a76ba99	d__Bacteria;p__Bacteroidota;c__Bacteroidia;o__Bacteroidales;f__Bacteroidaceae;g__Bacteroides;s__	0.9995552041941299
b54deb9d1010f6a39034d682ee5c72d8	d__Bacteria;p__Firmicutes;c__Clostridia;o__Lachnospirales;f__Lachnospiraceae;g__Blautia;s__	0.9205298623900919
2f7c8ca2a320bd19f7cb7d24de93fdcf	d__Bacteria;p__Firmicutes;c__Clostridia;o__Oscillospirales;f__Oscillospiraceae;g__NK4A214_group;s__	0.9784533865620455
36db7c533910afdc765de055ddb47cd9	d__Bacteria;p__Firmicutes;c__Clostridia;o__Oscillospirales;f__UCG-010;g__UCG-010;s__	0.9236639406054559
02cd9043945905af77c4d8013656f276	d__Bacteria;p__Firmicutes;c__Clostridia;o__Lachnospirales;f__Lachnospiraceae;g__Fusicatenibacter;s__	0.9987537727013028
8b7fa4734661e9b7477cc6cbf0a1098f	d__Bacteria;p__Firmicutes;c__Clostridia;o__Oscillospirales	0.7280256068062878
cdbf41e800adb320dbef51c39d72a4f5	d__Bacteria;p__Firmicutes;c__Clostridia;o__Christensenellales;f__Christensenellaceae;g__Christensenellaceae_R-7_group;s__	0.9423972410605492
543e92c561d9af87180914938f961d44	d__Bacteria;p__Firmicutes;c__Clostridia	0.900624062918882
aaa38ee75700f267672016e9de86dc6c	d__Bacteria;p__Firmicutes;c__Clostridia;o__Lachnospirales;f__Lachnospiraceae;g__Lachnospiraceae_UCG-004;s__	0.9045083946555216
1fa4b3fcd7b1769bdfcbd34417697dc6	d__Bacteria;p__Firmicutes;c__Negativicutes;o__Veillonellales-Selenomonadales;f__Veillonellaceae;g__Dialister;s__	0.9941721364128489
f8a80f8191a25501e0e657c5a942c0ed	d__Bacteria;p__Bacteroidota;c__Bacteroidia;o__Bacteroidales;f__Prevotellaceae;g__Prevotella_9;s__	0.9999693147313846
184b19d84b9c56339ca50e38a4cf31f9	d__Bacteria;p__Proteobacteria;c__Gammaproteobacteria;o__Burkholderiales;f__Sutterellaceae;g__Sutterella;s__	0.9988077589170737
2b8a76c746ff177d4045a66057061d05	d__Bacteria;p__Proteobacteria;c__Gammaproteobacteria;o__Burkholderiales;f__Sutterellaceae;g__Sutterella;s__	0.9993777372887123
27cbc5dd1a444b7b295192305eb77ff9	d__Bacteria;p__Firmicutes;c__Clostridia;o__Oscillospirales;f__Ruminococcaceae;g__Subdoligranulum;s__	0.992478694377998
3279bce6791813b4efae255f3c44bc69	d__Bacteria;p__Bacteroidota;c__Bacteroidia;o__Bacteroidales;f__Tannerellaceae;g__Parabacteroides;s__	0.9995490485214791
27e6bcdc74c5afea478e0f266e090c51	d__Bacteria;p__Firmicutes;c__Clostridia;o__Lachnospirales;f__Lachnospiraceae;g__Lachnospira;s__	0.943292940182613
f4b53dfa55b24a0fba49d4bfd14daf3a	d__Bacteria;p__Cyanobacteria;c__Vampirivibrionia;o__Gastranaerophilales;f__Gastranaerophilales;g__Gastranaerophilales;s__	0.9927103870002837
643a967fa850c5429d72ed7fdce6de24	d__Bacteria;p__Firmicutes;c__Clostridia;o__Lachnospirales;f__Lachnospiraceae;g__Lachnospiraceae_UCG-004;s__	0.8891919289107624
c61e5209bb5acc040ed48d0367bc0a10	d__Bacteria;p__Firmicutes;c__Clostridia;o__Oscillospirales;f__Ruminococcaceae;g__Subdoligranulum;s__	0.9920318132642013
f0dc737421ba58bd6b089121ba2be733	d__Bacteria;p__Firmicutes;c__Clostridia;o__Oscillospirales;f__Ruminococcaceae;g__Ruminococcus;s__	0.8672193895762128
6269a1228daf19a60070bafeca440695	d__Bacteria;p__Firmicutes;c__Clostridia;o__Lachnospirales;f__Lachnospiraceae;g__Lachnospiraceae_UCG-004;s__	0.8681674835104827
5fa96e745b564706157f70aaa3ae4de7	d__Bacteria;p__Firmicutes;c__Clostridia;o__Lachnospirales;f__Lachnospiraceae;g__Agathobacter;s__	0.9759209804603097
0d04b8f8eabe0f5e8ed7d0ffd9720b0c	d__Bacteria;p__Firmicutes;c__Clostridia;o__Lachnospirales;f__Lachnospiraceae;g__Dorea;s__	0.8268137773477955
eed6070ab3157640a84e2b9737913b7c	d__Bacteria;p__Firmicutes;c__Clostridia;o__Lachnospirales;f__Lachnospiraceae;g__Dorea;s__	0.9173679711166981
d39cd78e01db0a83ac3d7143549f6cbb	d__Bacteria;p__Firmicutes;c__Clostridia	0.9871625856302697
ba0a20252839febc5df7142424e35922	d__Bacteria;p__Firmicutes;c__Bacilli;o__Lactobacillales;f__Streptococcaceae;g__Streptococcus;s__	0.9999083194471882
798632413c91763921cf8eeb52e3eb3f	d__Bacteria;p__Firmicutes;c__Clostridia;o__Lachnospirales;f__Lachnospiraceae;g__Anaerostipes;s__	0.9480238703490698
86e5a5e0e0fa81c293efee833879f1bb	d__Bacteria;p__Firmicutes;c__Clostridia;o__Oscillospirales;f__Ruminococcaceae;g__Faecalibacterium;s__	0.9977555777293318
66733bbe6d2a736a7ad41637f4bbd3a6	d__Bacteria;p__Fusobacteriota;c__Fusobacteriia;o__Fusobacteriales;f__Fusobacteriaceae;g__Fusobacterium;s__	0.9996409905855125
1c4cf2ade062e2bb810226f6d919c8c0	d__Bacteria;p__Bacteroidota;c__Bacteroidia;o__Bacteroidales;f__Bacteroidaceae;g__Bacteroides;s__	0.9998877643625408
fe8f5379d98e81858dd3a9654bb4438c	d__Bacteria;p__Firmicutes;c__Clostridia;o__Lachnospirales;f__Lachnospiraceae	0.9991344354174763
679e30a704ed5bbb626b91ad892ac35d	d__Bacteria;p__Firmicutes;c__Clostridia;o__Lachnospirales;f__Lachnospiraceae	0.9990403851404095
dab71d9eade9c09e638023d64a9df056	d__Bacteria;p__Firmicutes;c__Clostridia;o__Lachnospirales;f__Lachnospiraceae	0.9988940599916237
8b450e1d7056bbaccbf75084f1fcd7bd	d__Bacteria;p__Proteobacteria;c__Gammaproteobacteria;o__Enterobacterales;f__Succinivibrionaceae;g__Succinivibrio;s__	0.9999997896419267
6b7e4697d7fc9754a26748ff7f41dfe4	d__Bacteria;p__Bacteroidota;c__Bacteroidia;o__Bacteroidales;f__Prevotellaceae;g__Alloprevotella;s__	0.9978921829607248
e7bceaf3fdc6a81dbe74603205144d4b	d__Bacteria;p__Proteobacteria;c__Gammaproteobacteria;o__Enterobacterales;f__Succinivibrionaceae;g__Succinivibrio;s__	0.999989996230413
bffb83c674991de2709f3a044c26de29	d__Bacteria;p__Proteobacteria;c__Gammaproteobacteria;o__Enterobacterales;f__Succinivibrionaceae;g__Succinivibrio;s__	0.9999988017929626
58a9399a443897a2d64470ca01d0604b	d__Bacteria;p__Firmicutes;c__Negativicutes;o__Veillonellales-Selenomonadales;f__Selenomonadaceae;g__Mitsuokella;s__	0.999750647584638
d037e20ec61f9c80f9f8b0e34afc2b72	d__Bacteria;p__Firmicutes;c__Negativicutes;o__Veillonellales-Selenomonadales;f__Selenomonadaceae;g__Mitsuokella;s__	0.99804687922048
a6084707819430e47af9e8cb54690aee	d__Bacteria;p__Bacteroidota;c__Bacteroidia;o__Bacteroidales;f__Prevotellaceae;g__Prevotella_9;s__	0.9923692086571236
fb47f3f6fdffa19fc21c2b2fcedc6676	d__Bacteria;p__Bacteroidota;c__Bacteroidia;o__Bacteroidales;f__Prevotellaceae;g__Prevotella_9;s__	0.9999196072483385
9ead327dc9e7da6552d9c14095b1b0af	d__Bacteria;p__Proteobacteria;c__Gammaproteobacteria;o__Enterobacterales;f__Succinivibrionaceae	0.8257583244123265
9cd36b58deb9ecc96a15f5fe502705e6	d__Bacteria;p__Firmicutes;c__Negativicutes;o__Acidaminococcales;f__Acidaminococcaceae;g__Acidaminococcus;s__	0.9996362363322281
9ae0a0dac0386c89c69acf8c6cbb276b	d__Bacteria;p__Bacteroidota;c__Bacteroidia;o__Bacteroidales;f__Prevotellaceae;g__Prevotella_9;s__	0.9999870354289846
dfbda98075b47362493b052e1fee7c69	d__Bacteria;p__Bacteroidota;c__Bacteroidia;o__Bacteroidales;f__Prevotellaceae;g__Prevotella_9;s__	0.9999611266854018
916402c77cbdf8aa9ca57d5d87b5e66e	d__Bacteria;p__Bacteroidota;c__Bacteroidia;o__Bacteroidales;f__Prevotellaceae;g__Prevotella_9;s__	0.9999276633866304
e6292d7ecd5c5d20c96eb18a83dd75de	d__Bacteria;p__Firmicutes;c__Negativicutes;o__Veillonellales-Selenomonadales;f__Veillonellaceae;g__Dialister;s__	0.9904039087155116
fa38e7274b849e61cb75cc004c7ddb98	d__Bacteria;p__Firmicutes;c__Negativicutes;o__Veillonellales-Selenomonadales;f__Veillonellaceae;g__Megasphaera;s__	0.9999057275301719
f77781bfeab02367098f1dba34de83e7	d__Bacteria;p__Firmicutes;c__Negativicutes;o__Veillonellales-Selenomonadales;f__Selenomonadaceae;g__Mitsuokella;s__	0.9990896669599648
7462e0e0f6d2a42917ba06d0459c006e	d__Bacteria;p__Bacteroidota;c__Bacteroidia;o__Bacteroidales;f__Prevotellaceae;g__uncultured;s__	0.9998432386908708
157fc473fa4c6e8e5e4da62c217aec99	d__Bacteria;p__Bacteroidota;c__Bacteroidia;o__Bacteroidales;f__Prevotellaceae;g__Prevotella;s__	0.9893499920201666
54383c23600f56f91907dcd02dcaf140	d__Bacteria;p__Bacteroidota;c__Bacteroidia;o__Bacteroidales;f__Prevotellaceae;g__Alloprevotella;s__	0.9949972724136639
3bc0b9b8b2f6f09ae8e138efc6cbbee4	d__Bacteria;p__Bacteroidota;c__Bacteroidia;o__Bacteroidales;f__Prevotellaceae;g__Prevotella;s__	0.9931165525846886
b29ee0f0e4b128a1e163fc4f48caef3c	d__Bacteria;p__Firmicutes;c__Negativicutes;o__Veillonellales-Selenomonadales;f__Veillonellaceae;g__Megasphaera;s__	0.9999790334892265
4c833fa3953904c539d8d5f40568e125	d__Bacteria;p__Firmicutes;c__Bacilli;o__Erysipelotrichales;f__Erysipelotrichaceae;g__Catenisphaera;s__	0.9966463251532652
980a51cbe70c2f92e8202c14442814fa	d__Bacteria;p__Proteobacteria;c__Gammaproteobacteria;o__Enterobacterales;f__Succinivibrionaceae;g__Succinivibrio;s__	0.9999998603106475
91ca35a58702983a9b939e67bd15e510	d__Bacteria;p__Bacteroidota;c__Bacteroidia;o__Bacteroidales;f__Prevotellaceae;g__uncultured;s__	0.9983880532045479
bb1d0a87dd38447102f66c7bab8a9e8e	d__Bacteria;p__Bacteroidota;c__Bacteroidia;o__Bacteroidales;f__Prevotellaceae;g__Prevotella_9;s__	0.9998611965321518
6b4f5a88d9346f12cbfa2f9f64abea13	d__Bacteria;p__Firmicutes;c__Bacilli;o__Erysipelotrichales;f__Erysipelatoclostridiaceae;g__Catenibacterium;s__	0.9999983576570899
b84c579c340ad9dcf7c05af3c4d1ca4b	d__Bacteria;p__Firmicutes;c__Clostridia;o__Lachnospirales;f__Lachnospiraceae;g__[Ruminococcus]_torques_group;s__	0.7286142125156353
e5cf91c83c827fd60cdbb829297849d1	d__Bacteria;p__Bacteroidota;c__Bacteroidia;o__Bacteroidales;f__Prevotellaceae;g__Prevotella_9;s__	0.9999874368529517
a1ef9ad641c2ce4fec5715c99a2a8ea1	d__Bacteria;p__Bacteroidota;c__Bacteroidia;o__Bacteroidales;f__Prevotellaceae;g__uncultured;s__	0.9998892748531928
954539fc6255ad943f5594235a02c124	d__Bacteria;p__Bacteroidota;c__Bacteroidia;o__Bacteroidales;f__Prevotellaceae;g__Prevotella;s__	0.9700617287304629
2bd8be3df5b42f9b81cb40690e752a9a	d__Bacteria;p__Firmicutes;c__Clostridia;o__Lachnospirales;f__Lachnospiraceae;g__[Ruminococcus]_torques_group;s__	0.8339569600232222
e8b4acdff0ae4c5adc287cb2a763b175	d__Bacteria;p__Bacteroidota;c__Bacteroidia;o__Bacteroidales;f__Prevotellaceae;g__Prevotella;s__	0.9723020561453692
40fe290c1323af047db360bfbe69ee98	d__Bacteria;p__Firmicutes;c__Clostridia;o__Lachnospirales;f__Lachnospiraceae;g__[Ruminococcus]_torques_group;s__	0.8644935508064523
638cb8be84d88ab2cd57500309336845	d__Bacteria;p__Spirochaetota;c__Brachyspirae;o__Brachyspirales;f__Brachyspiraceae;g__Brachyspira;s__	0.999999597400911
fe8e3087b9f6855dbaeabab4b5eb7378	d__Bacteria;p__Bacteroidota;c__Bacteroidia;o__Bacteroidales;f__Prevotellaceae	0.9766494492478955
4c5c6002a16679f1708e133120d33916	d__Bacteria;p__Bacteroidota;c__Bacteroidia;o__Bacteroidales;f__Prevotellaceae;g__Prevotella_9;s__	0.9999371780970727
a8db88f86a28814f21801e77f9cf4e81	d__Bacteria;p__Firmicutes;c__Clostridia;o__Lachnospirales;f__Lachnospiraceae;g__[Ruminococcus]_torques_group;s__	0.8721734921868055
3b254647e9abe2a65f308272ca7d0df7	d__Bacteria;p__Firmicutes;c__Negativicutes;o__Veillonellales-Selenomonadales;f__Veillonellaceae;g__Dialister;s__	0.9940310456999213
f28d51816f75a55655c2d094a6b47b68	d__Bacteria;p__Spirochaetota;c__Brachyspirae;o__Brachyspirales;f__Brachyspiraceae;g__Brachyspira;s__	0.9999985827582758
fd249c0b58240267e39f504ce15401df	d__Bacteria;p__Bacteroidota;c__Bacteroidia;o__Bacteroidales;f__Muribaculaceae;g__Muribaculaceae;s__	0.9462063471759635
6ffbd906a1fa35fdb02fc2d0f3e1cf4d	d__Bacteria;p__Firmicutes;c__Clostridia;o__Lachnospirales;f__Lachnospiraceae;g__[Eubacterium]_hallii_group;s__	0.985593176833224
9689e8a5685751078509eb7ca5172404	d__Bacteria;p__Firmicutes;c__Clostridia;o__Lachnospirales;f__Lachnospiraceae;g__[Eubacterium]_hallii_group;s__	0.9950547254867594
e23eae2248eecaa97ccd608f7573f68f	d__Bacteria;p__Firmicutes;c__Clostridia;o__Oscillospirales;f__Ruminococcaceae;g__Subdoligranulum;s__	0.9527252585669147
7bfe49cbb4cff80abd7feb14464d68cb	d__Bacteria;p__Bacteroidota;c__Bacteroidia;o__Bacteroidales;f__Bacteroidaceae;g__Bacteroides;s__	0.9890293366419162
416016eea0ea4c9f0b3d0e60c1f83df7	d__Bacteria;p__Firmicutes;c__Clostridia;o__Lachnospirales;f__Lachnospiraceae;g__Coprococcus;s__	0.7660464177157024
7f325c881d1e10b310d3ae6337859e15	d__Bacteria;p__Firmicutes;c__Clostridia;o__Lachnospirales;f__Lachnospiraceae;g__Coprococcus;s__	0.7577165445474842
4cc4cb5777b6d108e5701f0ec6591a1d	d__Bacteria;p__Firmicutes;c__Clostridia;o__Oscillospirales;f__Ruminococcaceae;g__Subdoligranulum;s__	0.9967744470825743
4cb0b0fa6e1c5bc2fab2e6a8d03b55f2	d__Bacteria;p__Firmicutes;c__Clostridia;o__Lachnospirales;f__Lachnospiraceae;g__[Ruminococcus]_gauvreauii_group;s__	0.9022574894382315
3b21b84a517f62b014548442b39a04b3	d__Bacteria;p__Firmicutes;c__Clostridia;o__Lachnospirales;f__Lachnospiraceae;g__Coprococcus;s__	0.8494287715204554
34709d3ef8102a64f5f93e02c1a3fb3d	d__Bacteria;p__Firmicutes;c__Clostridia;o__Lachnospirales;f__Lachnospiraceae;g__[Ruminococcus]_gauvreauii_group;s__	0.7257348105042164
4618e43c028df5389347f5c56a02e886	d__Bacteria;p__Proteobacteria;c__Gammaproteobacteria;o__Burkholderiales;f__Sutterellaceae;g__Sutterella;s__	0.819413040872129
e6beda925ca7ae2921eca2b21fa2c948	d__Bacteria;p__Firmicutes;c__Clostridia;o__Lachnospirales;f__Lachnospiraceae;g__[Ruminococcus]_gauvreauii_group;s__	0.8552801646321316
50b9db0b7989344ec5272b53cf4db663	d__Bacteria;p__Firmicutes;c__Clostridia;o__Lachnospirales;f__Lachnospiraceae;g__Dorea;s__	0.9497163432443838
da60cd58e3037360fa67547cf3dcb68f	d__Bacteria;p__Firmicutes;c__Clostridia	0.7882386737745317
9b4dad15e754035c68e8c1af0705264d	d__Bacteria;p__Firmicutes;c__Clostridia;o__Lachnospirales;f__Lachnospiraceae;g__[Ruminococcus]_gauvreauii_group;s__	0.8123037903962979
d1e60636dcf5eb1e26aa60140b578136	d__Bacteria;p__Bacteroidota;c__Bacteroidia;o__Bacteroidales;f__Bacteroidaceae;g__Bacteroides;s__	0.9947856708452684
46302e324f4887abb81bccbdc0a15d62	d__Bacteria;p__Firmicutes;c__Clostridia;o__Lachnospirales;f__Lachnospiraceae	0.9991484734243891
b0005636403f9c9daaa4518d89706083	d__Bacteria;p__Bacteroidota;c__Bacteroidia;o__Bacteroidales;f__Bacteroidaceae;g__Bacteroides;s__	0.9967214997598223
53ef61e936fade16833f4505cb54a9b9	d__Bacteria;p__Firmicutes;c__Clostridia;o__Oscillospirales;f__Oscillospiraceae;g__Oscillospira;s__	0.9925947569422529
656fd770be91b5fe4e0632fda4f3c8fb	d__Bacteria;p__Firmicutes;c__Clostridia;o__Lachnospirales;f__Lachnospiraceae	0.9951240268073562
f46b655822cdb2b82a406f4dd352b256	d__Bacteria;p__Proteobacteria;c__Gammaproteobacteria;o__Enterobacterales;f__Enterobacteriaceae	0.7610071333272717
852fe531793b1106ee390828ca5033b8	d__Bacteria;p__Bacteroidota;c__Bacteroidia;o__Bacteroidales;f__Bacteroidaceae;g__Bacteroides;s__	0.9976847580154504
350b4452c5b7c629715f25e63cd6ccf6	d__Bacteria;p__Bacteroidota;c__Bacteroidia;o__Bacteroidales;f__Prevotellaceae;g__Paraprevotella;s__	0.9999877478995914
b3d4c0b6305a9a71f79f402f1b9694ce	d__Bacteria;p__Firmicutes;c__Clostridia;o__Lachnospirales;f__Lachnospiraceae;g__[Ruminococcus]_gnavus_group;s__	0.9911772415309991
ec4cb9bd0d40314544b54b237402334a	d__Bacteria;p__Firmicutes;c__Clostridia;o__Lachnospirales;f__Lachnospiraceae;g__[Ruminococcus]_gnavus_group;s__	0.9900734362405854
b893d43748ff425e475a34fe12a918f8	d__Bacteria;p__Firmicutes;c__Clostridia;o__Lachnospirales;f__Lachnospiraceae	0.9996490734511022
63d89f239cd90ad08071ab09e7bccbab	d__Bacteria;p__Firmicutes;c__Clostridia;o__Lachnospirales;f__Lachnospiraceae	0.9976526047543132
0c8f36cda96b4b066df8d52613f538ef	d__Bacteria;p__Firmicutes;c__Clostridia;o__Lachnospirales;f__Lachnospiraceae	0.9969953724393298
a22c1d1239441db44b1f51dbaf565c4a	d__Bacteria;p__Firmicutes;c__Clostridia;o__Oscillospirales;f__Ruminococcaceae;g__Fournierella;s__	0.9962638799485377
a06e682dcfdbce258ba0fc1282b27469	d__Bacteria;p__Firmicutes;c__Clostridia;o__Lachnospirales;f__Lachnospiraceae	0.9986907123808234
284bdc12a6ce80bbe40217da0c36691f	d__Bacteria;p__Firmicutes;c__Clostridia;o__Lachnospirales;f__Lachnospiraceae	0.9985012309699948
e5af0f6719f92f48fc7ea3576af1c529	d__Bacteria;p__Bacteroidota;c__Bacteroidia;o__Bacteroidales;f__Bacteroidaceae;g__Bacteroides;s__	0.9992162208410486
18458ae3e7716f97f40380c7c9a1a884	d__Bacteria;p__Firmicutes;c__Clostridia;o__Lachnospirales;f__Lachnospiraceae	0.9998430071537551
ef3b2912b6b1efae3463c890794908b4	d__Bacteria;p__Proteobacteria;c__Gammaproteobacteria;o__Enterobacterales;f__Morganellaceae;g__Morganella;s__	0.9999854568199099
a155f6f4439d15b0e4a96a18b2c0d3e7	d__Bacteria;p__Firmicutes;c__Clostridia;o__Lachnospirales;f__Lachnospiraceae	0.9995870808600695
d926dc724de951dd7d39c6e7c25a9f04	d__Bacteria;p__Firmicutes;c__Clostridia;o__Lachnospirales;f__Lachnospiraceae	0.9989438184815578
ce16ff4f2747797294d2198e7f45ecee	d__Bacteria;p__Firmicutes;c__Bacilli;o__Erysipelotrichales;f__Erysipelotrichaceae;g__Holdemania;s__	0.9909260474283951
412f6c4dc07152b4d5d321f34a1838ab	d__Bacteria;p__Firmicutes;c__Clostridia;o__Lachnospirales;f__Lachnospiraceae;g__Dorea;s__	0.7412313543451416
a7ff5d6bde22a59e2d57afeb351b69af	d__Bacteria;p__Firmicutes;c__Clostridia;o__Clostridiales;f__Clostridiaceae;g__Clostridium_sensu_stricto_1;s__	0.7808849552502064
d6d1d8b3869a4b7dcf4292c822174627	d__Bacteria;p__Firmicutes;c__Clostridia;o__Oscillospirales;f__Ruminococcaceae;g__Faecalibacterium;s__	0.999621703836949
38d0db04131587fd1a2489c8c71afbc3	d__Bacteria;p__Bacteroidota;c__Bacteroidia;o__Bacteroidales;f__Bacteroidaceae;g__Bacteroides;s__	0.9995824438982833
4f266122bedbe35d3693cb4c4bc8d64d	d__Bacteria;p__Firmicutes;c__Clostridia;o__Lachnospirales;f__Lachnospiraceae;g__Anaerostipes;s__	0.9460725215047854
333d1c09d1c3e126b08bf3591741b7d8	d__Bacteria;p__Firmicutes;c__Clostridia;o__Lachnospirales;f__Lachnospiraceae	0.9999353014558326
418a6f54cd4a8c7463b9b03a3d8f396b	d__Bacteria;p__Firmicutes;c__Clostridia;o__Lachnospirales;f__Lachnospiraceae	0.9992216287204083
5077ef05f508fb6f60e71b877b21e9e3	d__Bacteria;p__Bacteroidota;c__Bacteroidia;o__Bacteroidales;f__Bacteroidaceae;g__Bacteroides;s__	0.9816828959306536
9d8215edf6d608b0488ad31830520849	d__Bacteria;p__Firmicutes;c__Clostridia;o__Lachnospirales;f__Lachnospiraceae;g__Lachnospiraceae_UCG-004;s__	0.889126924253634
45b844fa79e1774d0be9a7e6b998dc5b	d__Bacteria;p__Firmicutes;c__Clostridia;o__Lachnospirales;f__Lachnospiraceae;g__Blautia;s__	0.7514483103686928
6e4969829dbf9f740bba791dffe96256	d__Bacteria;p__Firmicutes;c__Clostridia;o__Lachnospirales;f__Lachnospiraceae;g__Lachnospira;s__	0.9880867855949489
417937514a3267dfdc0adf2977d1784d	d__Bacteria;p__Firmicutes;c__Clostridia;o__Lachnospirales;f__Lachnospiraceae;g__Blautia;s__	0.9076153837430311
b326d824096f56b37751ffaeeb3d1f51	d__Bacteria;p__Firmicutes;c__Clostridia;o__Lachnospirales;f__Lachnospiraceae;g__Lachnospiraceae_UCG-004;s__	0.9072259762495366
0bcb579c0e081b1442fff28761201b22	d__Bacteria;p__Firmicutes;c__Clostridia;o__Lachnospirales;f__Lachnospiraceae;g__Blautia;s__	0.8822447084946072
f3ab5b3ed0fd14fea64821a0516de947	d__Bacteria;p__Firmicutes;c__Clostridia;o__Lachnospirales;f__Lachnospiraceae	0.9905843631161712
f007f85d6e6003a407f41a4b8a01bab2	d__Bacteria;p__Firmicutes;c__Clostridia;o__Lachnospirales;f__Lachnospiraceae;g__[Ruminococcus]_gnavus_group;s__	0.889392026902706
9acef0a8e8265cea8191108f26d89887	d__Bacteria;p__Actinobacteriota;c__Actinobacteria;o__Bifidobacteriales;f__Bifidobacteriaceae;g__Bifidobacterium;s__	0.9995680960837082
024833d3db673b9592bc624f17b9f859	d__Bacteria;p__Actinobacteriota;c__Actinobacteria;o__Bifidobacteriales;f__Bifidobacteriaceae;g__Bifidobacterium;s__	0.9999305526406747
c20f3f96c2b7ccda28ac365c9b50149a	d__Bacteria;p__Firmicutes;c__Clostridia;o__Oscillospirales;f__Butyricicoccaceae;g__Butyricicoccus;s__	0.9995543598564017
3ad04bc04323cca0fb6c685249054802	d__Bacteria;p__Firmicutes;c__Clostridia;o__Oscillospirales;f__Butyricicoccaceae;g__Butyricicoccus;s__	0.9993865335573184
b773bc6dc5780ad19192dd5a1e9f6881	d__Bacteria;p__Firmicutes;c__Clostridia;o__Peptostreptococcales-Tissierellales;f__Peptostreptococcaceae;g__Intestinibacter;s__	0.9681456340925807
30b05c2c28b43b94b819e1a764dab93c	d__Bacteria;p__Firmicutes;c__Clostridia;o__Lachnospirales;f__Lachnospiraceae;g__[Ruminococcus]_gnavus_group;s__	0.9898891574804468
a397ff53547d6b179c02918399dfefaf	d__Bacteria;p__Firmicutes;c__Clostridia;o__Lachnospirales;f__Lachnospiraceae;g__[Eubacterium]_hallii_group;s__	0.991040384725358
11dcca7cb62cc4d35ccfd31e677d21fc	d__Bacteria;p__Firmicutes;c__Clostridia;o__Lachnospirales;f__Lachnospiraceae;g__Blautia;s__	0.8985871561097108
b80cf3475437b28ca4b2437a6267ccf1	d__Bacteria;p__Firmicutes;c__Clostridia;o__Oscillospirales;f__Ruminococcaceae;g__Faecalibacterium;s__	0.9982344279888496
72b365950d036d023400151ae86aeeaf	d__Bacteria;p__Firmicutes;c__Clostridia;o__Lachnospirales;f__Lachnospiraceae;g__[Eubacterium]_hallii_group;s__	0.9927090352911494
09314c11caeefbe462a12d2209108442	d__Bacteria;p__Firmicutes;c__Clostridia;o__Lachnospirales;f__Lachnospiraceae;g__[Eubacterium]_hallii_group;s__	0.9965314873876678
91198575892f14915a5bf3f932566502	d__Bacteria;p__Firmicutes;c__Clostridia;o__Lachnospirales;f__Lachnospiraceae;g__Dorea;s__	0.9806895394804871
1b653176eebe2f3a6c3e6824472dd2c5	d__Bacteria;p__Firmicutes;c__Clostridia;o__Lachnospirales;f__Lachnospiraceae	0.9991886651930187
caea49885d1a62dc20276e3c225e4ce3	d__Bacteria;p__Firmicutes;c__Clostridia;o__Oscillospirales;f__Butyricicoccaceae;g__Butyricicoccus;s__	0.999921088634263
4a8fb5c145cf588f442a57a6cdafc594	d__Bacteria;p__Firmicutes;c__Clostridia;o__Lachnospirales;f__Lachnospiraceae	0.9998421404159296
76020d466843dc27e546ee2ba63f003a	d__Bacteria;p__Firmicutes;c__Clostridia;o__Oscillospirales;f__Oscillospiraceae	0.9751407688936506
3f999e1f02244454279c0f40c4c6e08e	d__Bacteria;p__Firmicutes;c__Clostridia;o__Lachnospirales;f__Lachnospiraceae;g__[Ruminococcus]_gnavus_group;s__	0.9870504310950051
d0d05822f7254179ea148e02800f8d1b	d__Bacteria;p__Firmicutes;c__Bacilli;o__Erysipelotrichales;f__Erysipelatoclostridiaceae;g__Erysipelatoclostridium;s__	0.7696217733066023
10e6f229471b8f23dbd5f299686002b9	d__Bacteria	0.9867582569790065
985b16de9c221271903e8a1bab7bc9a4	d__Bacteria;p__Firmicutes;c__Clostridia;o__Lachnospirales;f__Lachnospiraceae	0.9997074659894752
518d089ace4807d9775e0a3a174767ee	d__Bacteria;p__Proteobacteria;c__Gammaproteobacteria;o__Enterobacterales;f__Morganellaceae;g__Proteus;s__	0.9984820120476852
4cfa6d2fc190fcec10f8394e843e4631	d__Bacteria;p__Firmicutes;c__Clostridia;o__Lachnospirales;f__Lachnospiraceae	0.9923304956002915
1857e1a52d568d2dd26397474e8be0bb	d__Bacteria;p__Firmicutes;c__Clostridia;o__Lachnospirales;f__Lachnospiraceae	0.9932918697634698
2a91aae95de1a1ad6435627d8f317b88	d__Bacteria;p__Firmicutes;c__Clostridia;o__Oscillospirales;f__Ruminococcaceae;g__Faecalibacterium;s__	0.9993408241498365
03ee1ebec6b70b3318fcabe2506adcda	d__Bacteria;p__Firmicutes;c__Clostridia;o__Lachnospirales;f__Lachnospiraceae;g__[Ruminococcus]_gnavus_group;s__	0.9385063954834694
3027d8a1a9a17f44c92842b8ba5b244f	d__Bacteria;p__Firmicutes;c__Clostridia;o__Lachnospirales;f__Lachnospiraceae;g__Dorea;s__	0.95960187276571
79c3499c5cff3eb847e09447d08a7176	d__Bacteria;p__Bacteroidota;c__Bacteroidia;o__Bacteroidales;f__Bacteroidaceae;g__Bacteroides;s__	0.9965611889998941
ed2be277360f977d0f669685864b513b	d__Bacteria;p__Firmicutes;c__Clostridia;o__Lachnospirales;f__Lachnospiraceae;g__Dorea;s__	0.9494528252842868
d692c11f3e1ffcfebe27a9985a6ba07f	d__Bacteria;p__Firmicutes;c__Negativicutes;o__Veillonellales-Selenomonadales;f__Veillonellaceae;g__Megasphaera;s__	0.9999778830162296
fd21541fc2e79ed06d3a4b83789a7430	d__Bacteria;p__Firmicutes;c__Negativicutes;o__Acidaminococcales;f__Acidaminococcaceae;g__Phascolarctobacterium;s__	0.9978732355618456
a2d22b387b45b7a34aa91c9096d7d48b	d__Bacteria;p__Firmicutes;c__Clostridia;o__Lachnospirales;f__Lachnospiraceae	0.998557294906426
26248d47d6021cd2d430ec88b68569f8	d__Bacteria;p__Firmicutes;c__Clostridia;o__Lachnospirales;f__Lachnospiraceae	0.9840221903317368
1f622e1ad1657fa8b728e4f2f9730619	d__Bacteria;p__Firmicutes;c__Clostridia;o__Lachnospirales;f__Lachnospiraceae	0.99851721124681
e80513fff7951b844e0d883f16ef660e	d__Bacteria;p__Firmicutes;c__Clostridia;o__Oscillospirales;f__Ruminococcaceae;g__uncultured;s__	0.7909040004756194
